accident_month,accident_dow,accident_hour,shutdown_duration_hrs,has_evacuation,has_injury,has_fatality,log_net_loss,log_unintentional_release,log_all_costs,recovery_rate,cost_per_barrel,Pipeline Type,region,Cause Category
1,4,7,0.0,0,0,0,3.091042453358316,3.091042453358316,7.395107546562485,0.0,4.316881869201283,ABOVEGROUND,Midwest,INCORRECT OPERATION
1,0,8,0.0,0,0,0,0.0,0.11332868530700317,8.296297112642508,0.10714285714285712,8.296297112642508,ABOVEGROUND,Northeast,MATERIAL/WELD/EQUIP FAILURE
1,1,10,0.0,0,0,0,1.0986122886681098,1.0986122886681098,5.303304908059076,0.0,4.214593690373678,ABOVEGROUND,South,MATERIAL/WELD/EQUIP FAILURE
1,2,19,0.0,0,0,0,0.0,0.3920420877760237,9.353661191420406,0.32432432432432434,9.353661191420406,UNDERGROUND,Midwest,NATURAL FORCE DAMAGE
1,3,13,0.0,0,0,0,1.0986122886681098,6.55250788703459,10.297251130669952,0.9957203994293866,9.198706291077816,UNDERGROUND,South,EXCAVATION DAMAGE
1,4,23,105.6,0,0,0,7.71333788887187,8.23880116587155,15.249336195949288,0.40871862615587845,7.5365314549060525,UNDERGROUND,Midwest,MATERIAL/WELD/EQUIP FAILURE
1,5,0,0.0,0,0,0,1.791759469228055,3.58351893845611,11.161962746590705,0.8333333333333334,9.370274296559169,TANK,South,MATERIAL/WELD/EQUIP FAILURE
1,5,1,0.0,0,0,0,0.2151113796169455,0.2151113796169455,6.025865973825314,0.0,5.811334136386282,ABOVEGROUND,South,NATURAL FORCE DAMAGE
1,6,19,0.0,0,0,0,0.0,0.33647223662121295,10.605024440869697,0.28571428571428575,10.605024440869697,ABOVEGROUND,South,MATERIAL/WELD/EQUIP FAILURE
1,0,14,0.0,0,0,0,0.0,0.3920420877760237,10.310651217279874,0.32432432432432434,10.310651217279874,TANK,South,ALL OTHER CAUSES
1,0,14,96.25,0,0,0,7.71333788887187,7.71333788887187,12.017294288392847,0.0,4.317374910822899,UNDERGROUND,South,NATURAL FORCE DAMAGE
1,0,14,7.216666666666667,0,0,0,0.0,1.3862943611198906,12.78624707743015,0.75,12.78624707743015,UNDERGROUND,South,MATERIAL/WELD/EQUIP FAILURE
1,0,15,46.833333333333336,0,0,0,0.6931471805599453,1.0986122886681098,9.405166749908611,0.3333333333333333,8.712101863715663,UNDERGROUND,Midwest,CORROSION
1,0,23,0.0,0,0,0,1.0986122886681098,3.9889840465642745,10.54141267859585,0.9444444444444444,9.44285322729434,TANK,South,NATURAL FORCE DAMAGE
1,1,10,48.0,0,0,0,0.0,3.091042453358316,9.920049640835106,0.9545454545454546,9.920049640835106,ABOVEGROUND,South,CORROSION
1,1,14,0.0,0,0,0,0.0,0.173953307123438,10.389026137075234,0.1596638655462185,10.389026137075234,ABOVEGROUND,Midwest,INCORRECT OPERATION
1,1,19,187.43333333333334,1,0,0,6.100318952020064,6.100318952020064,14.738822979971117,0.0,8.638680766848784,UNDERGROUND,South,MATERIAL/WELD/EQUIP FAILURE
1,2,7,0.0,0,0,0,1.501852701754163,1.501852701754163,5.541263545158426,0.0,4.053004306726512,ABOVEGROUND,South,NATURAL FORCE DAMAGE
1,2,13,0.0,0,0,0,0.0,1.9459101490553132,10.325645883585953,0.8571428571428571,10.325645883585953,TANK,South,MATERIAL/WELD/EQUIP FAILURE
1,2,15,0.0,0,0,0,0.3920420877760237,0.3920420877760237,11.10766033686473,0.0,10.715625447623085,ABOVEGROUND,Midwest,INCORRECT OPERATION
1,3,13,0.0,0,0,0,0.039220713153281295,0.2151113796169455,11.225483363723054,0.16129032258064518,11.186263183774996,ABOVEGROUND,Northeast,NATURAL FORCE DAMAGE
1,4,7,0.0,0,0,0,0.0,0.6931471805599453,15.336117475270969,0.5,15.336117475270969,ABOVEGROUND,West,OTHER OUTSIDE FORCE DAMAGE
1,4,15,19.833333333333332,0,0,0,1.3862943611198906,1.791759469228055,8.263848131368906,0.3333333333333333,6.878326468291325,UNDERGROUND,Midwest,CORROSION
1,0,10,0.0,0,0,0,1.0986122886681098,1.0986122886681098,7.00397413672268,0.0,5.907176730585393,TANK,Midwest,MATERIAL/WELD/EQUIP FAILURE
1,1,13,0.0,0,0,0,0.636576829071551,1.0260415958332743,10.165890277802454,0.3225806451612903,9.529347677597803,ABOVEGROUND,West,MATERIAL/WELD/EQUIP FAILURE
1,1,20,13.483333333333333,0,0,0,0.6931471805599453,1.3862943611198906,10.74043200084384,0.5,10.047306471632233,UNDERGROUND,Midwest,MATERIAL/WELD/EQUIP FAILURE
1,3,9,0.0,0,0,0,0.0,1.0986122886681098,8.962904128092928,0.6666666666666666,8.962904128092928,TANK,West,MATERIAL/WELD/EQUIP FAILURE
1,3,12,8.083333333333334,0,0,0,0.0,2.048982334195127,12.20892357775816,0.8711340206185567,12.20892357775816,ABOVEGROUND,South,NATURAL FORCE DAMAGE
1,3,18,0.0,0,0,0,0.0,0.5364933705145685,7.937731775260109,0.4152046783625731,7.937731775260109,ABOVEGROUND,South,MATERIAL/WELD/EQUIP FAILURE
1,4,12,0.0,0,0,0,0.0,0.7884573603642702,9.090204570736201,0.5454545454545454,9.090204570736201,ABOVEGROUND,Midwest,INCORRECT OPERATION
1,6,12,0.0,0,0,0,0.6931471805599453,0.6931471805599453,7.650168700845001,0.0,6.957497370876951,TANK,Midwest,MATERIAL/WELD/EQUIP FAILURE
1,0,11,38.3,0,0,0,0.0,5.313205979041787,13.410546824147012,0.9950738916256158,13.410546824147012,ABOVEGROUND,South,MATERIAL/WELD/EQUIP FAILURE
1,2,15,0.0,0,0,0,0.4700036292457355,0.4700036292457355,11.00319923664754,0.0,10.533205596364,TANK,South,ALL OTHER CAUSES
1,3,11,6.916666666666667,0,0,0,2.0794415416798357,3.044522437723423,9.321076413570848,0.6190476190476191,7.242261298149807,ABOVEGROUND,Midwest,OTHER OUTSIDE FORCE DAMAGE
2,1,8,0.0,0,0,0,1.791759469228055,2.772588722239781,8.77971129020447,0.625,6.988720637805241,ABOVEGROUND,Midwest,MATERIAL/WELD/EQUIP FAILURE
2,3,15,0.0,0,0,0,0.04879016416943201,0.2151113796169455,8.416709652837914,0.1532258064516129,8.367930545661755,ABOVEGROUND,Midwest,NATURAL FORCE DAMAGE
2,5,11,0.0,0,0,0,0.8458682675776092,1.3862943611198906,8.476579508530941,0.4175,7.630988228208482,ABOVEGROUND,Midwest,MATERIAL/WELD/EQUIP FAILURE
2,0,12,46.03333333333333,0,0,0,1.791759469228055,1.791759469228055,12.848981238461693,0.0,11.05723491317159,UNDERGROUND,South,MATERIAL/WELD/EQUIP FAILURE
2,1,10,0.0,0,0,0,0.0,0.49469624183610705,6.85751406254539,0.39024390243902435,6.85751406254539,UNDERGROUND,South,MATERIAL/WELD/EQUIP FAILURE
2,1,15,0.0,0,0,0,0.0,0.5364933705145685,8.59007183682881,0.4152046783625731,8.59007183682881,ABOVEGROUND,Midwest,NATURAL FORCE DAMAGE
2,1,7,0.0,0,0,0,0.0,0.11332868530700317,10.32600641521012,0.10714285714285712,10.32600641521012,ABOVEGROUND,Midwest,MATERIAL/WELD/EQUIP FAILURE
2,2,17,0.0,0,0,0,0.0,0.11332868530700317,7.323170717943469,0.10714285714285712,7.323170717943469,TANK,Midwest,MATERIAL/WELD/EQUIP FAILURE
2,4,6,7.0,0,0,0,0.0,0.6678293725756554,9.746892220313054,0.48717948717948717,9.746892220313054,ABOVEGROUND,Northeast,MATERIAL/WELD/EQUIP FAILURE
2,5,6,16.916666666666668,0,0,0,1.0986122886681098,2.1972245773362196,11.44586643668829,0.6666666666666666,10.347275534963451,UNDERGROUND,South,MATERIAL/WELD/EQUIP FAILURE
2,6,12,0.0,0,0,0,0.0,2.302585092994046,9.769155839740836,0.9,9.769155839740836,UNDERGROUND,South,CORROSION
2,0,10,0.0,0,0,0,0.6931471805599453,0.6931471805599453,10.198430699466112,0.0,9.505320746909074,UNDERGROUND,South,CORROSION
2,0,10,0.0,0,0,0,0.5364933705145685,0.5364933705145685,9.081483749851179,0.0,8.545071140493494,ABOVEGROUND,West,INCORRECT OPERATION
2,1,23,0.0,0,0,0,3.367295829986474,3.367295829986474,11.767629696924804,0.0,8.400550884192052,ABOVEGROUND,Midwest,INCORRECT OPERATION
2,3,4,598.1166666666667,1,0,0,9.526537012326164,9.526537012326164,14.28538105334809,0.0,4.767382376996611,UNDERGROUND,South,INCORRECT OPERATION
2,3,10,0.0,0,0,0,0.0,0.4382549309311553,9.677276802172448,0.3548387096774194,9.677276802172448,UNDERGROUND,South,MATERIAL/WELD/EQUIP FAILURE
3,0,8,5.8,0,0,0,1.0986122886681098,5.293304824724492,9.681530796701484,0.9849246231155779,8.583043351978604,UNDERGROUND,South,CORROSION
3,0,9,2.7666666666666666,0,0,0,0.0,1.3862943611198906,9.856448354530341,0.75,9.856448354530341,ABOVEGROUND,Midwest,INCORRECT OPERATION
3,0,11,86.15,0,0,0,1.3837912309017721,1.3837912309017721,8.163656176168432,0.0,6.780716192081403,ABOVEGROUND,Midwest,ALL OTHER CAUSES
3,2,22,0.0,0,0,0,0.4054651081081644,0.4054651081081644,6.651571873589727,0.0,6.246752551748759,,Other/Territory,MATERIAL/WELD/EQUIP FAILURE
3,3,5,2.0,0,0,0,0.5877866649021191,2.1838015570040787,11.082157933374816,0.7972972972972974,10.494383575899922,ABOVEGROUND,South,MATERIAL/WELD/EQUIP FAILURE
3,3,23,11.0,0,0,0,0.27002713721306015,0.27002713721306015,9.51745735706657,0.0,9.247453022094458,ABOVEGROUND,South,MATERIAL/WELD/EQUIP FAILURE
3,0,11,0.0,0,0,0,0.6931471805599453,4.442651256490317,9.33149549353265,0.9764705882352941,8.638436898701602,ABOVEGROUND,Midwest,MATERIAL/WELD/EQUIP FAILURE
3,0,11,0.0,0,0,0,4.543294782270004,5.1298987149230735,11.357685859144864,0.4437869822485207,6.815476669534077,TANK,Midwest,NATURAL FORCE DAMAGE
3,1,11,0.0,0,0,0,0.4054651081081644,0.6931471805599453,8.525161361065415,0.25,8.119795454385832,UNDERGROUND,South,MATERIAL/WELD/EQUIP FAILURE
3,1,14,0.0,0,0,0,0.6678293725756554,0.6931471805599453,10.168348697202207,0.025,9.500555771305542,UNDERGROUND,South,MATERIAL/WELD/EQUIP FAILURE
3,3,10,0.0,0,0,0,0.0,0.5596157879354227,8.9947928972836,0.42857142857142855,8.9947928972836,UNDERGROUND,Midwest,NATURAL FORCE DAMAGE
3,6,22,65.16666666666667,0,0,0,4.2626798770413155,4.7535901911063645,13.1452025661483,0.3879310344827586,8.882659518496586,ABOVEGROUND,Midwest,NATURAL FORCE DAMAGE
3,0,9,0.0,0,0,0,0.11332868530700317,0.11332868530700317,6.641182169740591,0.0,6.528010130127457,TANK,South,MATERIAL/WELD/EQUIP FAILURE
3,0,10,0.0,0,0,0,0.0,1.0986122886681098,7.057036981697891,0.6666666666666666,7.057036981697891,ABOVEGROUND,West,MATERIAL/WELD/EQUIP FAILURE
3,0,15,2.5,0,0,0,0.4700036292457355,0.4700036292457355,9.349928386183237,0.0,8.879976938564361,UNDERGROUND,South,MATERIAL/WELD/EQUIP FAILURE
3,1,11,38.0,0,0,0,3.7814586354070294,3.8918202981106265,13.081543466215237,0.10448979591836735,9.300174159965461,UNDERGROUND,West,CORROSION
3,3,15,0.0,0,0,0,0.0,2.0794415416798357,10.896757843893464,0.875,10.896757843893464,UNDERGROUND,South,CORROSION
3,5,12,76.11666666666666,0,0,0,0.0,5.484796933490655,9.729193687429403,0.995850622406639,9.729193687429403,UNDERGROUND,West,CORROSION
3,6,1,71.25,0,0,0,0.0,4.51085950651685,11.973516181427835,0.989010989010989,11.973516181427835,ABOVEGROUND,Midwest,MATERIAL/WELD/EQUIP FAILURE
3,0,13,0.0,0,0,0,0.0,0.3852624007906449,11.5714867831684,0.31972789115646255,11.5714867831684,ABOVEGROUND,South,MATERIAL/WELD/EQUIP FAILURE
3,1,14,0.0,0,0,0,0.0,0.8544153281560676,8.470939806898775,0.574468085106383,8.470939806898775,UNDERGROUND,South,CORROSION
3,1,18,2.933333333333333,0,0,0,0.0,0.2151113796169455,8.166500319155052,0.1935483870967742,8.166500319155052,ABOVEGROUND,South,MATERIAL/WELD/EQUIP FAILURE
3,2,8,0.0,0,0,0,0.0,0.22314355131420976,7.208600337960199,0.2,7.208600337960199,ABOVEGROUND,South,MATERIAL/WELD/EQUIP FAILURE
3,2,13,0.0,0,0,0,0.0,0.3852624007906449,8.346642090221199,0.31972789115646255,8.346642090221199,ABOVEGROUND,South,MATERIAL/WELD/EQUIP FAILURE
3,3,13,70.0,0,0,0,0.6931471805599453,7.438971592395862,11.51293546492023,0.9988242210464433,10.819798284210286,ABOVEGROUND,Northeast,MATERIAL/WELD/EQUIP FAILURE
3,3,17,865.1666666666666,0,0,0,1.9021075263969205,1.9021075263969205,14.604540935940772,0.0,12.702435998965377,,Other/Territory,OTHER OUTSIDE FORCE DAMAGE
3,4,13,1.0,0,0,0,0.10436001532424277,0.5364933705145685,10.31091739595388,0.3508771929824561,10.20656104009265,ABOVEGROUND,South,INCORRECT OPERATION
3,5,22,0.0,0,0,0,4.564348191467836,5.659482215759621,12.987690762404629,0.6655052264808362,8.423559938117721,ABOVEGROUND,South,INCORRECT OPERATION
3,0,10,7.75,0,0,0,0.0,0.4700036292457355,9.688498165477787,0.37499999999999994,9.688498165477787,ABOVEGROUND,South,CORROSION
3,0,18,41.28333333333333,0,0,0,0.0,3.713572066704308,11.655214645968547,0.975609756097561,11.655214645968547,UNDERGROUND,Midwest,EXCAVATION DAMAGE
3,1,14,75.21666666666667,1,0,0,6.48768401848461,6.48768401848461,11.613684409620816,0.0,5.131914100912725,UNDERGROUND,Midwest,NATURAL FORCE DAMAGE
3,2,9,0.0,0,0,0,0.0,0.7884573603642702,11.72316207897476,0.5454545454545454,11.72316207897476,UNDERGROUND,South,NATURAL FORCE DAMAGE
4,5,14,3.9833333333333334,0,0,0,0.0,3.044522437723423,12.150776614026197,0.9523809523809523,12.150776614026197,ABOVEGROUND,Midwest,CORROSION
4,0,7,0.0,0,0,0,0.0,0.11332868530700317,8.98882050177807,0.10714285714285712,8.98882050177807,UNDERGROUND,South,MATERIAL/WELD/EQUIP FAILURE
4,0,9,0.0,0,0,0,0.0,0.0,15.201805169084134,0.0,15.201805169084134,UNDERGROUND,West,INCORRECT OPERATION
4,0,23,12.0,0,0,0,0.0,1.3862943611198906,8.96392819372262,0.75,8.96392819372262,ABOVEGROUND,South,MATERIAL/WELD/EQUIP FAILURE
4,0,23,3797.05,0,0,0,5.375278407684165,5.993961427306569,16.44981381916867,0.4613466334164589,11.074550841691044,UNDERGROUND,South,EXCAVATION DAMAGE
4,2,1,0.0,0,0,0,0.0,1.6094379124341003,11.517962756487497,0.8,11.517962756487497,ABOVEGROUND,South,MATERIAL/WELD/EQUIP FAILURE
4,2,10,0.0,0,0,0,0.0,0.5364933705145685,10.507557587511348,0.4152046783625731,10.507557587511348,UNDERGROUND,South,MATERIAL/WELD/EQUIP FAILURE
4,3,18,15.533333333333333,0,0,0,0.15700374880966475,0.2151113796169455,3.332204510175204,0.05645161290322581,3.1812538330786166,ABOVEGROUND,Midwest,NATURAL FORCE DAMAGE
4,4,14,0.0,0,0,0,0.0,0.3074846997479606,7.484930283289661,0.2647058823529412,7.484930283289661,TANK,South,MATERIAL/WELD/EQUIP FAILURE
4,5,18,324.3,0,0,0,0.019802627296179712,0.019802627296179712,12.03115362225296,0.0,12.011351114071749,UNDERGROUND,South,MATERIAL/WELD/EQUIP FAILURE
4,0,16,0.0,0,0,0,0.0,1.7509374747078,10.34238743673053,0.8263888888888888,10.34238743673053,ABOVEGROUND,South,MATERIAL/WELD/EQUIP FAILURE
4,1,12,0.0,0,1,0,0.0,0.009950330853168083,10.469653271335284,0.009900990099009901,10.469653271335284,UNDERGROUND,Midwest,INCORRECT OPERATION
4,1,12,0.0,0,0,0,0.0,0.09531017980432487,11.542192962650796,0.09090909090909091,11.542192962650796,UNDERGROUND,South,MATERIAL/WELD/EQUIP FAILURE
4,2,11,0.0,0,0,0,0.0,0.6097655716208943,8.534443544822764,0.4565217391304348,8.534443544822764,UNDERGROUND,South,CORROSION
4,3,20,3.4166666666666665,0,0,0,0.0,2.772588722239781,9.918425424900335,0.9375,9.918425424900335,TANK,South,CORROSION
4,4,8,0.0,0,0,0,0.0,0.6830968447064438,8.517393171418904,0.494949494949495,8.517393171418904,UNDERGROUND,Midwest,MATERIAL/WELD/EQUIP FAILURE
4,4,9,0.0,0,0,0,0.11332868530700317,0.11332868530700317,7.828038032125829,0.0,7.714757154440964,ABOVEGROUND,South,MATERIAL/WELD/EQUIP FAILURE
4,5,19,24.166666666666668,0,0,0,0.6931471805599453,1.791759469228055,13.781282401234831,0.6666666666666666,13.08813625549503,UNDERGROUND,Midwest,MATERIAL/WELD/EQUIP FAILURE
4,1,14,21.933333333333334,0,0,0,0.0,3.258096538021482,11.86833160431674,0.9615384615384616,11.86833160431674,UNDERGROUND,Midwest,MATERIAL/WELD/EQUIP FAILURE
4,4,16,145.35,1,0,0,7.414572881350589,7.4205789054108005,13.262838109163027,0.005988023952095809,5.851144241045504,UNDERGROUND,Midwest,EXCAVATION DAMAGE
4,5,19,0.0,0,0,0,0.0,2.6390573296152584,10.763948399449612,0.9285714285714286,10.763948399449612,UNDERGROUND,South,OTHER OUTSIDE FORCE DAMAGE
4,6,9,12.05,0,0,0,2.5649493574615367,4.5217885770490405,13.914421519891844,0.8586956521739131,11.349483032251516,ABOVEGROUND,Midwest,MATERIAL/WELD/EQUIP FAILURE
4,0,9,0.0,0,0,0,0.5596157879354227,0.6931471805599453,9.481206851499401,0.125,8.921648265802508,TANK,Midwest,MATERIAL/WELD/EQUIP FAILURE
4,0,10,32.166666666666664,0,0,0,0.6931471805599453,3.1354942159291497,11.438815954353785,0.9130434782608695,10.745679542983188,UNDERGROUND,West,CORROSION
4,0,10,4.316666666666666,0,0,0,1.0986122886681098,1.0986122886681098,11.675503392727572,0.0,10.57690810291204,UNDERGROUND,Midwest,MATERIAL/WELD/EQUIP FAILURE
4,0,12,0.0,0,0,0,0.0,1.3862943611198906,10.270939218446076,0.75,10.270939218446076,TANK,South,CORROSION
4,1,14,82.0,0,0,0,0.09531017980432487,0.22314355131420976,11.266884251677522,0.12,11.171575350824662,ABOVEGROUND,South,MATERIAL/WELD/EQUIP FAILURE
4,2,12,0.0,0,0,0,0.4700036292457355,0.4700036292457355,8.428580533059634,0.0,7.958708014099688,ABOVEGROUND,South,CORROSION
4,2,12,0.0,0,0,0,0.3074846997479606,0.3074846997479606,10.374459462846412,0.0,10.066986002147404,UNDERGROUND,Midwest,MATERIAL/WELD/EQUIP FAILURE
4,3,9,52.516666666666666,0,0,0,6.647688373563329,6.647688373563329,11.447084763029794,0.0,4.807586791905149,UNDERGROUND,Midwest,EXCAVATION DAMAGE
4,3,17,0.0,0,0,0,0.0,0.5364933705145685,10.069340916622775,0.4152046783625731,10.069340916622775,ABOVEGROUND,Northeast,MATERIAL/WELD/EQUIP FAILURE
4,4,7,0.0,0,0,0,0.04879016416943201,0.6931471805599453,7.496097345175956,0.475,7.447334942975405,TANK,South,INCORRECT OPERATION
5,1,22,0.0,0,0,0,0.0,1.0986122886681098,9.818800744368934,0.6666666666666666,9.818800744368934,ABOVEGROUND,West,MATERIAL/WELD/EQUIP FAILURE
5,4,13,0.0,0,0,0,0.0,1.9095425048844386,10.584536847897937,0.8518518518518519,10.584536847897937,UNDERGROUND,West,CORROSION
5,0,8,6.0,0,0,0,0.0,3.713572066704308,8.537191877922927,0.975609756097561,8.537191877922927,ABOVEGROUND,Midwest,MATERIAL/WELD/EQUIP FAILURE
5,0,18,0.0,0,0,0,0.9242589015233319,1.0986122886681098,10.841559345471941,0.16,9.917330188521008,UNDERGROUND,West,CORROSION
5,2,10,0.0,0,0,0,0.4252677354043441,0.4252677354043441,6.714170529909472,0.0,6.289545791621662,ABOVEGROUND,South,MATERIAL/WELD/EQUIP FAILURE
5,6,0,2.3333333333333335,0,0,0,0.0,2.302585092994046,9.339261152043022,0.9,9.339261152043022,ABOVEGROUND,South,MATERIAL/WELD/EQUIP FAILURE
5,6,2,0.0,0,0,0,0.0,4.836281906951478,14.446430145135055,0.9920634920634921,14.446430145135055,TANK,South,NATURAL FORCE DAMAGE
5,6,6,0.0,0,0,0,0.6931471805599453,1.3862943611198906,10.06798452441753,0.5,9.37487975897434,ABOVEGROUND,South,MATERIAL/WELD/EQUIP FAILURE
5,6,14,0.0,0,0,0,0.6931471805599453,2.6390573296152584,12.178634642802677,0.8571428571428571,11.485492601318983,TANK,South,MATERIAL/WELD/EQUIP FAILURE
5,0,7,0.0,0,0,0,0.4054651081081644,4.2626798770413155,7.244941546337007,0.9788732394366197,6.839833262496678,TANK,South,MATERIAL/WELD/EQUIP FAILURE
5,2,10,0.0,0,0,0,0.6931471805599453,0.6931471805599453,8.834773814213882,0.0,8.14177220465645,ABOVEGROUND,South,MATERIAL/WELD/EQUIP FAILURE
5,2,14,0.0,0,0,0,0.3074846997479606,0.32208349916911333,9.906034306802704,0.014492753623188408,9.598567561110317,TANK,Northeast,MATERIAL/WELD/EQUIP FAILURE
5,3,10,81.33333333333333,0,0,0,1.62924053973028,1.62924053973028,11.156264806643742,0.0,9.52708283579012,UNDERGROUND,South,CORROSION
5,3,15,23.866666666666667,0,0,0,0.0,0.6931471805599453,12.628709472146657,0.5,12.628709472146657,TRANSITION AREA,Northeast,CORROSION
5,3,16,0.0,0,0,0,0.11332868530700317,0.11332868530700317,9.306831672164943,0.0,9.193513883012143,UNDERGROUND,Midwest,CORROSION
5,3,17,0.0,0,0,0,0.0,2.3978952727983707,13.867208870320972,0.9090909090909091,13.867208870320972,UNDERGROUND,Midwest,MATERIAL/WELD/EQUIP FAILURE
5,4,13,139.0,0,0,0,0.10436001532424277,0.10436001532424277,12.242929991206264,0.0,12.13857050597937,UNDERGROUND,Midwest,MATERIAL/WELD/EQUIP FAILURE
5,6,6,1.75,0,0,0,0.0,1.6094379124341003,9.20693457884135,0.8,9.20693457884135,UNDERGROUND,South,CORROSION
5,0,9,0.0,0,0,0,0.0,1.7047480922384253,10.146472946063877,0.8181818181818182,10.146472946063877,ABOVEGROUND,South,MATERIAL/WELD/EQUIP FAILURE
5,1,11,77.66666666666667,0,0,0,7.02108396428914,7.855932199718614,17.180666202835802,0.5660596667958155,10.159620906675995,TANK,West,INCORRECT OPERATION
5,2,19,0.5,0,0,0,1.62924053973028,1.7404661748405046,8.53050420547591,0.10526315789473684,6.902072495846639,ABOVEGROUND,West,MATERIAL/WELD/EQUIP FAILURE
5,3,3,8.5,0,0,0,0.8372475245337022,0.8372475245337022,8.560444233410552,0.0,7.723447587191651,ABOVEGROUND,South,MATERIAL/WELD/EQUIP FAILURE
5,3,8,0.0,0,0,0,1.791759469228055,2.3978952727983707,9.367429587218957,0.45454545454545453,7.576097340623111,ABOVEGROUND,Midwest,MATERIAL/WELD/EQUIP FAILURE
5,3,12,0.0,0,0,0,0.3074846997479606,0.3074846997479606,9.159047077588632,0.0,8.851600271859526,UNDERGROUND,South,CORROSION
5,3,13,7.633333333333334,0,0,0,0.6931471805599453,0.6931471805599453,8.469262657658687,0.0,7.77632527464488,UNDERGROUND,Midwest,EXCAVATION DAMAGE
5,3,15,0.0,0,0,0,0.0,0.6043159668533296,8.517393171418904,0.45355191256830596,8.517393171418904,ABOVEGROUND,South,MATERIAL/WELD/EQUIP FAILURE
5,5,12,97.63333333333334,1,0,0,7.02197642307216,7.660114319173928,14.491128495131495,0.4717247879359095,7.469721812644395,UNDERGROUND,Midwest,MATERIAL/WELD/EQUIP FAILURE
5,5,14,0.0,0,0,0,0.22314355131420976,1.0986122886681098,5.017279836814924,0.5833333333333334,4.795790545596741,ABOVEGROUND,South,MATERIAL/WELD/EQUIP FAILURE
5,5,17,2.9166666666666665,0,0,0,0.0,4.454347296253507,11.170449240431308,0.9883720930232558,11.170449240431308,ABOVEGROUND,South,MATERIAL/WELD/EQUIP FAILURE
5,0,10,14.016666666666667,0,0,0,0.0,0.8285518175661483,10.001475960864331,0.5633187772925764,10.001475960864331,UNDERGROUND,South,CORROSION
6,1,10,6145.416666666667,0,0,0,2.1972245773362196,6.2324480165505225,11.918397239722838,0.9823182711198428,9.721225993942246,UNDERGROUND,West,CORROSION
6,1,12,199.23333333333332,0,0,0,0.6931471805599453,0.6931471805599453,5.017279836814924,0.0,4.330733340286331,UNDERGROUND,South,EXCAVATION DAMAGE
6,3,19,118.28333333333333,0,0,0,8.437933510430605,8.437933510430605,12.625647737956678,0.0,4.2027778580055095,UNDERGROUND,South,CORROSION
6,3,20,18.9,0,0,0,2.4849066497880004,2.4849066497880004,7.5256399750415355,0.0,5.0466457316192885,ABOVEGROUND,South,MATERIAL/WELD/EQUIP FAILURE
6,4,11,5.083333333333333,0,0,0,1.0647107369924282,1.0647107369924282,9.528212115591021,0.0,8.463639631302927,ABOVEGROUND,Midwest,MATERIAL/WELD/EQUIP FAILURE
6,5,10,9.233333333333333,0,0,0,0.0,1.0986122886681098,11.923437814299906,0.6666666666666666,11.923437814299906,UNDERGROUND,South,MATERIAL/WELD/EQUIP FAILURE
6,0,8,79.48333333333333,0,0,0,0.0,0.6931471805599453,9.217415285648144,0.5,9.217415285648144,ABOVEGROUND,Midwest,MATERIAL/WELD/EQUIP FAILURE
6,0,12,17.383333333333333,0,0,0,0.0,0.09531017980432487,12.567463949935082,0.09090909090909091,12.567463949935082,UNDERGROUND,Midwest,MATERIAL/WELD/EQUIP FAILURE
6,1,10,3.7666666666666666,0,0,0,2.4595888418037104,2.4595888418037104,6.665683717782408,0.0,4.219633388579779,ABOVEGROUND,South,MATERIAL/WELD/EQUIP FAILURE
6,1,15,28.083333333333332,0,0,0,0.0,0.6931471805599453,12.706850963741102,0.5,12.706850963741102,UNDERGROUND,Midwest,MATERIAL/WELD/EQUIP FAILURE
6,1,15,48.916666666666664,0,0,0,0.009950330853168083,1.3862943611198906,11.242034955158283,0.7475,11.232084755418258,ABOVEGROUND,South,MATERIAL/WELD/EQUIP FAILURE
6,2,8,0.0,0,0,0,2.3532782073095637,2.4706386779902956,10.199360984014199,0.11073541842772612,7.846436801659653,ABOVEGROUND,South,MATERIAL/WELD/EQUIP FAILURE
6,2,22,35.96666666666667,0,0,0,1.3862943611198906,1.3862943611198906,9.713234625415893,0.0,8.327121681162222,ABOVEGROUND,South,MATERIAL/WELD/EQUIP FAILURE
6,3,4,0.0,0,0,0,0.4054651081081644,0.4054651081081644,7.838737559599282,0.0,7.433469515241878,ABOVEGROUND,South,MATERIAL/WELD/EQUIP FAILURE
6,4,7,0.0,0,0,0,0.11332868530700317,0.3074846997479606,8.922791623969637,0.17647058823529413,8.80947893640162,UNDERGROUND,West,CORROSION
6,4,19,0.0,0,0,0,0.0,1.1346227261911428,10.187989573981278,0.6784565916398714,10.187989573981278,UNDERGROUND,South,CORROSION
6,5,7,217.38333333333333,0,0,0,3.1354942159291497,6.68586094706836,17.288524319038412,0.9712858926342073,14.153030785623667,UNDERGROUND,West,OTHER OUTSIDE FORCE DAMAGE
6,5,12,0.0,0,0,0,1.0986122886681098,1.9459101490553132,9.228278517107196,0.5714285714285714,8.129862653503556,ABOVEGROUND,South,MATERIAL/WELD/EQUIP FAILURE
6,0,4,0.0,0,0,0,0.6312717768418579,0.6931471805599453,9.358674166481876,0.06,8.727478255371503,TANK,South,ALL OTHER CAUSES
6,0,13,0.0,0,0,0,1.791759469228055,3.4339872044851463,10.722738609891799,0.8064516129032258,8.931089325002254,TANK,West,INCORRECT OPERATION
6,2,9,0.0,0,0,0,0.173953307123438,0.173953307123438,0.0,0.0,0.0,ABOVEGROUND,South,ALL OTHER CAUSES
6,2,11,7.916666666666667,0,0,0,0.1310282624064041,0.1310282624064041,8.51959031601596,0.0,8.38858998618033,ABOVEGROUND,South,MATERIAL/WELD/EQUIP FAILURE
6,2,12,0.0,0,0,0,0.0,1.2178757094949273,10.322789817432314,0.7041420118343196,10.322789817432314,ABOVEGROUND,Midwest,MATERIAL/WELD/EQUIP FAILURE
6,2,12,11.383333333333333,0,0,0,0.2151113796169455,0.2151113796169455,11.277595459541718,0.0,11.062487116703196,UNDERGROUND,South,MATERIAL/WELD/EQUIP FAILURE
6,2,12,4.233333333333333,0,0,0,0.0,1.6992786164338898,10.664246651506094,0.8171846435100548,10.664246651506094,ABOVEGROUND,Midwest,MATERIAL/WELD/EQUIP FAILURE
6,4,9,0.0,0,0,0,1.0986122886681098,1.0986122886681098,10.017396426643911,0.0,8.91887336792143,ABOVEGROUND,South,CORROSION
6,0,8,0.0,0,0,0,0.0,1.3862943611198906,11.813037464800539,0.75,11.813037464800539,UNDERGROUND,Midwest,CORROSION
6,2,4,60.25,1,0,0,3.61469455592456,5.221112295639065,13.60119666027407,0.7993950523927839,9.986546881223221,UNDERGROUND,Midwest,CORROSION
6,2,18,0.0,0,0,0,1.0986122886681098,1.0986122886681098,11.129510456698723,0.0,10.030927513336835,UNDERGROUND,Midwest,MATERIAL/WELD/EQUIP FAILURE
7,4,10,0.0,0,0,0,0.0,2.3978952727983707,11.827743504053695,0.9090909090909091,11.827743504053695,ABOVEGROUND,Midwest,MATERIAL/WELD/EQUIP FAILURE
7,4,14,0.0,0,0,0,0.41871033485818504,0.41871033485818504,13.851785590703985,0.0,13.433075757320687,,Other/Territory,MATERIAL/WELD/EQUIP FAILURE
7,6,12,271.1666666666667,0,0,0,0.33647223662121295,0.6931471805599453,10.289158033316113,0.3,9.952699396493623,UNDERGROUND,South,CORROSION
7,0,10,121.0,1,1,1,8.040768994367578,8.040768994367578,13.169773542193429,0.0,5.134907635933766,UNDERGROUND,South,EXCAVATION DAMAGE
7,1,8,50.0,0,0,0,0.0,2.302585092994046,9.539716058977092,0.9,9.539716058977092,UNDERGROUND,West,CORROSION
7,1,9,6.0,0,0,0,0.4054651081081644,1.5040773967762742,7.732369222284388,0.6666666666666666,7.327123292259293,ABOVEGROUND,South,MATERIAL/WELD/EQUIP FAILURE
7,2,12,30.0,0,0,0,0.9162907318741551,0.9162907318741551,8.740496729931813,0.0,7.824445930877619,ABOVEGROUND,South,MATERIAL/WELD/EQUIP FAILURE
7,3,15,96.66666666666667,0,0,0,2.1424163408412245,2.1424163408412245,12.473493335473693,0.0,10.331105771417075,UNDERGROUND,South,ALL OTHER CAUSES
7,6,8,0.0,0,0,0,1.9459101490553132,1.9459101490553132,10.677338760511036,0.0,8.731566971884861,UNDERGROUND,South,CORROSION
7,0,10,0.0,0,0,0,0.0,0.3920420877760237,9.213933907486313,0.32432432432432434,9.213933907486313,UNDERGROUND,South,CORROSION
7,0,13,0.0,0,0,0,0.0,0.3074846997479606,8.575650760987806,0.2647058823529412,8.575650760987806,ABOVEGROUND,South,MATERIAL/WELD/EQUIP FAILURE
7,2,12,0.0,0,0,0,0.9162907318741551,0.9162907318741551,3.912023005428146,0.0,3.0252910757955354,ABOVEGROUND,South,MATERIAL/WELD/EQUIP FAILURE
7,2,13,0.0,0,0,0,3.5496173867804286,3.5496173867804286,7.166265974133638,0.0,3.6424141715186567,ABOVEGROUND,South,MATERIAL/WELD/EQUIP FAILURE
7,2,13,0.0,0,0,0,0.0,0.25464221837358075,10.164273649274849,0.22480620155038758,10.164273649274849,ABOVEGROUND,Midwest,INCORRECT OPERATION
7,2,21,0.0,0,0,0,3.4339872044851463,3.4339872044851463,9.074291527512907,0.0,5.643735642876197,ABOVEGROUND,South,CORROSION
7,2,23,0.6666666666666666,0,0,0,0.7466879474879752,0.7466879474879752,5.081404364984463,0.0,4.341587169665506,ABOVEGROUND,South,MATERIAL/WELD/EQUIP FAILURE
7,5,11,5.466666666666667,0,0,0,0.0,0.4700036292457355,9.971379818579047,0.37499999999999994,9.971379818579047,ABOVEGROUND,Midwest,MATERIAL/WELD/EQUIP FAILURE
7,5,20,7.0,0,0,0,0.0,2.0794415416798357,10.214678610538817,0.875,10.214678610538817,ABOVEGROUND,Northeast,NATURAL FORCE DAMAGE
7,0,20,10.616666666666667,0,0,0,0.0,0.6626879730752367,10.809748150372926,0.4845360824742268,10.809748150372926,ABOVEGROUND,West,MATERIAL/WELD/EQUIP FAILURE
7,2,13,0.0,0,0,0,1.4350845252893227,1.4350845252893227,5.308267697401205,0.0,3.8889005880072918,ABOVEGROUND,South,MATERIAL/WELD/EQUIP FAILURE
7,4,14,0.0,1,0,0,0.3074846997479606,0.3074846997479606,12.002498851262716,0.0,11.69501635790842,UNDERGROUND,Midwest,MATERIAL/WELD/EQUIP FAILURE
7,6,17,1510.7666666666667,1,0,0,7.516433302915632,9.907628965036679,20.549538585880377,0.908479808793507,13.033107468498248,UNDERGROUND,Midwest,MATERIAL/WELD/EQUIP FAILURE
7,0,14,0.0,0,0,0,0.4700036292457355,2.3978952727983707,10.12474933443232,0.8545454545454546,9.654769750102489,TANK,South,MATERIAL/WELD/EQUIP FAILURE
7,1,16,0.0,0,0,0,0.0,5.288267030694535,12.799526554558172,0.9949494949494949,12.799526554558172,UNDERGROUND,Midwest,CORROSION
7,2,7,9.75,0,0,0,0.0,0.20701416938432612,9.817548327858471,0.1869918699186992,9.817548327858471,UNDERGROUND,Midwest,MATERIAL/WELD/EQUIP FAILURE
7,3,9,0.0,0,0,0,0.0295588022415444,0.26236426446749106,6.261491684321042,0.2076923076923077,6.2319901323490665,ABOVEGROUND,West,MATERIAL/WELD/EQUIP FAILURE
7,3,13,0.0,0,0,0,0.0,5.049856007249537,13.629182184591333,0.9935897435897436,13.629182184591333,UNDERGROUND,Midwest,MATERIAL/WELD/EQUIP FAILURE
7,3,16,0.0,0,0,0,2.1972245773362196,3.044522437723423,10.714439990727769,0.5714285714285714,8.517393171418904,UNDERGROUND,Midwest,CORROSION
7,5,7,0.0,0,0,0,1.252762968495368,1.3862943611198906,9.864122829013851,0.125,8.611489870789478,ABOVEGROUND,South,CORROSION
8,0,20,665.4166666666666,0,0,0,0.0,0.14842000511827327,6.342121418721152,0.13793103448275865,6.342121418721152,UNDERGROUND,West,NATURAL FORCE DAMAGE
8,1,16,0.0,0,0,0,0.0,0.11332868530700317,7.098375638590786,0.10714285714285712,7.098375638590786,ABOVEGROUND,South,MATERIAL/WELD/EQUIP FAILURE
8,3,1,13.0,0,0,0,0.0,0.5766133643039938,6.90875477931522,0.43820224719101125,6.90875477931522,ABOVEGROUND,Northeast,MATERIAL/WELD/EQUIP FAILURE
8,3,14,23.783333333333335,0,0,0,0.6931471805599453,0.6931471805599453,9.963594393268247,0.0,9.27049429479593,UNDERGROUND,Midwest,MATERIAL/WELD/EQUIP FAILURE
8,3,15,0.0,0,0,0,0.4054651081081644,1.7047480922384253,9.309733115854218,0.7272727272727273,8.904313276074076,ABOVEGROUND,South,CORROSION
8,3,19,37.28333333333333,0,0,0,0.0,5.771441123130016,12.389647583180738,0.9968847352024922,12.389647583180738,UNDERGROUND,South,EXCAVATION DAMAGE
8,0,8,0.0,0,0,0,0.31481073984003355,0.31481073984003355,6.398594934535208,0.0,6.084399645865245,ABOVEGROUND,South,ALL OTHER CAUSES
8,2,8,23.316666666666666,0,0,0,0.0,1.3862943611198906,9.16858043772795,0.75,9.16858043772795,ABOVEGROUND,South,MATERIAL/WELD/EQUIP FAILURE
8,2,11,59.5,0,0,0,0.0,0.32208349916911333,9.915613732333968,0.2753623188405797,9.915613732333968,TANK,South,MATERIAL/WELD/EQUIP FAILURE
8,3,17,0.0,0,0,0,1.3862943611198906,1.3862943611198906,12.596765851000393,0.0,11.210481638644469,UNDERGROUND,South,MATERIAL/WELD/EQUIP FAILURE
8,1,8,58.43333333333333,0,0,0,0.0,0.20701416938432612,13.121034494830871,0.1869918699186992,13.121034494830871,UNDERGROUND,Northeast,CORROSION
8,1,9,883.95,1,0,0,4.804021044733257,6.825460036255307,16.394514606980902,0.8675352877307275,11.590502739996095,UNDERGROUND,Midwest,CORROSION
8,1,16,1.0,0,0,0,0.0,0.6931471805599453,8.533263371593732,0.5,8.533263371593732,UNDERGROUND,South,CORROSION
8,2,17,1.4166666666666667,0,0,0,1.0986122886681098,1.0986122886681098,5.159055299214529,0.0,4.071871706370042,ABOVEGROUND,South,MATERIAL/WELD/EQUIP FAILURE
8,3,8,0.0,0,0,0,0.0,0.2151113796169455,10.404838432339576,0.1935483870967742,10.404838432339576,ABOVEGROUND,Midwest,MATERIAL/WELD/EQUIP FAILURE
8,3,23,0.0,0,0,0,0.0,0.4700036292457355,10.25769445336048,0.37499999999999994,10.25769445336048,UNDERGROUND,South,CORROSION
8,4,7,0.0,0,0,0,0.0,2.70805020110221,9.90353755128617,0.9333333333333333,9.90353755128617,ABOVEGROUND,South,INCORRECT OPERATION
8,4,9,5.0,0,0,0,0.0,0.32208349916911333,9.30801139914963,0.2753623188405797,9.30801139914963,UNDERGROUND,Midwest,CORROSION
8,6,19,0.0,0,0,0,4.59511985013459,4.61512051684126,12.894307781729099,0.019801980198019802,8.2994341077021,UNDERGROUND,South,CORROSION
8,0,7,0.0,0,0,0,0.0,0.4700036292457355,7.937374696163295,0.37499999999999994,7.937374696163295,ABOVEGROUND,South,ALL OTHER CAUSES
8,1,13,0.0,0,0,0,0.0,0.8878912573524571,9.61587214452889,0.5884773662551441,9.61587214452889,ABOVEGROUND,Midwest,CORROSION
8,2,13,4.0,0,0,0,1.9459101490553132,1.9459101490553132,8.517393171418904,0.0,6.572682063274631,UNDERGROUND,South,EXCAVATION DAMAGE
8,3,20,7.95,0,0,0,0.6931471805599453,0.6931471805599453,9.835101639669663,0.0,9.142007996599357,ABOVEGROUND,South,MATERIAL/WELD/EQUIP FAILURE
8,4,5,0.0,0,0,0,0.019802627296179712,0.019802627296179712,7.824445930877619,0.0,7.804651300350745,ABOVEGROUND,South,ALL OTHER CAUSES
8,4,10,0.0,0,0,0,2.3978952727983707,2.3978952727983707,9.696524881825722,0.0,7.299244388340949,TANK,West,INCORRECT OPERATION
8,4,16,3812.5833333333335,1,0,0,8.096817470572319,8.096817470572319,14.40980765063179,0.0,6.314800593433417,UNDERGROUND,Northeast,MATERIAL/WELD/EQUIP FAILURE
8,1,3,13.0,0,0,0,0.0,0.3920420877760237,10.800615852145526,0.32432432432432434,10.800615852145526,ABOVEGROUND,South,MATERIAL/WELD/EQUIP FAILURE
9,2,17,40.583333333333336,0,0,0,1.6974487897568136,1.6974487897568136,10.732061203925053,0.0,9.03470978721384,ABOVEGROUND,South,ALL OTHER CAUSES
9,3,7,0.0,0,0,0,1.3862943611198906,1.3862943611198906,7.706612913964197,0.0,6.3216671707156,TANK,South,MATERIAL/WELD/EQUIP FAILURE
9,4,9,8.666666666666666,0,0,0,1.0986122886681098,1.0986122886681098,8.323851131338817,0.0,7.22572404403879,UNDERGROUND,Midwest,CORROSION
9,6,4,0.0,0,0,0,0.5364933705145685,0.5364933705145685,10.715772406372029,0.0,10.179294792152406,UNDERGROUND,South,MATERIAL/WELD/EQUIP FAILURE
9,6,17,0.0,0,0,0,0.0,0.0,0.0,0.0,0.0,,Other/Territory,INCORRECT OPERATION
9,1,14,0.9666666666666667,0,0,0,1.5260563034950494,1.5260563034950494,9.259225769705994,0.0,7.73351223195296,ABOVEGROUND,West,MATERIAL/WELD/EQUIP FAILURE
9,1,14,0.0,0,0,0,0.0,0.11332868530700317,8.32579052588609,0.10714285714285712,8.32579052588609,ABOVEGROUND,West,MATERIAL/WELD/EQUIP FAILURE
9,2,8,0.0,0,0,0,0.0,0.4054651081081644,8.73568594451502,0.3333333333333333,8.73568594451502,ABOVEGROUND,Midwest,MATERIAL/WELD/EQUIP FAILURE
9,2,10,0.0,0,0,0,5.948034989180646,5.948034989180646,9.760136677640245,0.0,3.8339062052759862,ABOVEGROUND,South,INCORRECT OPERATION
9,2,16,0.0,0,0,0,0.6151856390902335,0.6151856390902335,4.110873864173311,0.0,3.509526459748263,ABOVEGROUND,Midwest,INCORRECT OPERATION
9,2,16,0.0,0,0,0,0.6151856390902335,0.6151856390902335,4.110873864173311,0.0,3.509526459748263,ABOVEGROUND,Midwest,INCORRECT OPERATION
9,3,10,0.0,0,0,0,0.0,0.31481073984003355,10.767305347149167,0.27007299270072993,10.767305347149167,TANK,South,MATERIAL/WELD/EQUIP FAILURE
9,3,11,189.36666666666667,1,0,0,0.0,8.927844826211702,17.6739970601553,0.9998673564133174,17.6739970601553,UNDERGROUND,Midwest,OTHER OUTSIDE FORCE DAMAGE
9,5,8,0.0,0,0,0,0.0,0.2151113796169455,10.12667110305036,0.1935483870967742,10.12667110305036,UNDERGROUND,Midwest,INCORRECT OPERATION
9,6,11,0.0,0,0,0,0.0,0.2151113796169455,11.289794413577894,0.1935483870967742,11.289794413577894,TANK,Midwest,CORROSION
9,6,11,0.0,0,0,0,0.0,5.087596335232384,12.089106151412992,0.9938271604938271,12.089106151412992,TANK,South,MATERIAL/WELD/EQUIP FAILURE
9,0,13,1.1,0,0,0,0.0,5.247024072160486,12.805343118373578,0.9947368421052631,12.805343118373578,ABOVEGROUND,South,INCORRECT OPERATION
9,3,9,0.0,0,0,0,0.4054651081081644,0.4054651081081644,9.845116639209799,0.0,9.439678033453719,UNDERGROUND,South,MATERIAL/WELD/EQUIP FAILURE
9,3,13,71.31666666666666,0,0,0,0.9932517730102833,0.9932517730102833,11.664418330221086,0.0,10.671181167312312,UNDERGROUND,Midwest,ALL OTHER CAUSES
9,3,15,0.0,0,0,0,0.0,0.6043159668533296,10.599156550639583,0.45355191256830596,10.599156550639583,ABOVEGROUND,South,MATERIAL/WELD/EQUIP FAILURE
9,3,16,1.2166666666666666,0,0,0,0.0,0.5364933705145685,6.846943139585379,0.4152046783625731,6.846943139585379,ABOVEGROUND,Midwest,MATERIAL/WELD/EQUIP FAILURE
9,4,13,24.833333333333332,0,0,0,4.477336814478207,4.477336814478207,11.006274448725538,0.0,6.530380552176737,UNDERGROUND,South,MATERIAL/WELD/EQUIP FAILURE
9,6,7,7.833333333333333,0,0,0,5.303304908059076,5.303304908059076,10.21833478806055,0.0,4.922302374873865,ABOVEGROUND,South,MATERIAL/WELD/EQUIP FAILURE
9,2,7,5.0,0,0,0,1.0986122886681098,1.0986122886681098,9.95631716618066,0.0,8.857799727175905,UNDERGROUND,South,MATERIAL/WELD/EQUIP FAILURE
9,3,12,0.0,0,0,0,0.0,0.2151113796169455,10.465984899076615,0.1935483870967742,10.465984899076615,ABOVEGROUND,Midwest,INCORRECT OPERATION
9,4,9,0.0,0,0,0,0.6931471805599453,1.0986122886681098,5.472270673671475,0.3333333333333333,4.783316371371566,ABOVEGROUND,South,INCORRECT OPERATION
9,0,18,0.16666666666666666,0,0,0,0.15700374880966475,0.6931471805599453,9.0953783535065,0.415,8.938393675639059,ABOVEGROUND,South,INCORRECT OPERATION
9,1,13,0.08333333333333333,0,0,0,0.0,0.2151113796169455,6.928537818164665,0.1935483870967742,6.928537818164665,UNDERGROUND,South,EXCAVATION DAMAGE
9,3,8,0.0,0,0,0,0.6931471805599453,0.6931471805599453,8.289790583181643,0.0,7.596894438144544,ABOVEGROUND,South,MATERIAL/WELD/EQUIP FAILURE
10,1,11,48.5,1,0,0,0.6931471805599453,0.6931471805599453,10.467408346336265,0.0,9.774289614064447,ABOVEGROUND,South,MATERIAL/WELD/EQUIP FAILURE
10,2,13,0.0,0,0,0,0.0,0.6931471805599453,11.225256725762893,0.5,11.225256725762893,UNDERGROUND,Midwest,CORROSION
10,4,5,0.0,0,0,0,3.044522437723423,4.61512051684126,12.47808254858766,0.7920792079207921,9.433636292633976,ABOVEGROUND,South,MATERIAL/WELD/EQUIP FAILURE
10,0,7,0.0,0,0,0,5.5254529391317835,9.23024103368252,11.068683145347391,0.9753945691598863,5.547120898374536,TANK,South,MATERIAL/WELD/EQUIP FAILURE
10,0,14,0.0,0,0,0,0.0,1.0986122886681098,8.881975184248867,0.6666666666666666,8.881975184248867,ABOVEGROUND,Northeast,INCORRECT OPERATION
10,0,16,0.0,0,0,0,0.0,0.0,0.0,0.0,0.0,UNDERGROUND,Northeast,INCORRECT OPERATION
10,3,17,0.0,0,0,0,5.703782474656201,5.703782474656201,7.330405211844402,0.0,1.8055527913603908,ABOVEGROUND,South,ALL OTHER CAUSES
10,5,1,0.0,0,0,0,1.9740810260220096,1.9740810260220096,10.28024449650755,0.0,8.306376133542308,UNDERGROUND,South,MATERIAL/WELD/EQUIP FAILURE
10,1,9,0.0,0,0,0,0.0,0.3920420877760237,8.527341522468053,0.32432432432432434,8.527341522468053,ABOVEGROUND,South,MATERIAL/WELD/EQUIP FAILURE
10,2,15,0.0,0,0,0,2.1972245773362196,2.3978952727983707,10.2328272702548,0.18181818181818182,8.03589041095689,ABOVEGROUND,South,MATERIAL/WELD/EQUIP FAILURE
11,0,9,0.0,0,0,0,0.0,0.6043159668533296,7.596392304064196,0.45355191256830596,7.596392304064196,ABOVEGROUND,Midwest,MATERIAL/WELD/EQUIP FAILURE
11,0,14,113.08333333333333,0,0,0,5.488937726156687,5.488937726156687,12.43065116678238,0.0,6.942675595287419,UNDERGROUND,South,CORROSION
11,1,2,0.0,0,0,0,0.0,0.11332868530700317,8.294299608857235,0.10714285714285712,8.294299608857235,TANK,South,MATERIAL/WELD/EQUIP FAILURE
11,1,9,0.0,0,0,0,0.0,1.5195132049061133,10.463131911491967,0.7811816192560174,10.463131911491967,UNDERGROUND,South,MATERIAL/WELD/EQUIP FAILURE
11,2,11,0.0,0,0,0,0.0,1.4724720573609429,9.952325334619427,0.7706422018348624,9.952325334619427,UNDERGROUND,South,MATERIAL/WELD/EQUIP FAILURE
11,3,12,5.466666666666667,0,0,0,0.0,1.252762968495368,11.081603942316837,0.7142857142857143,11.081603942316837,ABOVEGROUND,West,MATERIAL/WELD/EQUIP FAILURE
11,3,14,0.75,0,0,0,0.0,0.4054651081081644,9.052633375946147,0.3333333333333333,9.052633375946147,UNDERGROUND,South,CORROSION
11,4,8,0.0,0,0,0,1.5107219394949427,1.5107219394949427,5.075173815233827,0.0,3.5862745202493564,ABOVEGROUND,South,MATERIAL/WELD/EQUIP FAILURE
11,5,11,0.0,0,0,0,2.3978952727983707,3.044522437723423,11.083695189061785,0.47619047619047616,8.685953511938463,UNDERGROUND,South,CORROSION
11,0,2,0.0,0,0,0,0.0,0.6931471805599453,7.473637108496206,0.5,7.473637108496206,TANK,Midwest,MATERIAL/WELD/EQUIP FAILURE
11,0,11,0.0,0,0,0,0.11332868530700317,0.3920420877760237,11.289794413577894,0.24324324324324323,11.176467228251017,UNDERGROUND,South,MATERIAL/WELD/EQUIP FAILURE
11,1,7,1.6833333333333333,0,0,0,1.791759469228055,4.564348191467836,11.429011105449131,0.9375,9.637306011530349,UNDERGROUND,Midwest,CORROSION
11,1,8,0.0,0,0,0,1.791759469228055,2.8903717578961645,9.051461866908694,0.6666666666666666,7.260288323753534,ABOVEGROUND,West,MATERIAL/WELD/EQUIP FAILURE
11,2,7,0.0,0,0,0,1.0986122886681098,1.0986122886681098,8.216358332386156,0.0,7.118286292245503,ABOVEGROUND,South,MATERIAL/WELD/EQUIP FAILURE
11,3,9,0.0,0,0,0,0.0,0.3074846997479606,10.34177474101152,0.2647058823529412,10.34177474101152,ABOVEGROUND,Midwest,MATERIAL/WELD/EQUIP FAILURE
11,3,13,0.0,0,0,0,4.382026634673881,4.795790545596741,13.547632419997361,0.33884297520661155,9.165709047830589,UNDERGROUND,West,EXCAVATION DAMAGE
11,4,9,0.0,0,0,0,0.0,3.8918202981106265,12.882838888132428,0.9795918367346939,12.882838888132428,UNDERGROUND,Midwest,MATERIAL/WELD/EQUIP FAILURE
11,4,15,4.783333333333333,0,0,0,0.3920420877760237,0.3920420877760237,8.905037290767,0.0,8.513060338608783,ABOVEGROUND,South,INCORRECT OPERATION
11,0,8,0.0,0,0,0,1.791759469228055,2.772588722239781,10.757924157061597,0.625,8.966271062890819,ABOVEGROUND,South,MATERIAL/WELD/EQUIP FAILURE
11,0,8,4.15,0,0,0,0.0,1.0986122886681098,5.707110264748875,0.6666666666666666,5.707110264748875,ABOVEGROUND,Midwest,MATERIAL/WELD/EQUIP FAILURE
11,0,18,44.666666666666664,0,0,0,2.263844264677615,2.263844264677615,11.118874961677317,0.0,8.855158521312921,UNDERGROUND,Midwest,MATERIAL/WELD/EQUIP FAILURE
11,0,18,0.0,0,0,0,1.791759469228055,2.772588722239781,9.874830843286324,0.625,8.083328608786376,TRANSITION AREA,South,INCORRECT OPERATION
11,1,13,0.0,0,0,0,0.5364933705145685,0.5364933705145685,10.281444421227691,0.0,9.744975377149228,ABOVEGROUND,South,MATERIAL/WELD/EQUIP FAILURE
11,1,13,0.0,0,0,0,3.258096538021482,3.258096538021482,10.714439990727769,0.0,7.456898841659437,UNDERGROUND,South,EXCAVATION DAMAGE
11,1,16,160.51666666666668,0,0,0,6.284134161070802,6.93828448401696,13.804450621726684,0.4801163918525703,7.520857264303263,UNDERGROUND,South,CORROSION
11,3,8,0.0,0,0,0,0.0,0.2151113796169455,9.491828300264636,0.1935483870967742,9.491828300264636,TRANSITION AREA,South,CORROSION
11,5,1,8312.5,0,0,0,4.61512051684126,4.61512051684126,12.990113449067893,0.0,8.375221184885055,UNDERGROUND,South,MATERIAL/WELD/EQUIP FAILURE
11,5,8,2.5833333333333335,0,0,0,1.0986122886681098,1.6094379124341003,9.367429587218957,0.4,8.268988209506656,ABOVEGROUND,Northeast,INCORRECT OPERATION
11,0,9,0.0,0,0,0,0.14842000511827327,0.30010459245033805,6.962243464266207,0.14074074074074072,6.813974962822187,ABOVEGROUND,Midwest,MATERIAL/WELD/EQUIP FAILURE
11,0,14,0.0,0,0,0,1.0986122886681098,2.3978952727983707,9.798182590890704,0.7272727272727273,8.699681400989514,UNDERGROUND,South,MATERIAL/WELD/EQUIP FAILURE
11,1,6,714.0,0,0,0,0.0,0.5653138090500605,8.53030683056162,0.4318181818181818,8.53030683056162,UNDERGROUND,West,CORROSION
11,1,12,31.833333333333332,0,0,0,0.0,4.51085950651685,12.141539457711714,0.989010989010989,12.141539457711714,ABOVEGROUND,West,MATERIAL/WELD/EQUIP FAILURE
11,1,16,0.0,0,0,0,1.3862943611198906,1.3862943611198906,7.147559271189454,0.0,5.763622475012218,ABOVEGROUND,South,MATERIAL/WELD/EQUIP FAILURE
11,2,6,0.0,0,0,0,0.0,0.9082585601768908,8.035278911144667,0.5967741935483871,8.035278911144667,ABOVEGROUND,South,MATERIAL/WELD/EQUIP FAILURE
11,5,9,0.0,0,0,0,0.0,0.43178241642553783,8.517393171418904,0.35064935064935066,8.517393171418904,ABOVEGROUND,West,MATERIAL/WELD/EQUIP FAILURE
11,5,15,112.75,0,0,0,1.1939224684724346,1.1939224684724346,10.342097259236594,0.0,9.14824895524489,UNDERGROUND,Midwest,MATERIAL/WELD/EQUIP FAILURE
11,6,7,0.0,0,0,0,0.0,0.3576744442718159,9.90353755128617,0.30069930069930073,9.90353755128617,ABOVEGROUND,Northeast,MATERIAL/WELD/EQUIP FAILURE
11,6,10,50.0,0,0,0,0.0,0.2151113796169455,7.601402334583733,0.1935483870967742,7.601402334583733,ABOVEGROUND,West,MATERIAL/WELD/EQUIP FAILURE
11,0,3,0.0,0,0,0,3.295836866004329,3.295836866004329,6.037870919922137,0.0,2.802237416161911,ABOVEGROUND,South,MATERIAL/WELD/EQUIP FAILURE
11,0,10,0.0,0,0,0,0.0,0.2151113796169455,7.65491704784832,0.1935483870967742,7.65491704784832,ABOVEGROUND,South,MATERIAL/WELD/EQUIP FAILURE
11,1,18,4.45,0,0,0,0.0,2.3978952727983707,9.259225769705994,0.9090909090909091,9.259225769705994,ABOVEGROUND,South,MATERIAL/WELD/EQUIP FAILURE
12,2,9,0.0,0,0,0,0.0,0.2151113796169455,9.21542741102474,0.1935483870967742,9.21542741102474,ABOVEGROUND,Midwest,MATERIAL/WELD/EQUIP FAILURE
12,2,16,21.483333333333334,0,0,0,4.430816798843313,4.430816798843313,11.766505103501876,0.0,7.336332192209947,ABOVEGROUND,South,MATERIAL/WELD/EQUIP FAILURE
12,2,17,1488.0,0,0,0,5.5254529391317835,6.2166061010848646,16.852093273633884,0.499001996007984,11.326652334088738,ABOVEGROUND,West,INCORRECT OPERATION
12,3,19,170.33333333333334,0,0,0,6.195832943095858,6.2166061010848646,15.365106529707141,0.020558882235528944,9.169377561040845,UNDERGROUND,Midwest,OTHER OUTSIDE FORCE DAMAGE
12,4,16,0.0,0,0,0,0.0,0.6043159668533296,9.721725839000687,0.45355191256830596,9.721725839000687,UNDERGROUND,South,CORROSION
12,5,10,10.333333333333334,0,0,0,3.828641396489095,4.330733340286331,11.953377979444872,0.39473684210526316,8.125026226278143,UNDERGROUND,South,CORROSION
12,6,6,1.3333333333333333,0,0,0,0.0,1.9459101490553132,9.975854724662028,0.8571428571428571,9.975854724662028,UNDERGROUND,South,CORROSION
12,6,13,45.75,0,0,0,0.6830968447064438,0.6830968447064438,7.532088143541722,0.0,6.8495160673869115,UNDERGROUND,Midwest,MATERIAL/WELD/EQUIP FAILURE
12,6,20,4.0,0,0,0,0.0,0.4700036292457355,5.929589143389895,0.37499999999999994,5.929589143389895,ABOVEGROUND,Midwest,MATERIAL/WELD/EQUIP FAILURE
12,0,5,0.0,0,0,0,0.0,0.173953307123438,6.274762021241939,0.1596638655462185,6.274762021241939,TANK,South,MATERIAL/WELD/EQUIP FAILURE
12,0,7,0.0,0,0,0,0.15700374880966475,0.7747271675523681,9.249176395761381,0.4608294930875576,9.092188999261264,ABOVEGROUND,South,INCORRECT OPERATION
12,0,12,0.0,0,0,0,0.0,1.5644405465033646,11.121378054821049,0.790794979079498,11.121378054821049,UNDERGROUND,Northeast,CORROSION
12,0,13,0.0,0,0,0,0.0,1.3862943611198906,12.429220196836383,0.75,12.429220196836383,UNDERGROUND,South,CORROSION
12,0,23,176.51666666666668,0,0,0,0.6931471805599453,0.6931471805599453,6.957497370876951,0.0,6.26530121273771,ABOVEGROUND,South,MATERIAL/WELD/EQUIP FAILURE
12,1,9,0.0,0,0,0,0.35065687161316933,0.883767540168595,8.648396877031582,0.4132231404958678,8.297813673990555,TANK,Midwest,NATURAL FORCE DAMAGE
12,3,11,0.0,0,0,0,0.0,0.20701416938432612,8.146419323098003,0.1869918699186992,8.146419323098003,ABOVEGROUND,Midwest,MATERIAL/WELD/EQUIP FAILURE
12,3,12,0.0,0,0,0,0.0,1.0986122886681098,13.262170536148517,0.6666666666666666,13.262170536148517,TANK,South,CORROSION
12,3,16,95.36666666666666,0,0,0,5.659482215759621,5.659482215759621,11.373525457088878,0.0,5.717325658113025,UNDERGROUND,South,EXCAVATION DAMAGE
12,3,17,47.166666666666664,1,0,0,8.13622555490846,8.13622555490846,12.283385476632807,0.0,4.162840953470382,UNDERGROUND,Midwest,EXCAVATION DAMAGE
12,3,18,326.0,0,0,0,1.6094379124341003,5.298317366548036,13.03077645765688,0.975,11.421347312480579,UNDERGROUND,South,CORROSION
12,4,15,120.73333333333333,1,0,0,8.421783006611578,8.421783006611578,12.799758542363282,0.0,4.390445442288913,UNDERGROUND,Midwest,EXCAVATION DAMAGE
12,5,15,0.0,0,0,0,0.0,3.4011973816621555,9.16062477973025,0.9666666666666667,9.16062477973025,ABOVEGROUND,Midwest,MATERIAL/WELD/EQUIP FAILURE
12,6,9,1.2333333333333334,0,0,0,0.3074846997479606,0.3920420877760237,7.924072324923417,0.08108108108108109,7.616717909847648,ABOVEGROUND,Midwest,MATERIAL/WELD/EQUIP FAILURE
12,0,9,0.0,0,0,0,0.04879016416943201,0.2151113796169455,6.431331081933479,0.1532258064516129,6.38262142982077,ABOVEGROUND,Midwest,MATERIAL/WELD/EQUIP FAILURE
12,0,15,0.0,0,0,0,0.2151113796169455,0.2151113796169455,9.904586947979428,0.0,9.689487555105146,ABOVEGROUND,Midwest,MATERIAL/WELD/EQUIP FAILURE
12,1,7,56.8,0,0,0,0.0,7.473637108496206,16.78571505277371,0.9994321408290744,16.78571505277371,UNDERGROUND,Midwest,OTHER OUTSIDE FORCE DAMAGE
12,1,10,0.4166666666666667,0,0,0,0.6931471805599453,0.6931471805599453,5.303304908059076,0.0,4.61512051684126,ABOVEGROUND,South,MATERIAL/WELD/EQUIP FAILURE
12,2,9,0.0,0,1,0,0.4054651081081644,0.4054651081081644,4.110873864173311,0.0,3.713572066704308,ABOVEGROUND,Midwest,INCORRECT OPERATION
12,2,10,0.0,0,0,0,0.0,0.3074846997479606,7.951911381854188,0.2647058823529412,7.951911381854188,ABOVEGROUND,South,MATERIAL/WELD/EQUIP FAILURE
12,3,10,6.016666666666667,0,0,0,2.8903717578961645,4.330733340286331,11.921937608238101,0.7631578947368421,9.031678776013715,UNDERGROUND,South,CORROSION
12,3,17,0.0,0,0,0,0.0,3.342508385313476,9.939964119346145,0.9646518204312478,9.939964119346145,TANK,Northeast,CORROSION
12,4,9,5.166666666666667,0,0,0,0.0,0.5128236264286637,8.30795254527102,0.4011976047904192,8.30795254527102,ABOVEGROUND,South,MATERIAL/WELD/EQUIP FAILURE
12,0,16,85.0,0,0,0,0.25464221837358075,0.25464221837358075,12.233911522946674,0.0,11.979270714762425,UNDERGROUND,South,MATERIAL/WELD/EQUIP FAILURE
12,1,12,52.0,0,0,0,0.0,1.0224509277025458,10.266845117938724,0.6402877697841726,10.266845117938724,UNDERGROUND,Midwest,CORROSION
12,4,14,75.4,0,0,0,2.0794415416798357,2.0794415416798357,11.73891296841617,0.0,9.659527266142216,UNDERGROUND,South,MATERIAL/WELD/EQUIP FAILURE
12,1,9,0.0,0,0,0,0.3920420877760237,0.3920420877760237,9.77286620732769,0.0,9.380851468046703,UNDERGROUND,South,CORROSION
12,1,17,2656.9166666666665,0,0,0,3.367295829986474,3.4339872044851463,13.6655024524819,0.06451612903225806,10.298239153588765,UNDERGROUND,West,CORROSION
12,3,8,55.96666666666667,0,0,0,2.258633205464863,2.258633205464863,11.074668534037073,0.0,8.816168155016058,UNDERGROUND,Midwest,CORROSION
12,4,7,0.0,0,0,0,1.7047480922384253,1.7047480922384253,5.961005339623274,0.0,4.2677884449840375,ABOVEGROUND,Midwest,INCORRECT OPERATION
12,4,9,0.0,0,0,0,0.0,4.836281906951478,10.695370855832223,0.9920634920634921,10.695370855832223,ABOVEGROUND,South,MATERIAL/WELD/EQUIP FAILURE
12,4,12,0.0,0,0,0,0.0,1.791759469228055,12.430619212157943,0.8333333333333334,12.430619212157943,ABOVEGROUND,Midwest,MATERIAL/WELD/EQUIP FAILURE
1,5,10,0.0,0,0,0,3.044522437723423,3.044522437723423,7.6760099320288875,0.0,4.6407211702524105,ABOVEGROUND,Midwest,MATERIAL/WELD/EQUIP FAILURE
1,0,9,0.0,0,0,0,0.4054651081081644,0.4054651081081644,7.846198815497425,0.0,7.440929306411889,ABOVEGROUND,South,MATERIAL/WELD/EQUIP FAILURE
1,0,16,1.0,0,0,0,1.0986122886681098,1.791759469228055,6.398594934535208,0.5,5.303304908059076,ABOVEGROUND,South,MATERIAL/WELD/EQUIP FAILURE
1,1,11,3.55,0,0,0,2.3978952727983707,3.4339872044851463,9.893487720457795,0.6451612903225806,7.496097345175956,UNDERGROUND,West,MATERIAL/WELD/EQUIP FAILURE
1,3,17,38.0,0,0,0,0.9932517730102833,0.9932517730102833,10.7177677069941,0.0,9.72455358471131,UNDERGROUND,South,CORROSION
1,4,11,0.0,0,0,0,0.6931471805599453,0.6931471805599453,8.439447842791385,0.0,7.746516808347054,ABOVEGROUND,South,MATERIAL/WELD/EQUIP FAILURE
1,4,18,0.0,0,0,0,0.5364933705145685,0.5364933705145685,10.737721883950984,0.0,10.201243927659467,TANK,South,ALL OTHER CAUSES
1,5,8,217.46666666666667,0,0,0,0.0,5.733341276897746,16.5691713340128,0.9967637540453075,16.5691713340128,UNDERGROUND,West,CORROSION
1,2,2,0.0,0,0,0,0.0,2.263844264677615,9.888526187395968,0.896049896049896,9.888526187395968,ABOVEGROUND,South,INCORRECT OPERATION
1,3,8,0.0,0,0,0,0.019802627296179712,0.019802627296179712,10.956335095836494,0.0,10.936532817482956,TANK,South,MATERIAL/WELD/EQUIP FAILURE
1,3,14,27.416666666666668,0,0,0,6.008813185442595,6.008813185442595,10.16199824768763,0.0,4.168739143586129,ABOVEGROUND,South,MATERIAL/WELD/EQUIP FAILURE
1,4,4,0.0,0,0,0,0.1310282624064041,0.1310282624064041,6.238324625039508,0.0,6.107569762755884,ABOVEGROUND,South,MATERIAL/WELD/EQUIP FAILURE
1,4,5,2.3833333333333333,0,0,0,1.791759469228055,1.791759469228055,8.621733370690162,0.0,6.8308742346461795,ABOVEGROUND,South,MATERIAL/WELD/EQUIP FAILURE
1,4,8,0.0,0,0,0,0.0,1.0986122886681098,10.315630315397533,0.6666666666666666,10.315630315397533,UNDERGROUND,South,CORROSION
1,4,15,0.0,0,0,0,0.6678293725756554,0.6678293725756554,3.784189633918261,0.0,3.1377213883419737,ABOVEGROUND,South,INCORRECT OPERATION
1,5,8,0.0,0,0,0,0.33647223662121295,0.33647223662121295,7.86480400332846,0.0,7.528485364741494,TRANSITION AREA,South,CORROSION
1,5,12,0.0,0,0,0,0.0,0.6678293725756554,10.482933978579906,0.48717948717948717,10.482933978579906,ABOVEGROUND,Northeast,NATURAL FORCE DAMAGE
1,1,8,0.0,0,0,0,0.0,0.18232155679395465,8.616314282284044,0.16666666666666669,8.616314282284044,UNDERGROUND,Midwest,MATERIAL/WELD/EQUIP FAILURE
1,1,9,0.0,0,0,0,0.6931471805599453,0.6931471805599453,1.0986122886681098,0.0,0.6931471805599453,ABOVEGROUND,South,MATERIAL/WELD/EQUIP FAILURE
1,1,19,0.0,0,0,0,0.0,0.41871033485818504,11.003365706325472,0.34210526315789475,11.003365706325472,UNDERGROUND,Northeast,MATERIAL/WELD/EQUIP FAILURE
1,2,9,0.0,0,0,0,0.0,6.300785794663244,11.225256725762893,0.998165137614679,11.225256725762893,TANK,Midwest,INCORRECT OPERATION
1,2,12,70.5,0,0,0,6.943122422819428,7.1316985104669115,13.613065066260377,0.1718625099920064,6.671209088271786,UNDERGROUND,South,CORROSION
1,3,6,0.0,0,0,0,3.044522437723423,3.044522437723423,7.385851078125209,0.0,4.353651655247042,ABOVEGROUND,South,MATERIAL/WELD/EQUIP FAILURE
1,5,6,7.0,0,0,0,0.0,1.007957920399979,9.90353755128617,0.635036496350365,9.90353755128617,ABOVEGROUND,South,MATERIAL/WELD/EQUIP FAILURE
1,6,16,789.0,0,0,0,3.1780538303479458,3.1780538303479458,10.635879484421974,0.0,7.458378372622194,ABOVEGROUND,South,MATERIAL/WELD/EQUIP FAILURE
1,2,16,0.0,0,0,0,0.0,4.382026634673881,13.717788572092456,0.9875,13.717788572092456,,South,EXCAVATION DAMAGE
1,3,8,0.0,0,0,0,8.10530751550515,8.841014310483892,15.312508957660249,0.5208333333333334,7.207942172572392,UNDERGROUND,South,MATERIAL/WELD/EQUIP FAILURE
1,4,10,243.75,0,0,0,3.295836866004329,4.204692619390966,13.102725816483945,0.5970149253731343,9.806941980319111,UNDERGROUND,Other/Territory,OTHER OUTSIDE FORCE DAMAGE
1,6,19,17.0,0,0,0,0.0,0.2151113796169455,9.905784911584812,0.1935483870967742,9.905784911584812,ABOVEGROUND,Midwest,MATERIAL/WELD/EQUIP FAILURE
2,2,4,11.433333333333334,0,0,0,0.0,1.8870696490323797,10.727684925086583,0.8484848484848485,10.727684925086583,UNDERGROUND,South,MATERIAL/WELD/EQUIP FAILURE
2,2,7,0.0,0,0,0,0.019802627296179712,0.019802627296179712,8.071218539969863,0.0,8.05142216070165,ABOVEGROUND,Northeast,NATURAL FORCE DAMAGE
2,2,14,1.5,0,0,0,0.3576744442718159,1.6094379124341003,10.510559281627845,0.714,10.152896553589404,ABOVEGROUND,South,ALL OTHER CAUSES
2,3,14,65.75,0,0,0,0.0,0.3074846997479606,10.129267625171467,0.2647058823529412,10.129267625171467,ABOVEGROUND,South,INCORRECT OPERATION
2,4,6,0.0,0,0,0,0.0,2.302585092994046,10.087931854711062,0.9,10.087931854711062,ABOVEGROUND,South,MATERIAL/WELD/EQUIP FAILURE
2,4,11,7.25,0,0,0,0.0,0.7884573603642702,8.566173813637858,0.5454545454545454,8.566173813637858,ABOVEGROUND,Midwest,MATERIAL/WELD/EQUIP FAILURE
2,4,12,0.0,0,0,0,0.0,0.11332868530700317,8.522379718103538,0.10714285714285712,8.522379718103538,ABOVEGROUND,Midwest,CORROSION
2,5,5,0.0,0,0,0,6.903747257584598,6.90875477931522,11.654433707761807,0.004995004995004995,4.759286441814933,TANK,South,NATURAL FORCE DAMAGE
2,5,15,0.0,0,0,0,1.2237754316221157,4.489759334476764,13.294972924944267,0.9618406285072952,12.07120153235129,ABOVEGROUND,Midwest,MATERIAL/WELD/EQUIP FAILURE
2,6,17,0.0,0,0,0,0.0,3.871201010907891,11.104972264124868,0.9791666666666666,11.104972264124868,ABOVEGROUND,Northeast,NATURAL FORCE DAMAGE
2,0,14,0.0,0,0,0,0.2151113796169455,0.2151113796169455,6.933423025730715,0.0,6.718545536887844,ABOVEGROUND,South,MATERIAL/WELD/EQUIP FAILURE
2,1,12,0.0,0,0,0,0.0,3.6635616461296463,12.457807540957933,0.9743589743589743,12.457807540957933,TANK,Northeast,CORROSION
2,1,12,0.0,0,0,0,5.66815529701305,5.66815529701305,9.422301633887823,0.0,3.777217670669756,ABOVEGROUND,South,OTHER OUTSIDE FORCE DAMAGE
2,1,12,0.0,0,1,1,0.0,0.0,0.0,0.0,0.0,ABOVEGROUND,South,MATERIAL/WELD/EQUIP FAILURE
2,1,12,0.0,0,0,0,3.044522437723423,3.713572066704308,11.487823018409387,0.4878048780487805,8.44350564369229,TANK,South,MATERIAL/WELD/EQUIP FAILURE
2,3,8,0.0,0,0,0,0.4054651081081644,0.4054651081081644,9.821680789832037,0.0,9.416242812507818,ABOVEGROUND,South,MATERIAL/WELD/EQUIP FAILURE
2,3,18,14.333333333333334,0,0,0,7.836369760545124,7.836369760545124,8.933927891782632,0.0,1.3854049890567217,ABOVEGROUND,West,MATERIAL/WELD/EQUIP FAILURE
2,5,18,0.0,0,0,0,2.833213344056216,3.713572066704308,11.744505330305191,0.5853658536585366,8.91141890288871,UNDERGROUND,South,CORROSION
2,6,5,0.0,0,0,0,0.6931471805599453,1.6094379124341003,8.660427359502146,0.6,7.9674534741510215,UNDERGROUND,South,INCORRECT OPERATION
2,6,18,0.0,0,0,0,1.6074359097634274,1.6074359097634274,5.0689042022202315,0.0,3.486252939468114,ABOVEGROUND,West,MATERIAL/WELD/EQUIP FAILURE
2,0,14,2.75,0,0,0,4.07753744390572,4.3694478524670215,11.1127762026843,0.25316455696202533,7.036103772031426,ABOVEGROUND,South,CORROSION
2,0,17,63.3,0,0,0,1.2237754316221157,1.2237754316221157,11.986946015573897,0.0,10.763185523707218,UNDERGROUND,South,MATERIAL/WELD/EQUIP FAILURE
2,1,10,24.333333333333332,0,0,0,5.081404364984463,5.993961427306569,10.904505387765616,0.5985037406483791,5.826036750839597,ABOVEGROUND,Midwest,MATERIAL/WELD/EQUIP FAILURE
2,2,12,0.0,0,0,0,0.0,0.33647223662121295,7.824445930877619,0.28571428571428575,7.824445930877619,TANK,Northeast,MATERIAL/WELD/EQUIP FAILURE
2,2,16,0.0,0,0,0,0.0,2.096790180014449,11.94081068679887,0.877149877149877,11.94081068679887,TRANSITION AREA,Northeast,CORROSION
2,3,15,16.833333333333332,0,0,0,0.0,0.2151113796169455,8.617038526385954,0.1935483870967742,8.617038526385954,ABOVEGROUND,Midwest,MATERIAL/WELD/EQUIP FAILURE
2,3,15,213.51666666666668,0,0,0,3.9318256327243257,3.9318256327243257,11.96340217890774,0.0,8.031895157550341,UNDERGROUND,South,CORROSION
2,4,3,0.0,0,0,0,0.0,0.2151113796169455,10.240887929730164,0.1935483870967742,10.240887929730164,UNDERGROUND,Midwest,NATURAL FORCE DAMAGE
2,5,13,0.0,0,0,0,0.0,0.14842000511827327,9.28461261635077,0.13793103448275865,9.28461261635077,ABOVEGROUND,West,MATERIAL/WELD/EQUIP FAILURE
2,6,1,0.0,0,0,0,0.5538851132264376,0.5538851132264376,6.957497370876951,0.0,6.4043161012360725,ABOVEGROUND,South,MATERIAL/WELD/EQUIP FAILURE
2,6,14,1.0,0,0,0,0.0,0.6931471805599453,6.68586094706836,0.5,6.68586094706836,ABOVEGROUND,South,INCORRECT OPERATION
2,0,8,0.0,0,0,0,0.11332868530700317,0.6678293725756554,8.014996894348302,0.4256410256410256,7.90170786456697,ABOVEGROUND,West,INCORRECT OPERATION
2,0,13,0.0,0,0,0,2.0794415416798357,6.398594934535208,11.985270101917937,0.9866888519134775,9.90587220698627,UNDERGROUND,South,MATERIAL/WELD/EQUIP FAILURE
2,1,7,0.0,0,0,0,0.0,0.4700036292457355,9.16282938930513,0.37499999999999994,9.16282938930513,ABOVEGROUND,Midwest,NATURAL FORCE DAMAGE
2,1,8,1.1666666666666667,0,0,0,0.0,1.3862943611198906,9.417435838868785,0.75,9.417435838868785,ABOVEGROUND,West,MATERIAL/WELD/EQUIP FAILURE
2,2,8,6.5,0,0,0,0.0,1.6094379124341003,8.380456667842767,0.8,8.380456667842767,ABOVEGROUND,South,MATERIAL/WELD/EQUIP FAILURE
2,2,13,0.0,0,0,0,0.0,0.173953307123438,7.280697195384741,0.1596638655462185,7.280697195384741,ABOVEGROUND,Northeast,MATERIAL/WELD/EQUIP FAILURE
2,3,1,102.45,1,0,0,6.07073772800249,6.180016653652572,14.686811455260086,0.10351966873706005,8.616254462700727,UNDERGROUND,South,MATERIAL/WELD/EQUIP FAILURE
2,3,20,16.75,0,0,0,2.2364452904895007,2.2364452904895007,6.295266001439646,0.0,4.074127319070115,ABOVEGROUND,South,MATERIAL/WELD/EQUIP FAILURE
2,4,8,0.0,0,0,0,0.0,0.2151113796169455,8.006700845440367,0.1935483870967742,8.006700845440367,ABOVEGROUND,Midwest,INCORRECT OPERATION
2,6,0,0.0,0,0,0,0.0,0.11332868530700317,8.888894669371593,0.10714285714285712,8.888894669371593,ABOVEGROUND,South,MATERIAL/WELD/EQUIP FAILURE
2,0,13,51.766666666666666,0,0,0,0.0,3.044522437723423,10.656459034741738,0.9523809523809523,10.656459034741738,UNDERGROUND,Midwest,MATERIAL/WELD/EQUIP FAILURE
3,1,6,0.0,0,0,0,3.258096538021482,3.258096538021482,10.015744234881796,0.0,6.75876434168233,ABOVEGROUND,South,INCORRECT OPERATION
3,1,17,0.0,0,0,0,0.4252677354043441,0.4252677354043441,9.510889310134788,0.0,9.085660815778954,ABOVEGROUND,South,MATERIAL/WELD/EQUIP FAILURE
3,2,9,0.0,0,0,0,0.08617769624105233,0.37156355643248307,8.4368504387337,0.2482758620689655,8.350692248154166,TRANSITION AREA,South,INCORRECT OPERATION
3,3,6,4.0,0,0,0,0.5933268452777344,1.0986122886681098,10.349806654652559,0.39666666666666667,9.756505728209515,ABOVEGROUND,West,MATERIAL/WELD/EQUIP FAILURE
3,0,7,9.916666666666666,0,0,0,0.0,4.394449154672439,10.327872545496803,0.9876543209876543,10.327872545496803,ABOVEGROUND,West,MATERIAL/WELD/EQUIP FAILURE
3,3,9,0.0,0,0,0,0.0,4.61512051684126,7.0909098220799835,0.9900990099009901,7.0909098220799835,UNDERGROUND,South,INCORRECT OPERATION
3,3,12,0.0,0,0,0,0.0,0.6678293725756554,9.854874872615435,0.48717948717948717,9.854874872615435,UNDERGROUND,Midwest,MATERIAL/WELD/EQUIP FAILURE
3,0,8,0.0,0,0,0,5.720311776607412,6.398594934535208,14.61874008875433,0.4925124792013311,8.898564458454251,UNDERGROUND,Northeast,CORROSION
3,0,8,56.483333333333334,0,0,0,2.772588722239781,3.1780538303479458,14.13816780555176,0.3333333333333333,11.365589946583583,ABOVEGROUND,Northeast,INCORRECT OPERATION
3,0,13,0.0,0,0,0,0.0,0.2151113796169455,8.439447842791385,0.1935483870967742,8.439447842791385,ABOVEGROUND,South,MATERIAL/WELD/EQUIP FAILURE
3,1,10,0.0,0,0,0,0.6931471805599453,0.6931471805599453,10.624736163206949,0.0,9.931613289595145,UNDERGROUND,South,MATERIAL/WELD/EQUIP FAILURE
3,2,9,0.0,0,0,0,0.0,2.772588722239781,12.734642898012305,0.9375,12.734642898012305,ABOVEGROUND,Midwest,MATERIAL/WELD/EQUIP FAILURE
3,2,16,0.0,0,0,0,0.0,1.0986122886681098,7.0909098220799835,0.6666666666666666,7.0909098220799835,ABOVEGROUND,South,INCORRECT OPERATION
3,3,10,0.0,0,0,0,0.0,0.6931471805599453,7.650168700845001,0.5,7.650168700845001,ABOVEGROUND,South,INCORRECT OPERATION
3,6,14,73.21666666666667,0,0,0,3.4965075614664802,5.707110264748875,13.537960977991046,0.8903654485049833,10.041495652162476,ABOVEGROUND,Northeast,CORROSION
3,6,19,0.0,0,0,0,0.6931471805599453,1.6094379124341003,7.650168700845001,0.6,6.957497370876951,ABOVEGROUND,South,INCORRECT OPERATION
3,0,7,10.416666666666666,0,0,0,0.0,2.5649493574615367,8.993551586299981,0.9230769230769231,8.993551586299981,ABOVEGROUND,South,ALL OTHER CAUSES
3,0,12,9.0,0,0,0,1.0986122886681098,3.713572066704308,10.726368298094252,0.926829268292683,9.627799924932715,ABOVEGROUND,South,ALL OTHER CAUSES
3,1,9,0.0,0,0,0,0.0,0.4054651081081644,9.940542460487139,0.3333333333333333,9.940542460487139,UNDERGROUND,Midwest,MATERIAL/WELD/EQUIP FAILURE
3,2,22,0.0,0,0,0,0.0,0.25464221837358075,7.121252453244542,0.22480620155038758,7.121252453244542,TRANSITION AREA,South,MATERIAL/WELD/EQUIP FAILURE
3,4,5,0.0,0,0,0,2.302585092994046,2.3978952727983707,10.150386692204734,0.09090909090909091,7.848153086199526,TANK,South,MATERIAL/WELD/EQUIP FAILURE
3,0,10,0.0,0,0,0,0.0,1.7047480922384253,8.922791623969637,0.8181818181818182,8.922791623969637,TANK,South,MATERIAL/WELD/EQUIP FAILURE
3,2,0,0.0,0,0,0,0.0,0.4382549309311553,8.630700432209832,0.3548387096774194,8.630700432209832,ABOVEGROUND,Midwest,MATERIAL/WELD/EQUIP FAILURE
3,2,14,0.0,0,0,0,0.0,0.13976194237515868,6.236369590203704,0.13043478260869565,6.236369590203704,TANK,Midwest,MATERIAL/WELD/EQUIP FAILURE
3,2,15,52.416666666666664,0,0,0,5.327876168789581,5.43372200355424,12.294619093694932,0.10043668122270742,6.967680627237581,UNDERGROUND,West,CORROSION
4,4,13,0.0,0,0,0,0.6931471805599453,0.6931471805599453,8.537191877922927,0.0,7.844240718141811,ABOVEGROUND,South,MATERIAL/WELD/EQUIP FAILURE
4,6,14,0.0,0,0,0,0.0,4.7535901911063645,9.222861652529854,0.9913793103448276,9.222861652529854,ABOVEGROUND,South,MATERIAL/WELD/EQUIP FAILURE
4,0,8,0.0,0,0,0,0.0,0.25464221837358075,11.71707374299029,0.22480620155038758,11.71707374299029,UNDERGROUND,Midwest,CORROSION
4,0,8,2.0,0,0,0,0.0,1.6094379124341003,9.296609807128359,0.8,9.296609807128359,UNDERGROUND,South,CORROSION
4,2,12,172.51666666666668,0,0,0,1.8293763327993617,1.8293763327993617,13.234800594042618,0.0,11.405433608814674,UNDERGROUND,South,MATERIAL/WELD/EQUIP FAILURE
4,3,0,0.0,0,0,0,0.0,0.173953307123438,7.860570785538664,0.1596638655462185,7.860570785538664,UNDERGROUND,South,MATERIAL/WELD/EQUIP FAILURE
4,6,16,0.0,0,0,0,0.0,0.4700036292457355,8.434028950155469,0.37499999999999994,8.434028950155469,UNDERGROUND,West,MATERIAL/WELD/EQUIP FAILURE
4,0,8,0.0,0,0,0,0.0,0.2151113796169455,7.509883061154913,0.1935483870967742,7.509883061154913,ABOVEGROUND,South,MATERIAL/WELD/EQUIP FAILURE
4,1,8,659.4333333333333,0,0,0,2.3513752571634776,2.5572273113676265,13.295243840328617,0.18604651162790697,10.943884566562597,UNDERGROUND,Midwest,CORROSION
4,1,14,19.766666666666666,0,0,0,0.0,0.3920420877760237,10.161071177163876,0.32432432432432434,10.161071177163876,UNDERGROUND,Midwest,MATERIAL/WELD/EQUIP FAILURE
4,2,14,26.85,0,0,0,0.5653138090500605,0.5653138090500605,7.8528278122817445,0.0,7.287809334665644,ABOVEGROUND,Midwest,NATURAL FORCE DAMAGE
4,2,18,116.3,0,0,0,7.765569081097317,9.105090961257085,17.3914705550259,0.7380291078769026,9.625967440750824,UNDERGROUND,Midwest,MATERIAL/WELD/EQUIP FAILURE
4,3,12,0.0,0,0,0,0.8878912573524571,0.8878912573524571,9.957549510634658,0.0,9.069725988186757,UNDERGROUND,South,MATERIAL/WELD/EQUIP FAILURE
4,1,13,2.7333333333333334,0,0,0,0.6931471805599453,0.6931471805599453,7.254884810077338,0.0,6.56244409369372,ABOVEGROUND,South,MATERIAL/WELD/EQUIP FAILURE
4,2,19,0.0,0,0,0,0.6931471805599453,0.6931471805599453,8.867990898182093,0.0,8.174984532943087,ABOVEGROUND,South,CORROSION
4,2,20,3.0,0,0,0,2.772588722239781,2.772588722239781,10.624395803881464,0.0,7.8521717479153095,UNDERGROUND,Midwest,MATERIAL/WELD/EQUIP FAILURE
4,3,15,3.1333333333333333,0,0,0,1.0986122886681098,1.0986122886681098,10.76111049674444,0.0,9.662540624092623,UNDERGROUND,Midwest,MATERIAL/WELD/EQUIP FAILURE
4,6,22,57.916666666666664,0,0,0,0.6418538861723948,0.6931471805599453,10.494075844768336,0.05,9.852246888342531,UNDERGROUND,West,EXCAVATION DAMAGE
4,0,14,4.0,0,0,0,0.0,2.2181159363675955,10.214715238562922,0.8911860718171926,10.214715238562922,UNDERGROUND,West,MATERIAL/WELD/EQUIP FAILURE
4,2,8,1.0,0,0,0,1.0986122886681098,2.1972245773362196,10.816432694159186,0.6666666666666666,9.717860538733447,UNDERGROUND,South,CORROSION
4,2,15,0.0,0,0,0,0.6931471805599453,0.6931471805599453,8.537191877922927,0.0,7.844240718141811,ABOVEGROUND,South,MATERIAL/WELD/EQUIP FAILURE
4,3,10,2.0,0,0,0,0.0,1.0986122886681098,9.153875834995056,0.6666666666666666,9.153875834995056,UNDERGROUND,South,CORROSION
4,4,16,0.0,0,0,0,1.3862943611198906,1.3862943611198906,5.375278407684165,0.0,4.00277736869661,ABOVEGROUND,South,MATERIAL/WELD/EQUIP FAILURE
5,0,9,5.5,0,0,0,0.0,0.3784364357202451,7.976251943745623,0.31506849315068497,7.976251943745623,ABOVEGROUND,West,MATERIAL/WELD/EQUIP FAILURE
5,1,6,0.0,0,0,0,1.0986122886681098,4.564348191467836,11.50995104576804,0.96875,10.411358816475682,UNDERGROUND,Midwest,CORROSION
5,1,9,0.0,0,0,0,0.18232155679395465,1.62924053973028,8.294299608857235,0.7647058823529412,8.11202803831707,ABOVEGROUND,West,MATERIAL/WELD/EQUIP FAILURE
5,1,17,0.0,0,0,0,0.0,0.1310282624064041,4.23410650459726,0.12280701754385964,4.23410650459726,ABOVEGROUND,South,INCORRECT OPERATION
5,2,15,4.733333333333333,0,0,0,2.5649493574615367,2.5649493574615367,7.747164966520335,0.0,5.187385805840755,ABOVEGROUND,Midwest,MATERIAL/WELD/EQUIP FAILURE
5,5,6,0.0,0,0,0,0.0,5.993961427306569,14.09010815074553,0.9975062344139651,14.09010815074553,ABOVEGROUND,Midwest,MATERIAL/WELD/EQUIP FAILURE
5,0,19,0.0,0,0,0,2.3978952727983707,4.110873864173311,12.456971431888388,0.819672131147541,10.059115063389335,TANK,Midwest,INCORRECT OPERATION
5,1,4,2.8333333333333335,0,0,0,0.6931471805599453,0.6931471805599453,7.8655717576847906,0.0,7.172808233373557,ABOVEGROUND,South,MATERIAL/WELD/EQUIP FAILURE
5,1,13,0.0,0,0,0,0.0,0.2151113796169455,8.561401446080557,0.1935483870967742,8.561401446080557,ABOVEGROUND,Midwest,MATERIAL/WELD/EQUIP FAILURE
5,3,11,0.0,0,0,0,1.791759469228055,1.791759469228055,0.0,0.0,0.0,ABOVEGROUND,Midwest,INCORRECT OPERATION
5,5,15,314.8333333333333,1,0,0,4.61512051684126,4.61512051684126,13.488656517837798,0.0,8.873674651291601,UNDERGROUND,Midwest,CORROSION
5,1,9,122.33333333333333,0,0,0,0.0,1.2237754316221157,12.370361757330356,0.7058823529411765,12.370361757330356,UNDERGROUND,Midwest,CORROSION
5,1,23,0.0,0,0,0,0.0,1.0986122886681098,10.308985993422082,0.6666666666666666,10.308985993422082,ABOVEGROUND,Midwest,INCORRECT OPERATION
5,3,9,0.0,0,0,0,0.0,0.07696104113612832,12.08960062511763,0.07407407407407407,12.08960062511763,UNDERGROUND,Midwest,INCORRECT OPERATION
5,3,16,4.416666666666667,0,0,0,0.5877866649021191,2.772588722239781,9.059633754551479,0.8875,8.471940097764385,ABOVEGROUND,Midwest,MATERIAL/WELD/EQUIP FAILURE
5,6,14,0.0,0,0,0,4.454347296253507,4.804021044733257,11.569400311898207,0.29508196721311475,7.115856019868194,ABOVEGROUND,South,MATERIAL/WELD/EQUIP FAILURE
5,0,4,341.0,0,0,0,0.0,0.6931471805599453,9.31099985507536,0.5,9.31099985507536,UNDERGROUND,South,CORROSION
5,0,10,0.0,0,0,0,1.3862943611198906,1.6094379124341003,8.974744612722734,0.2,7.588829878307813,ABOVEGROUND,West,CORROSION
5,3,13,0.0,0,0,0,1.3862943611198906,1.6094379124341003,12.937353410071022,0.2,11.55106626830767,UNDERGROUND,Midwest,MATERIAL/WELD/EQUIP FAILURE
5,6,2,0.0,0,0,0,0.0,2.2512917986064953,12.717401142834069,0.8947368421052632,12.717401142834069,ABOVEGROUND,Midwest,MATERIAL/WELD/EQUIP FAILURE
5,6,12,0.0,0,0,0,0.0,0.832909122935104,10.434145214930487,0.5652173913043479,10.434145214930487,TANK,Midwest,MATERIAL/WELD/EQUIP FAILURE
5,0,11,0.0,0,0,0,0.04879016416943201,0.22314355131420976,8.167919362957816,0.16,8.119143379062205,ABOVEGROUND,South,MATERIAL/WELD/EQUIP FAILURE
5,1,10,0.0,0,0,0,0.0,0.4054651081081644,7.633369649679584,0.3333333333333333,7.633369649679584,ABOVEGROUND,South,MATERIAL/WELD/EQUIP FAILURE
5,1,15,0.0,0,0,0,0.0,0.30010459245033805,9.743964132018151,0.25925925925925924,9.743964132018151,ABOVEGROUND,Midwest,MATERIAL/WELD/EQUIP FAILURE
6,2,6,0.0,0,0,0,0.6931471805599453,0.6931471805599453,8.997270906233448,0.0,8.304247465078474,ABOVEGROUND,Midwest,MATERIAL/WELD/EQUIP FAILURE
6,3,3,0.0,0,0,0,0.0,1.4085449700547104,8.928110078202646,0.7555012224938875,8.928110078202646,ABOVEGROUND,South,MATERIAL/WELD/EQUIP FAILURE
6,4,12,0.0,0,0,0,0.6931471805599453,1.9459101490553132,10.865153099098274,0.7142857142857143,10.172025031140222,UNDERGROUND,South,CORROSION
6,5,7,0.0,0,0,0,8.967886572127473,9.411647228681218,14.123312119271015,0.35838103025347506,5.161176269919879,TANK,South,MATERIAL/WELD/EQUIP FAILURE
6,5,22,0.0,0,0,0,0.3074846997479606,0.3074846997479606,10.127870335685289,0.0,9.82040001800002,ABOVEGROUND,Midwest,MATERIAL/WELD/EQUIP FAILURE
6,3,14,40.88333333333333,0,0,0,0.0,1.6094379124341003,11.586073691000658,0.8,11.586073691000658,UNDERGROUND,Midwest,EXCAVATION DAMAGE
6,4,7,0.0,0,0,0,0.0,0.35065687161316933,9.47677327138879,0.29577464788732394,9.47677327138879,ABOVEGROUND,South,MATERIAL/WELD/EQUIP FAILURE
6,4,9,0.0,0,0,0,0.0,0.2151113796169455,5.673323267171493,0.1935483870967742,5.673323267171493,ABOVEGROUND,West,MATERIAL/WELD/EQUIP FAILURE
6,4,11,0.0,0,0,0,0.20701416938432612,0.20701416938432612,9.263312256742289,0.0,9.056319900473621,UNDERGROUND,South,CORROSION
6,5,1,0.0,0,0,0,0.6931471805599453,0.6931471805599453,3.784189633918261,0.0,3.1135153092103742,ABOVEGROUND,South,MATERIAL/WELD/EQUIP FAILURE
6,6,6,1083.75,0,0,0,0.0,0.019802627296179712,14.690979711984754,0.0196078431372549,14.690979711984754,,Other/Territory,MATERIAL/WELD/EQUIP FAILURE
6,0,11,1.3666666666666667,0,0,0,3.044522437723423,3.044522437723423,7.479299637782834,0.0,4.446006964337289,ABOVEGROUND,South,MATERIAL/WELD/EQUIP FAILURE
6,0,14,0.0,0,0,0,0.0,0.5877866649021191,10.260777307439861,0.4444444444444445,10.260777307439861,UNDERGROUND,South,CORROSION
6,0,14,0.0,0,0,0,0.0,0.33647223662121295,0.0,0.28571428571428575,0.0,ABOVEGROUND,Northeast,MATERIAL/WELD/EQUIP FAILURE
6,1,12,0.0,0,0,0,3.5263605246161616,3.5263605246161616,11.597569876238687,0.0,8.071512522516766,UNDERGROUND,South,MATERIAL/WELD/EQUIP FAILURE
6,2,15,0.0,0,0,0,1.7715567619105355,1.7715567619105355,5.5909869805108565,0.0,3.837475376199855,ABOVEGROUND,South,MATERIAL/WELD/EQUIP FAILURE
6,3,6,32.25,0,0,0,2.3978952727983707,4.61512051684126,11.70262804817903,0.8910891089108911,9.304815492471713,UNDERGROUND,Midwest,CORROSION
6,3,10,0.0,0,0,0,0.636576829071551,0.636576829071551,7.369600720526409,0.0,6.733584540814875,ABOVEGROUND,South,ALL OTHER CAUSES
6,3,13,0.0,0,0,0,1.0986122886681098,2.5649493574615367,9.48044384215367,0.7692307692307693,8.381984201936476,UNDERGROUND,South,MATERIAL/WELD/EQUIP FAILURE
6,3,14,324.3666666666667,0,0,0,3.9318256327243257,3.9318256327243257,13.377007146164305,0.0,9.445259029695176,UNDERGROUND,South,CORROSION
6,5,7,3.5,0,0,0,0.6931471805599453,0.6931471805599453,7.372118028337787,0.0,6.679599185844383,ABOVEGROUND,South,CORROSION
6,5,18,0.0,0,0,0,2.302585092994046,2.995732273553991,11.25500929305476,0.5,8.952540674006272,UNDERGROUND,South,CORROSION
6,0,5,2.966666666666667,0,0,0,0.0,5.62040086571715,10.70101727068921,0.9963768115942029,10.70101727068921,TANK,South,CORROSION
6,0,20,0.0,0,0,0,0.0295588022415444,0.20701416938432612,9.584727524513486,0.1626016260162602,9.555170785401646,ABOVEGROUND,Northeast,CORROSION
6,1,12,0.0,0,0,0,0.18232155679395465,1.6094379124341003,10.723289410218579,0.76,10.540972258604235,ABOVEGROUND,West,MATERIAL/WELD/EQUIP FAILURE
6,3,0,0.0,0,0,0,0.7514160886839212,1.1939224684724346,11.97098934828825,0.3575757575757576,11.2195803436584,ABOVEGROUND,South,MATERIAL/WELD/EQUIP FAILURE
6,2,8,29.383333333333333,0,0,0,0.0,1.3862943611198906,11.931675272733559,0.75,11.931675272733559,UNDERGROUND,Midwest,MATERIAL/WELD/EQUIP FAILURE
7,4,7,148.0,0,0,0,1.791759469228055,3.044522437723423,13.722299273936335,0.7142857142857143,11.930545293161396,UNDERGROUND,West,CORROSION
7,4,13,280.6666666666667,0,0,0,0.1310282624064041,0.1310282624064041,13.357958682857674,0.0,13.226930641679347,UNDERGROUND,South,MATERIAL/WELD/EQUIP FAILURE
7,4,19,1.8,0,0,0,0.6931471805599453,0.6931471805599453,8.292298107063221,0.0,7.599401333415815,ABOVEGROUND,South,MATERIAL/WELD/EQUIP FAILURE
7,4,22,2024.2,1,0,0,7.31986492980897,7.31986492980897,18.72078534381011,0.0,11.400931591716365,UNDERGROUND,West,NATURAL FORCE DAMAGE
7,0,14,46.75,0,0,0,2.667228206581955,3.414442608412176,10.968215530759236,0.5263157894736842,8.301218327993318,UNDERGROUND,South,CORROSION
7,0,17,42.25,0,0,0,0.0,0.3920420877760237,8.790421306897867,0.32432432432432434,8.790421306897867,UNDERGROUND,Midwest,CORROSION
7,2,13,0.0,0,0,0,1.4906543764441333,1.4906543764441333,5.236441962829949,0.0,3.7639200671559845,ABOVEGROUND,South,MATERIAL/WELD/EQUIP FAILURE
7,2,15,23.216666666666665,0,0,0,2.3978952727983707,2.3978952727983707,12.706093103175418,0.0,10.30822815582981,UNDERGROUND,Midwest,MATERIAL/WELD/EQUIP FAILURE
7,5,9,0.0,0,0,0,0.0,0.4700036292457355,8.527341522468053,0.37499999999999994,8.527341522468053,UNDERGROUND,South,CORROSION
7,1,6,0.0,0,0,0,0.2468600779315258,0.2468600779315258,6.658011045870748,0.0,6.4115103385311745,ABOVEGROUND,South,ALL OTHER CAUSES
7,1,19,0.0,0,0,0,0.0,0.6418538861723948,12.149824993291526,0.4736842105263158,12.149824993291526,UNDERGROUND,Midwest,CORROSION
7,2,12,3.8333333333333335,0,0,0,2.3978952727983707,4.2626798770413155,10.223431082444048,0.8450704225352113,7.8258988387646,ABOVEGROUND,South,CORROSION
7,2,15,0.0,0,0,0,0.32208349916911333,0.32208349916911333,9.908524844053396,0.0,9.586460249237707,UNDERGROUND,South,MATERIAL/WELD/EQUIP FAILURE
7,5,19,1963.0,0,0,0,4.61512051684126,4.61512051684126,13.771037113340205,0.0,9.156021138755543,UNDERGROUND,Midwest,NATURAL FORCE DAMAGE
7,6,1,18.183333333333334,0,0,0,1.2809338454620642,1.2809338454620642,7.221835825288449,0.0,5.942799375126701,ABOVEGROUND,South,MATERIAL/WELD/EQUIP FAILURE
7,6,9,0.0,0,0,0,0.5538851132264376,0.5538851132264376,5.003946305945459,0.0,4.455015343576101,ABOVEGROUND,South,MATERIAL/WELD/EQUIP FAILURE
7,6,17,15.0,0,0,0,0.0,1.0986122886681098,10.315365388416483,0.6666666666666666,10.315365388416483,ABOVEGROUND,South,ALL OTHER CAUSES
7,0,20,64.71666666666667,0,0,0,7.584773077612199,7.584773077612199,12.147802437405353,0.0,4.57340050659844,UNDERGROUND,South,EXCAVATION DAMAGE
7,1,11,0.0,0,0,0,0.0,0.23901690047049992,8.459775920546287,0.2125984251968504,8.459775920546287,UNDERGROUND,Midwest,MATERIAL/WELD/EQUIP FAILURE
7,2,11,0.0,0,0,0,0.0,0.20701416938432612,5.402677381872279,0.1869918699186992,5.402677381872279,ABOVEGROUND,South,INCORRECT OPERATION
7,4,12,0.0,0,0,0,0.0,0.7839015438284094,10.313973369101156,0.54337899543379,10.313973369101156,UNDERGROUND,South,MATERIAL/WELD/EQUIP FAILURE
7,4,15,310.3,0,0,0,0.9162907318741551,0.9162907318741551,8.182000136293405,0.0,7.266128779556451,ABOVEGROUND,South,INCORRECT OPERATION
7,4,20,0.0,0,0,0,6.4425401664681985,6.6895992691789665,15.37184047781002,0.21890547263681592,8.929432542356555,UNDERGROUND,South,EXCAVATION DAMAGE
7,5,20,0.0,0,0,0,0.0,3.58351893845611,11.864821005735635,0.9722222222222222,11.864821005735635,UNDERGROUND,Midwest,CORROSION
7,6,20,12.683333333333334,0,0,0,0.0,4.820281565605037,10.818116905083617,0.9919354838709677,10.818116905083617,UNDERGROUND,South,CORROSION
7,6,20,0.0,0,0,0,0.0,0.41871033485818504,0.0,0.34210526315789475,0.0,ABOVEGROUND,South,MATERIAL/WELD/EQUIP FAILURE
7,0,10,0.0,0,0,0,0.15700374880966475,1.3862943611198906,8.936035096566041,0.7075,8.7790537129845,ABOVEGROUND,South,MATERIAL/WELD/EQUIP FAILURE
7,1,18,1.5,0,0,0,2.302585092994046,2.772588722239781,11.051699201695522,0.375,8.749256840105007,ABOVEGROUND,South,MATERIAL/WELD/EQUIP FAILURE
7,2,10,8.1,0,0,0,0.2151113796169455,0.2151113796169455,10.463131911491967,0.0,10.248027388798457,UNDERGROUND,South,MATERIAL/WELD/EQUIP FAILURE
7,5,7,0.0,0,0,0,0.0,0.2468600779315258,8.722742874329398,0.21875000000000003,8.722742874329398,ABOVEGROUND,South,MATERIAL/WELD/EQUIP FAILURE
7,5,17,0.0,0,0,0,0.0,3.332204510175204,13.55824129192069,0.9642857142857143,13.55824129192069,ABOVEGROUND,Midwest,MATERIAL/WELD/EQUIP FAILURE
8,0,9,0.0,0,0,0,0.0,0.6931471805599453,12.429220196836383,0.5,12.429220196836383,UNDERGROUND,West,MATERIAL/WELD/EQUIP FAILURE
8,0,9,8.0,0,0,0,0.4054651081081644,1.0986122886681098,9.41336284529417,0.5,9.007938549348037,UNDERGROUND,West,CORROSION
8,5,16,0.0,0,0,0,0.0,3.58351893845611,12.189135010222245,0.9722222222222222,12.189135010222245,UNDERGROUND,West,CORROSION
8,6,6,0.0,0,0,0,0.0,4.882801922586371,13.074330026779267,0.9924242424242424,13.074330026779267,UNDERGROUND,South,CORROSION
8,0,11,93.55,0,0,0,1.449269160281279,1.449269160281279,12.927024663850416,0.0,11.477763430049716,UNDERGROUND,Midwest,OTHER OUTSIDE FORCE DAMAGE
8,0,16,18.0,0,0,0,0.0,1.5195132049061133,9.435322232564033,0.7811816192560174,9.435322232564033,ABOVEGROUND,Midwest,MATERIAL/WELD/EQUIP FAILURE
8,2,3,4.85,0,0,0,0.0,0.30010459245033805,7.624130585661289,0.25925925925925924,7.624130585661289,ABOVEGROUND,West,MATERIAL/WELD/EQUIP FAILURE
8,2,8,25.683333333333334,0,0,0,0.0,2.255493485460195,11.759746479638794,0.8951781970649895,11.759746479638794,UNDERGROUND,South,MATERIAL/WELD/EQUIP FAILURE
8,3,11,32.666666666666664,0,0,0,0.5306282510621704,0.5306282510621704,10.311316531166229,0.0,9.78071155807462,UNDERGROUND,West,CORROSION
8,3,15,7.466666666666667,0,0,0,0.0,0.1310282624064041,5.288267030694535,0.12280701754385964,5.288267030694535,ABOVEGROUND,Midwest,MATERIAL/WELD/EQUIP FAILURE
8,4,4,0.0,0,0,0,0.6931471805599453,0.6931471805599453,8.537191877922927,0.0,7.844240718141811,ABOVEGROUND,South,MATERIAL/WELD/EQUIP FAILURE
8,4,4,0.0,0,0,0,0.6931471805599453,0.6931471805599453,10.719759034318209,0.0,10.026633957357836,UNDERGROUND,South,CORROSION
8,4,9,0.0,0,0,0,1.3862943611198906,1.791759469228055,10.606609816118151,0.3333333333333333,9.220389707829185,UNDERGROUND,South,CORROSION
8,4,12,0.0,0,0,0,0.0,6.834646807161499,13.74482089059019,0.9989241527703067,13.74482089059019,UNDERGROUND,South,CORROSION
8,5,1,1687.7166666666667,0,0,0,6.516193076042964,6.516193076042964,15.852705392786376,0.0,9.336600328803337,UNDERGROUND,Midwest,NATURAL FORCE DAMAGE
8,1,15,145.26666666666668,0,0,0,0.0,3.044522437723423,12.073004002963183,0.9523809523809523,12.073004002963183,ABOVEGROUND,Midwest,OTHER OUTSIDE FORCE DAMAGE
8,2,9,0.0,0,0,0,0.0,0.6678293725756554,11.305913595583258,0.48717948717948717,11.305913595583258,UNDERGROUND,Midwest,NATURAL FORCE DAMAGE
8,2,12,0.0,0,0,0,1.0986122886681098,1.0986122886681098,10.815790343132422,0.0,9.717218213494077,UNDERGROUND,West,EXCAVATION DAMAGE
8,2,19,0.0,0,0,0,1.7047480922384253,1.7047480922384253,7.912056888179006,0.0,6.208955790548402,ABOVEGROUND,South,MATERIAL/WELD/EQUIP FAILURE
8,3,8,7.75,0,0,0,0.0,0.20701416938432612,7.674617497364363,0.1869918699186992,7.674617497364363,TANK,Midwest,MATERIAL/WELD/EQUIP FAILURE
8,4,9,33.516666666666666,0,0,0,2.1400661634962708,2.9806186357439426,12.395113245578822,0.5685279187817259,10.255078122334517,UNDERGROUND,South,CORROSION
8,5,12,0.5,0,0,0,3.9318256327243257,5.5254529391317835,12.732282325539853,0.796812749003984,8.800604391958549,UNDERGROUND,South,CORROSION
8,6,8,5.25,0,0,0,0.0,3.044522437723423,10.633472802314019,0.9523809523809523,10.633472802314019,TANK,South,MATERIAL/WELD/EQUIP FAILURE
8,0,16,97.03333333333333,0,0,0,0.18232155679395465,0.18232155679395465,10.309419218455934,0.0,10.127104325196786,UNDERGROUND,Midwest,MATERIAL/WELD/EQUIP FAILURE
8,1,6,1.45,0,0,0,3.0378334495726262,3.0378334495726262,7.463363045520021,0.0,4.436859319575669,ABOVEGROUND,South,MATERIAL/WELD/EQUIP FAILURE
8,1,7,13.55,0,0,0,2.70805020110221,3.6635616461296463,12.923914877701906,0.6153846153846154,10.215898822274905,UNDERGROUND,West,MATERIAL/WELD/EQUIP FAILURE
8,1,21,0.0,0,0,0,0.2151113796169455,0.2151113796169455,7.223295679562314,0.0,7.008359339329677,ABOVEGROUND,Midwest,INCORRECT OPERATION
8,2,20,0.0,0,0,0,0.0,1.791759469228055,13.270785106659046,0.8333333333333334,13.270785106659046,UNDERGROUND,West,CORROSION
8,3,7,4.166666666666667,0,0,0,0.4054651081081644,0.4054651081081644,3.828641396489095,0.0,3.4339872044851463,ABOVEGROUND,South,MATERIAL/WELD/EQUIP FAILURE
8,5,5,59.53333333333333,0,0,0,4.04305126783455,4.04305126783455,14.058488892920387,0.0,10.01548154427767,UNDERGROUND,West,EXCAVATION DAMAGE
8,6,11,0.0,0,0,0,0.0,0.18232155679395465,9.228671328660907,0.16666666666666669,9.228671328660907,ABOVEGROUND,Midwest,MATERIAL/WELD/EQUIP FAILURE
8,0,20,0.0,0,0,0,1.3862943611198906,1.6094379124341003,10.225534819164793,0.2,8.839349151728095,UNDERGROUND,South,CORROSION
8,2,7,32.25,0,0,0,1.0986122886681098,1.0986122886681098,9.29697667863573,0.0,8.198547775260634,UNDERGROUND,South,CORROSION
8,2,10,0.0,0,0,0,0.6931471805599453,0.6931471805599453,5.429345628954441,0.0,4.740574822994295,ABOVEGROUND,Midwest,OTHER OUTSIDE FORCE DAMAGE
8,2,19,0.0,0,0,0,0.0,0.5364933705145685,5.420534999272286,0.4152046783625731,5.420534999272286,ABOVEGROUND,Midwest,MATERIAL/WELD/EQUIP FAILURE
8,2,21,1.5,0,0,0,0.0,1.6094379124341003,8.974744612722734,0.8,8.974744612722734,ABOVEGROUND,South,CORROSION
9,3,10,175.25,0,0,0,0.0,0.3920420877760237,10.165890277802454,0.32432432432432434,10.165890277802454,UNDERGROUND,West,CORROSION
9,6,7,0.0,0,0,0,1.62924053973028,1.7404661748405046,10.50309298868771,0.10526315789473684,8.873964993409174,UNDERGROUND,South,CORROSION
9,0,10,0.0,0,0,0,4.795790545596741,6.329720905522696,11.849619105651183,0.7843137254901961,7.054685146183011,UNDERGROUND,South,EXCAVATION DAMAGE
9,3,7,0.0,0,0,0,9.460086905084927,9.460086905084927,14.221656101190614,0.0,4.770084351650398,UNDERGROUND,South,MATERIAL/WELD/EQUIP FAILURE
9,4,5,9.0,0,0,0,0.0,1.0986122886681098,8.25088114470065,0.6666666666666666,8.25088114470065,ABOVEGROUND,Northeast,OTHER OUTSIDE FORCE DAMAGE
9,5,6,0.0,0,0,0,0.04879016416943201,0.2151113796169455,7.099201743553092,0.1532258064516129,7.050452866722903,ABOVEGROUND,West,MATERIAL/WELD/EQUIP FAILURE
9,6,10,0.0,0,0,0,0.15700374880966475,0.15700374880966475,2.3978952727983707,0.0,2.2562278642714446,ABOVEGROUND,Midwest,INCORRECT OPERATION
9,0,6,289.53333333333336,0,0,0,0.08617769624105233,0.08617769624105233,14.508663238509094,0.0,14.422485587267794,,Other/Territory,ALL OTHER CAUSES
9,0,13,0.0,0,0,0,6.2166061010848646,6.2166061010848646,14.76411396658727,0.0,8.54770148751644,UNDERGROUND,South,CORROSION
9,1,8,0.0,0,0,0,0.5877866649021191,0.9932517730102833,15.022438092771578,0.3333333333333333,14.434651667161342,UNDERGROUND,South,ALL OTHER CAUSES
9,2,12,1460.5,0,0,0,0.2151113796169455,0.2151113796169455,11.918423905856184,0.0,11.703314126184626,UNDERGROUND,South,CORROSION
9,3,10,65.0,1,0,0,0.30010459245033805,0.30010459245033805,11.996986080216065,0.0,11.696883644728857,UNDERGROUND,South,MATERIAL/WELD/EQUIP FAILURE
9,0,10,0.0,0,0,0,0.0,1.0986122886681098,9.23024103368252,0.6666666666666666,9.23024103368252,ABOVEGROUND,South,MATERIAL/WELD/EQUIP FAILURE
9,0,13,1.45,0,0,0,0.0,0.25464221837358075,9.88078171500049,0.22480620155038758,9.88078171500049,ABOVEGROUND,West,MATERIAL/WELD/EQUIP FAILURE
9,1,6,10.416666666666666,0,0,0,0.0,4.574710978503383,10.575181243876902,0.9896907216494846,10.575181243876902,UNDERGROUND,West,CORROSION
9,1,6,76.71666666666667,0,0,0,0.6931471805599453,3.1780538303479458,11.984090919036053,0.9166666666666666,11.290949981199432,UNDERGROUND,Northeast,CORROSION
9,1,10,0.0,1,0,0,5.783825182329737,6.39024066706535,15.038632246531192,0.4546979865771812,9.254902416091202,UNDERGROUND,Northeast,EXCAVATION DAMAGE
9,1,14,91.46666666666667,0,0,0,1.4883995840570443,1.4883995840570443,11.120519711075698,0.0,9.632170908193771,ABOVEGROUND,South,MATERIAL/WELD/EQUIP FAILURE
9,2,4,9.433333333333334,0,0,0,4.394449154672439,4.394449154672439,9.4407375520017,0.0,5.05262204212647,ABOVEGROUND,South,MATERIAL/WELD/EQUIP FAILURE
9,4,14,0.0,0,0,0,0.4054651081081644,0.4054651081081644,10.245515754728022,0.0,9.840068404666473,UNDERGROUND,South,CORROSION
9,5,9,0.0,0,0,0,0.3920420877760237,0.3920420877760237,8.863757191604241,0.0,8.471782984426271,ABOVEGROUND,West,MATERIAL/WELD/EQUIP FAILURE
9,6,18,20.466666666666665,0,0,0,0.0,3.044522437723423,12.342572752159361,0.9523809523809523,12.342572752159361,ABOVEGROUND,Midwest,MATERIAL/WELD/EQUIP FAILURE
9,6,18,0.0,0,0,0,0.0,2.772588722239781,11.696088334428081,0.9375,11.696088334428081,ABOVEGROUND,Midwest,MATERIAL/WELD/EQUIP FAILURE
9,0,9,0.0,0,0,0,0.0,4.3694478524670215,12.809273236484646,0.9873417721518988,12.809273236484646,ABOVEGROUND,Northeast,OTHER OUTSIDE FORCE DAMAGE
9,2,0,40.95,0,0,0,0.0,1.2864740258376797,10.534972072703967,0.7237569060773481,10.534972072703967,UNDERGROUND,Midwest,EXCAVATION DAMAGE
9,3,9,0.0,0,0,0,0.0,2.3978952727983707,11.097425172408931,0.9090909090909091,11.097425172408931,ABOVEGROUND,Midwest,INCORRECT OPERATION
10,0,11,938.5,0,0,0,2.3978952727983707,2.3978952727983707,9.770013301136158,0.0,7.37268926107353,UNDERGROUND,South,CORROSION
10,0,15,0.0,0,0,0,0.0,3.7376696182833684,10.278527816830314,0.9761904761904762,10.278527816830314,UNDERGROUND,West,CORROSION
10,1,7,0.0,0,0,0,0.0,0.6931471805599453,10.905974329106854,0.5,10.905974329106854,TANK,Northeast,MATERIAL/WELD/EQUIP FAILURE
10,1,15,0.0,0,0,0,0.4054651081081644,0.4054651081081644,8.104401307921613,0.0,7.699087291450813,UNDERGROUND,South,CORROSION
10,1,22,16.25,0,0,0,0.0,3.258096538021482,9.413934064045677,0.9615384615384616,9.413934064045677,ABOVEGROUND,South,CORROSION
10,3,11,27.433333333333334,0,0,0,5.673323267171493,6.3818160174060985,13.411806897595765,0.5076142131979695,7.738917770616454,UNDERGROUND,Midwest,EXCAVATION DAMAGE
10,3,12,0.0,0,0,0,0.0,0.14842000511827327,0.0,0.13793103448275865,0.0,ABOVEGROUND,South,ALL OTHER CAUSES
10,3,22,0.0,0,0,0,0.3920420877760237,0.3920420877760237,9.105090961257085,0.0,8.713102199467272,ABOVEGROUND,Midwest,MATERIAL/WELD/EQUIP FAILURE
10,4,7,0.0,0,0,0,1.3862943611198906,2.8903717578961645,8.71292443512011,0.7777777777777778,7.327123292259293,UNDERGROUND,South,CORROSION
10,4,9,29.2,0,0,0,6.898714534329988,8.101677747454572,13.549656511284093,0.6996969696969697,6.652232642882133,UNDERGROUND,South,EXCAVATION DAMAGE
10,0,13,0.0,0,0,0,5.303304908059076,5.351858133476067,11.163807608465529,0.04739336492890995,5.863334320143318,TANK,South,INCORRECT OPERATION
10,1,8,0.0,0,0,0,0.0,1.9387416595767009,9.528866827722945,0.8561151079136691,9.528866827722945,TANK,Midwest,INCORRECT OPERATION
10,2,7,8.583333333333334,0,0,0,0.6931471805599453,0.6931471805599453,8.416488487294606,0.0,7.72356247227797,UNDERGROUND,South,CORROSION
10,2,12,0.0,0,0,0,0.0,5.988961416889864,12.59473402514672,0.9974937343358395,12.59473402514672,ABOVEGROUND,Midwest,MATERIAL/WELD/EQUIP FAILURE
10,3,12,0.0,0,0,0,0.11332868530700317,0.11332868530700317,2.3978952727983707,0.0,2.295416603515433,ABOVEGROUND,South,MATERIAL/WELD/EQUIP FAILURE
10,4,9,2.6666666666666665,0,0,0,0.0,0.30010459245033805,6.2166061010848646,0.25925925925925924,6.2166061010848646,ABOVEGROUND,South,MATERIAL/WELD/EQUIP FAILURE
10,4,16,0.0,0,0,0,1.3862943611198906,1.3862943611198906,7.756623334538858,0.0,6.371611847231857,ABOVEGROUND,South,INCORRECT OPERATION
10,4,19,0.0,0,0,0,0.0,0.37156355643248307,9.76749599332478,0.3103448275862069,9.76749599332478,ABOVEGROUND,South,MATERIAL/WELD/EQUIP FAILURE
10,5,11,1.25,0,0,0,0.0,4.30406509320417,10.633472802314019,0.9864864864864865,10.633472802314019,ABOVEGROUND,South,MATERIAL/WELD/EQUIP FAILURE
10,0,10,0.0,0,0,0,0.0,0.3920420877760237,6.329720905522696,0.32432432432432434,6.329720905522696,ABOVEGROUND,Midwest,INCORRECT OPERATION
10,0,16,4.333333333333333,0,0,0,0.0,1.791759469228055,8.612685172875459,0.8333333333333334,8.612685172875459,ABOVEGROUND,South,MATERIAL/WELD/EQUIP FAILURE
10,2,14,0.0,0,0,0,0.30010459245033805,0.30010459245033805,10.129467078669546,0.0,9.829376446474361,UNDERGROUND,South,MATERIAL/WELD/EQUIP FAILURE
10,3,12,3.0166666666666666,0,0,0,0.0,3.1780538303479458,10.475624621025222,0.9583333333333334,10.475624621025222,ABOVEGROUND,South,MATERIAL/WELD/EQUIP FAILURE
10,6,7,0.0,0,0,0,1.6094379124341003,1.6094379124341003,8.764209507142004,0.0,7.155396301896734,UNDERGROUND,South,CORROSION
10,0,12,28.9,0,0,0,0.0,1.3862943611198906,8.639587799629844,0.75,8.639587799629844,UNDERGROUND,West,CORROSION
10,2,15,0.0,0,0,0,0.09531017980432487,2.3513752571634776,9.90353755128617,0.8952380952380953,9.808232371219358,ABOVEGROUND,Midwest,INCORRECT OPERATION
10,3,7,0.0,0,0,0,1.3862943611198906,1.9459101490553132,10.293534407915912,0.42857142857142855,8.90734159541251,ABOVEGROUND,South,ALL OTHER CAUSES
10,3,19,0.0,0,0,0,0.20701416938432612,0.20701416938432612,6.654152520183219,0.0,6.447434698636112,ABOVEGROUND,South,MATERIAL/WELD/EQUIP FAILURE
10,0,7,0.0,0,0,0,0.04879016416943201,0.22314355131420976,10.376642461280849,0.16,10.32785385469408,ABOVEGROUND,Northeast,CORROSION
11,2,19,0.0,0,0,0,0.3920420877760237,0.3920420877760237,3.828641396489095,0.0,3.4469800247676323,ABOVEGROUND,South,MATERIAL/WELD/EQUIP FAILURE
11,0,6,0.0,0,0,0,0.0,4.394449154672439,10.6782377612977,0.9876543209876543,10.6782377612977,ABOVEGROUND,South,CORROSION
11,0,14,0.0,1,0,0,8.639233817325263,8.639233817325263,13.08079110149337,0.0,4.453263990789322,UNDERGROUND,Midwest,EXCAVATION DAMAGE
11,0,18,70.5,0,0,0,3.828641396489095,3.828641396489095,14.424955969643792,0.0,10.59633903720844,UNDERGROUND,West,CORROSION
11,1,10,248.0,0,0,0,0.20701416938432612,0.20701416938432612,13.22187019354455,0.0,13.014856440590675,UNDERGROUND,South,MATERIAL/WELD/EQUIP FAILURE
11,1,10,5.166666666666667,0,0,0,0.0,2.3978952727983707,8.895766604056085,0.9090909090909091,8.895766604056085,ABOVEGROUND,Midwest,MATERIAL/WELD/EQUIP FAILURE
11,3,6,0.0,0,0,0,0.09531017980432487,0.6678293725756554,9.686636660844938,0.4358974358974359,9.591332691815687,ABOVEGROUND,South,MATERIAL/WELD/EQUIP FAILURE
11,4,15,0.0,0,0,0,0.0,0.3852624007906449,7.606387389772652,0.31972789115646255,7.606387389772652,ABOVEGROUND,South,INCORRECT OPERATION
11,5,14,0.0,0,0,0,0.9162907318741551,0.9162907318741551,8.55468163582723,0.0,7.638679823876112,ABOVEGROUND,South,MATERIAL/WELD/EQUIP FAILURE
11,6,8,31.0,0,0,0,4.394449154672439,5.303304908059076,10.605197963756561,0.5970149253731343,6.212729792299306,UNDERGROUND,Midwest,EXCAVATION DAMAGE
11,6,14,37.766666666666666,0,0,0,0.0,4.51085950651685,10.80594301695381,0.989010989010989,10.80594301695381,UNDERGROUND,South,MATERIAL/WELD/EQUIP FAILURE
11,0,2,8.65,0,0,0,7.552762084214147,7.580189417944541,14.44281009419202,0.027054619703930576,6.891064823787608,UNDERGROUND,West,MATERIAL/WELD/EQUIP FAILURE
11,0,9,22.5,1,0,0,7.193685818395112,7.193685818395112,11.37516801226265,0.0,4.196631237507737,TANK,South,INCORRECT OPERATION
11,1,15,184.0,0,0,0,0.0,7.820439515262181,12.863336138867261,0.9995985547972702,12.863336138867261,TANK,South,ALL OTHER CAUSES
11,2,11,0.0,0,0,0,4.02535169073515,4.948759890378168,11.623142170229228,0.6028368794326241,7.598282960218935,UNDERGROUND,South,CORROSION
11,3,11,113.58333333333333,0,0,0,0.0,2.8678989020441064,13.04016584977293,0.9431818181818182,13.04016584977293,UNDERGROUND,Midwest,MATERIAL/WELD/EQUIP FAILURE
11,6,9,0.0,0,0,0,0.0,0.3920420877760237,8.03947991910045,0.32432432432432434,8.03947991910045,TANK,Midwest,MATERIAL/WELD/EQUIP FAILURE
11,0,10,0.0,0,0,0,0.0,0.7839015438284094,9.568084743872936,0.54337899543379,9.568084743872936,ABOVEGROUND,Northeast,MATERIAL/WELD/EQUIP FAILURE
11,0,11,19.383333333333333,0,0,0,0.0,0.009950330853168083,13.472107156218781,0.009900990099009901,13.472107156218781,UNDERGROUND,Midwest,EXCAVATION DAMAGE
11,1,3,9.183333333333334,0,0,0,4.454347296253507,4.454347296253507,7.932362154339751,0.0,3.508068383867556,ABOVEGROUND,South,MATERIAL/WELD/EQUIP FAILURE
11,1,18,0.0,0,0,0,0.0,4.61512051684126,15.592748599777886,0.9900990099009901,15.592748599777886,UNDERGROUND,South,CORROSION
11,2,6,0.0,0,0,0,0.0,7.526178913346146,11.736077016252437,0.9994612068965517,11.736077016252437,ABOVEGROUND,South,MATERIAL/WELD/EQUIP FAILURE
12,3,10,11.0,0,0,0,0.3074846997479606,0.3074846997479606,8.339500903005945,0.0,8.03210220051568,ABOVEGROUND,South,MATERIAL/WELD/EQUIP FAILURE
12,3,14,78.5,0,0,0,1.791759469228055,1.791759469228055,10.609081944147828,0.0,8.81744592104187,UNDERGROUND,South,CORROSION
12,3,16,0.0,0,0,0,0.019802627296179712,0.019802627296179712,12.73670383776449,0.0,12.716901269291665,ABOVEGROUND,West,MATERIAL/WELD/EQUIP FAILURE
12,3,17,1.1666666666666667,0,0,0,0.0,0.11332868530700317,1.3862943611198906,0.10714285714285712,1.3862943611198906,TANK,South,INCORRECT OPERATION
12,5,14,5.916666666666667,0,0,0,0.0,2.3978952727983707,7.048386408721883,0.9090909090909091,7.048386408721883,ABOVEGROUND,South,MATERIAL/WELD/EQUIP FAILURE
12,1,3,13.6,0,0,0,0.6931471805599453,4.248495242049359,13.633030188560264,0.9714285714285714,12.93988420819019,ABOVEGROUND,South,INCORRECT OPERATION
12,1,11,20.366666666666667,0,0,0,5.017279836814924,6.68586094706836,9.963311854181793,0.8114856429463171,4.9530716559747106,UNDERGROUND,Midwest,EXCAVATION DAMAGE
12,1,16,1.5,0,0,0,0.2151113796169455,0.2151113796169455,9.663388566822505,0.0,9.448292443589084,ABOVEGROUND,Midwest,MATERIAL/WELD/EQUIP FAILURE
12,1,23,91.0,0,0,0,1.6094379124341003,3.4657359027997265,10.861342403487976,0.84375,9.251981231135257,ABOVEGROUND,South,MATERIAL/WELD/EQUIP FAILURE
12,2,13,0.0,0,0,0,0.6931471805599453,0.6931471805599453,8.43511508038063,0.0,7.742184984375972,ABOVEGROUND,South,MATERIAL/WELD/EQUIP FAILURE
12,3,9,0.0,0,0,0,0.0,0.0,12.179477098508002,0.0,12.179477098508002,TANK,West,INCORRECT OPERATION
12,3,16,28.216666666666665,0,0,0,5.8888779583328805,5.8888779583328805,10.388133458518734,0.0,4.51028097019756,UNDERGROUND,South,EXCAVATION DAMAGE
12,4,9,32.2,0,0,0,6.274762021241939,6.90875477931522,10.994168470877957,0.4695304695304695,4.7282707180109,UNDERGROUND,Midwest,EXCAVATION DAMAGE
12,4,11,132.33333333333334,0,0,0,1.4011829736136412,1.4011829736136412,11.670535867335246,0.0,10.269379031364656,UNDERGROUND,South,MATERIAL/WELD/EQUIP FAILURE
12,5,10,51.8,0,0,0,6.385194398997726,6.478509642208569,14.625038012993235,0.0890937019969278,8.240107059742783,UNDERGROUND,Midwest,EXCAVATION DAMAGE
12,5,10,51.78333333333333,0,0,0,7.596392304064196,7.68937110752969,14.639953070527522,0.08878718535469107,7.044432959940438,UNDERGROUND,Midwest,EXCAVATION DAMAGE
12,6,12,0.0,0,0,0,0.5364933705145685,0.5364933705145685,8.948585921534317,0.0,8.412184790496882,ABOVEGROUND,South,CORROSION
12,6,18,3.35,0,0,0,0.0,0.20701416938432612,6.548219102762372,0.1869918699186992,6.548219102762372,ABOVEGROUND,South,MATERIAL/WELD/EQUIP FAILURE
12,0,10,1079.8333333333333,0,0,0,0.0,0.4054651081081644,11.198913106339084,0.3333333333333333,11.198913106339084,UNDERGROUND,West,CORROSION
12,0,10,6.233333333333333,0,0,0,0.832909122935104,1.4586150226995167,10.026368681911944,0.46511627906976744,9.193517041295515,ABOVEGROUND,South,MATERIAL/WELD/EQUIP FAILURE
12,2,16,0.0,0,0,0,4.61512051684126,5.5254529391317835,12.568981617474362,0.5976095617529881,7.954208865033184,UNDERGROUND,South,MATERIAL/WELD/EQUIP FAILURE
12,5,16,1.8333333333333333,0,0,0,3.1354942159291497,3.1354942159291497,8.260234291607297,0.0,5.130413118226597,ABOVEGROUND,South,MATERIAL/WELD/EQUIP FAILURE
12,0,18,0.0,0,0,0,0.6931471805599453,0.6931471805599453,9.62251624577579,0.0,8.929435283803425,ABOVEGROUND,South,CORROSION
12,1,9,0.0,0,0,0,1.252762968495368,1.252762968495368,8.60061479955531,0.0,7.348311706901572,UNDERGROUND,South,INCORRECT OPERATION
12,1,13,26.583333333333332,0,0,0,0.0,0.6043159668533296,8.667680024690174,0.45355191256830596,8.667680024690174,ABOVEGROUND,Midwest,MATERIAL/WELD/EQUIP FAILURE
12,1,13,0.0,0,0,0,0.6931471805599453,1.0986122886681098,7.00397413672268,0.3333333333333333,6.311734809152915,TANK,South,MATERIAL/WELD/EQUIP FAILURE
12,1,21,373.4166666666667,0,0,0,8.096817470572319,8.096817470572319,12.28765724080691,0.0,4.205855431346332,UNDERGROUND,South,MATERIAL/WELD/EQUIP FAILURE
12,2,17,353.9166666666667,0,1,0,0.0,0.0,9.259225769705994,0.0,9.259225769705994,UNDERGROUND,South,ALL OTHER CAUSES
12,3,9,0.0,0,0,0,0.0295588022415444,0.20701416938432612,7.396948602621014,0.1626016260162602,7.367408193833853,ABOVEGROUND,South,MATERIAL/WELD/EQUIP FAILURE
12,3,14,0.0,0,0,0,1.0986122886681098,1.0986122886681098,8.19229373114764,0.0,7.094234845924755,ABOVEGROUND,South,MATERIAL/WELD/EQUIP FAILURE
12,4,10,26.366666666666667,0,0,0,3.9318256327243257,5.017279836814924,11.965916446305247,0.6622516556291391,8.034408625007009,UNDERGROUND,Midwest,MATERIAL/WELD/EQUIP FAILURE
1,6,19,1.5,0,0,0,2.6939512767227085,3.5493299891638506,7.821242083523558,0.5748778384593274,5.132807052470342,ABOVEGROUND,South,MATERIAL/WELD/EQUIP FAILURE
1,2,15,0.0,0,0,0,0.0,0.9162907318741551,8.787372988731876,0.6,8.787372988731876,TANK,West,MATERIAL/WELD/EQUIP FAILURE
1,4,9,28.75,0,0,0,4.770684624465665,4.770684624465665,11.403367262450702,0.0,6.6339872550643095,UNDERGROUND,South,CORROSION
1,0,7,0.0,0,0,0,0.11332868530700317,0.11332868530700317,7.182352111885263,0.0,7.069114607831457,ABOVEGROUND,South,MATERIAL/WELD/EQUIP FAILURE
1,1,7,0.0,0,0,0,0.0,0.4054651081081644,9.21542741102474,0.3333333333333333,9.21542741102474,TANK,South,NATURAL FORCE DAMAGE
1,2,10,0.0,0,0,0,1.0986122886681098,1.0986122886681098,10.048885755225484,0.0,8.950359930609999,UNDERGROUND,South,CORROSION
1,3,6,0.0,0,0,0,0.0,0.6097655716208943,8.034631032923107,0.4565217391304348,8.034631032923107,ABOVEGROUND,West,MATERIAL/WELD/EQUIP FAILURE
1,3,10,0.0,0,0,0,0.1310282624064041,0.1310282624064041,3.5263605246161616,0.0,3.3994414549598906,ABOVEGROUND,South,MATERIAL/WELD/EQUIP FAILURE
1,3,22,993.3833333333333,1,0,0,7.108653221349027,7.576097340623111,16.700567941778786,0.3733982573039467,9.591982940813123,UNDERGROUND,Midwest,EXCAVATION DAMAGE
1,5,6,0.0,0,0,0,0.0,0.27002713721306015,9.214431989879436,0.23664122137404578,9.214431989879436,ABOVEGROUND,South,MATERIAL/WELD/EQUIP FAILURE
1,5,22,0.0,0,0,0,0.0,1.449269160281279,10.525165583876873,0.7652582159624413,10.525165583876873,ABOVEGROUND,West,MATERIAL/WELD/EQUIP FAILURE
1,0,14,0.0,0,0,0,1.0986122886681098,1.0986122886681098,11.761354623750297,0.0,10.662757935462837,UNDERGROUND,West,CORROSION
1,1,7,13.583333333333334,0,0,0,2.4849066497880004,4.330733340286331,12.650271168593957,0.8421052631578947,10.165399791778686,TANK,Northeast,MATERIAL/WELD/EQUIP FAILURE
1,1,14,43.86666666666667,0,0,0,0.0,1.0986122886681098,10.463274754350781,0.6666666666666666,10.463274754350781,ABOVEGROUND,South,MATERIAL/WELD/EQUIP FAILURE
1,2,8,0.0,0,0,0,3.190476350346503,5.783209608287523,13.910821646859095,0.9251847290640394,10.720366478087186,UNDERGROUND,South,CORROSION
1,2,10,9.0,0,0,0,0.5364933705145685,0.5364933705145685,7.616283561580385,0.0,7.0801397114633975,ABOVEGROUND,Midwest,MATERIAL/WELD/EQUIP FAILURE
1,4,7,0.0,0,0,0,0.0,0.6678293725756554,11.435223349306192,0.48717948717948717,11.435223349306192,UNDERGROUND,South,CORROSION
1,4,8,0.0,0,0,0,0.0,0.15700374880966475,8.412054873292933,0.1452991452991453,8.412054873292933,TANK,Midwest,NATURAL FORCE DAMAGE
1,6,9,0.16666666666666666,0,0,0,1.9387416595767009,2.5572273113676265,8.593042503699674,0.46124031007751937,6.655403313673538,ABOVEGROUND,Midwest,MATERIAL/WELD/EQUIP FAILURE
1,6,12,0.0,0,0,0,0.0,0.4054651081081644,8.517393171418904,0.3333333333333333,8.517393171418904,ABOVEGROUND,South,MATERIAL/WELD/EQUIP FAILURE
1,0,10,2.6333333333333333,0,0,0,0.15700374880966475,0.4700036292457355,6.8308742346461795,0.26875,6.674054054299968,ABOVEGROUND,Northeast,ALL OTHER CAUSES
1,2,9,125.25,0,0,0,0.6931471805599453,4.110873864173311,10.658035524203411,0.9672131147540983,9.964911854523127,UNDERGROUND,South,EXCAVATION DAMAGE
1,3,14,0.0,0,0,0,0.9242589015233319,0.9242589015233319,12.490476851643068,0.0,11.566223668817878,UNDERGROUND,Midwest,MATERIAL/WELD/EQUIP FAILURE
1,3,23,0.0,0,0,0,0.3074846997479606,0.3074846997479606,7.950854857719988,0.0,7.643496999821552,UNDERGROUND,West,MATERIAL/WELD/EQUIP FAILURE
1,4,8,0.0,0,0,0,5.278114659230517,6.089044875446846,11.737356187523991,0.5555555555555556,6.460798309185652,TANK,West,INCORRECT OPERATION
1,5,9,8808.033333333333,0,0,0,3.044522437723423,5.572154032177765,12.093737866135012,0.9201520912547528,9.04932731089035,TANK,Midwest,NATURAL FORCE DAMAGE
1,0,9,0.0,0,0,0,0.0,4.2626798770413155,5.204006687076795,0.9859154929577465,5.204006687076795,ABOVEGROUND,South,MATERIAL/WELD/EQUIP FAILURE
1,1,11,4085.6666666666665,0,0,0,4.477336814478207,5.375278407684165,16.58496944989105,0.5925925925925926,12.10763808994308,UNDERGROUND,Midwest,CORROSION
2,2,18,0.0,0,0,0,0.14842000511827327,0.14842000511827327,7.346655163176539,0.0,7.1983383119898114,ABOVEGROUND,South,MATERIAL/WELD/EQUIP FAILURE
2,4,20,46.8,0,0,0,1.9459101490553132,3.295836866004329,10.961295207644392,0.7407407407407407,9.015489218022545,UNDERGROUND,South,INCORRECT OPERATION
2,0,11,0.0,0,0,0,0.0,0.2851789422336624,10.55947788869972,0.24812030075187969,10.55947788869972,UNDERGROUND,South,MATERIAL/WELD/EQUIP FAILURE
2,0,14,0.0,0,0,0,0.0,0.2151113796169455,10.212037860792206,0.1935483870967742,10.212037860792206,ABOVEGROUND,Midwest,MATERIAL/WELD/EQUIP FAILURE
2,0,21,0.0,0,0,0,1.0986122886681098,3.4965075614664802,9.758288355043923,0.9090909090909091,8.659791686678867,TANK,South,INCORRECT OPERATION
2,1,8,0.0,0,0,0,0.0,0.4054651081081644,10.128669025875903,0.3333333333333333,10.128669025875903,ABOVEGROUND,West,CORROSION
2,1,11,0.0,0,0,0,0.0,0.4700036292457355,11.472113887062386,0.37499999999999994,11.472113887062386,TANK,Midwest,MATERIAL/WELD/EQUIP FAILURE
2,3,14,0.0,0,0,0,0.30010459245033805,0.30010459245033805,7.618251097876695,0.0,7.318318480809733,ABOVEGROUND,South,INCORRECT OPERATION
2,6,5,0.0,0,0,0,0.3920420877760237,0.3920420877760237,9.35668926831132,0.0,8.96468864477585,ABOVEGROUND,Midwest,MATERIAL/WELD/EQUIP FAILURE
2,0,15,0.0,0,0,0,0.0,0.37156355643248307,8.006700845440367,0.3103448275862069,8.006700845440367,UNDERGROUND,South,INCORRECT OPERATION
2,1,13,0.0,0,0,0,4.61512051684126,4.61512051684126,11.225256725762893,0.0,6.6114686364015425,UNDERGROUND,South,CORROSION
2,1,16,0.0,0,0,0,5.644598481302753,7.298445101508147,14.681613489430331,0.8086874154262517,9.03713350581724,TANK,Midwest,MATERIAL/WELD/EQUIP FAILURE
2,2,8,0.0,0,0,0,0.09531017980432487,0.7884573603642702,9.708141544619421,0.5,9.612837443454453,ABOVEGROUND,South,MATERIAL/WELD/EQUIP FAILURE
2,2,8,0.0,0,0,0,0.0,0.6043159668533296,13.623200481587972,0.45355191256830596,13.623200481587972,TANK,South,CORROSION
2,2,9,0.0,0,0,0,0.30010459245033805,0.30010459245033805,6.415096959171596,0.0,6.115565034139861,ABOVEGROUND,West,MATERIAL/WELD/EQUIP FAILURE
2,2,13,3.8833333333333333,0,0,0,0.0,2.70805020110221,13.711927350846397,0.9333333333333333,13.711927350846397,ABOVEGROUND,South,MATERIAL/WELD/EQUIP FAILURE
2,2,14,40.6,0,0,0,0.0,3.044522437723423,12.611541086966115,0.9523809523809523,12.611541086966115,UNDERGROUND,Midwest,MATERIAL/WELD/EQUIP FAILURE
2,2,18,0.0,0,0,0,0.0,1.8562979903656263,11.020283511637867,0.84375,11.020283511637867,ABOVEGROUND,Northeast,NATURAL FORCE DAMAGE
2,3,1,6.833333333333333,0,0,0,0.0,1.791759469228055,10.684210534101828,0.8333333333333334,10.684210534101828,ABOVEGROUND,Midwest,MATERIAL/WELD/EQUIP FAILURE
2,3,4,100.25,0,0,0,0.0,0.6931471805599453,9.21074029199751,0.5,9.21074029199751,UNDERGROUND,South,MATERIAL/WELD/EQUIP FAILURE
2,4,12,311.75,0,0,0,0.0,1.791759469228055,0.0,0.8333333333333334,0.0,UNDERGROUND,South,CORROSION
2,4,14,29.683333333333334,0,0,0,0.0,0.009950330853168083,10.974403137513908,0.009900990099009901,10.974403137513908,UNDERGROUND,Midwest,OTHER OUTSIDE FORCE DAMAGE
2,5,5,0.0,0,0,0,0.4054651081081644,1.0986122886681098,10.021626080553169,0.5,9.616183186522067,ABOVEGROUND,South,NATURAL FORCE DAMAGE
2,6,18,0.0,0,0,0,0.0,0.2151113796169455,9.33353098253138,0.1935483870967742,9.33353098253138,ABOVEGROUND,Midwest,NATURAL FORCE DAMAGE
2,0,15,0.0,0,0,0,0.04879016416943201,0.2151113796169455,8.09376775793108,0.1532258064516129,8.044992865483763,ABOVEGROUND,Midwest,CORROSION
2,0,16,88.66666666666667,0,0,0,3.9318256327243257,6.2166061010848646,12.492532721648471,0.8982035928143712,8.560894800569576,UNDERGROUND,Midwest,MATERIAL/WELD/EQUIP FAILURE
2,1,13,8.5,0,0,0,0.0,3.2188758248682006,11.736077016252437,0.96,11.736077016252437,TANK,Midwest,INCORRECT OPERATION
2,2,11,0.0,0,0,0,0.0,0.20701416938432612,5.808142489980444,0.1869918699186992,5.808142489980444,TANK,West,MATERIAL/WELD/EQUIP FAILURE
2,4,16,25.7,0,0,0,1.0986122886681098,5.214935757608986,12.407587984180815,0.9836956521739131,11.308983870389673,ABOVEGROUND,West,MATERIAL/WELD/EQUIP FAILURE
2,0,6,15.916666666666666,0,0,0,0.4054651081081644,1.0986122886681098,8.355614995760183,0.5,7.950267417181448,ABOVEGROUND,South,CORROSION
2,1,6,0.0,0,0,0,3.9318256327243257,7.170888478512505,13.779884416590017,0.9607993850883936,9.84811059594123,TANK,South,ALL OTHER CAUSES
2,2,14,0.0,0,0,0,1.0986122886681098,1.0986122886681098,7.0967213784947605,0.0,5.999763349922677,ABOVEGROUND,South,INCORRECT OPERATION
3,4,8,6.0,0,0,0,0.0,0.14842000511827327,10.714439990727769,0.13793103448275865,10.714439990727769,UNDERGROUND,South,CORROSION
3,4,10,105.5,0,0,0,0.11332868530700317,0.11332868530700317,9.616671771412305,0.0,9.503351079146027,UNDERGROUND,South,CORROSION
3,4,18,0.0,0,0,0,3.367295829986474,4.859812404361672,10.569802959130607,0.7751937984496124,7.203225907252347,TANK,South,CORROSION
3,5,2,149.26666666666668,0,1,1,7.1276936993473985,7.313886831633462,14.858179459054863,0.1698867421718854,7.730924541620689,ABOVEGROUND,Midwest,OTHER OUTSIDE FORCE DAMAGE
3,6,6,0.0,0,0,0,0.0,0.15700374880966475,12.9007836027538,0.1452991452991453,12.9007836027538,TANK,South,ALL OTHER CAUSES
3,0,7,0.0,0,0,0,0.9162907318741551,0.9162907318741551,7.62608275807238,0.0,6.710523109452428,ABOVEGROUND,South,MATERIAL/WELD/EQUIP FAILURE
3,1,13,746.0,0,0,0,0.4054651081081644,0.4054651081081644,9.807031716718498,0.0,9.401594139754943,UNDERGROUND,South,CORROSION
3,1,17,1.8333333333333333,0,0,0,0.0,1.3862943611198906,7.496097345175956,0.75,7.496097345175956,ABOVEGROUND,South,INCORRECT OPERATION
3,3,8,0.0,0,0,0,0.6931471805599453,0.6931471805599453,10.130662964963708,0.0,9.437555622660446,ABOVEGROUND,South,CORROSION
3,4,9,3.2666666666666666,0,0,0,0.0,1.0647107369924282,6.111467339502679,0.6551724137931034,6.111467339502679,ABOVEGROUND,Midwest,MATERIAL/WELD/EQUIP FAILURE
3,4,10,0.0,0,0,0,0.0,0.2151113796169455,6.93828448401696,0.1935483870967742,6.93828448401696,ABOVEGROUND,South,MATERIAL/WELD/EQUIP FAILURE
3,0,15,0.0,0,0,0,0.18232155679395465,0.18232155679395465,5.111987788356544,0.0,4.930870325627393,ABOVEGROUND,Midwest,INCORRECT OPERATION
3,2,12,0.0,0,0,0,0.0,0.11332868530700317,8.926118971153382,0.10714285714285712,8.926118971153382,ABOVEGROUND,South,MATERIAL/WELD/EQUIP FAILURE
3,2,16,0.0,0,0,0,0.0295588022415444,0.11332868530700317,7.7057128238944275,0.08035714285714285,7.676167528990745,ABOVEGROUND,Northeast,ALL OTHER CAUSES
3,3,0,0.0,0,0,0,0.09531017980432487,0.4054651081081644,11.923053020292636,0.26666666666666666,11.827743504053695,ABOVEGROUND,Northeast,MATERIAL/WELD/EQUIP FAILURE
3,3,8,0.0,0,0,0,1.667706820558076,1.667706820558076,5.560681631015528,0.0,3.9093780010521675,ABOVEGROUND,South,INCORRECT OPERATION
3,4,10,0.0,0,0,0,0.0,0.4054651081081644,8.423102268016642,0.3333333333333333,8.423102268016642,UNDERGROUND,West,MATERIAL/WELD/EQUIP FAILURE
3,5,7,0.0,0,0,0,0.0,0.6931471805599453,10.043944905231385,0.5,10.043944905231385,ABOVEGROUND,South,MATERIAL/WELD/EQUIP FAILURE
3,5,10,0.0,0,0,0,2.772588722239781,5.3230099791384085,14.845665902939045,0.9219512195121952,12.073082534957514,UNDERGROUND,South,EXCAVATION DAMAGE
3,1,11,0.0,0,0,0,1.0986122886681098,1.3862943611198906,10.493022687972363,0.25,9.394465856269663,TANK,South,MATERIAL/WELD/EQUIP FAILURE
3,1,12,0.0,0,0,0,0.0,0.3920420877760237,6.68586094706836,0.32432432432432434,6.68586094706836,ABOVEGROUND,South,MATERIAL/WELD/EQUIP FAILURE
3,1,13,10.416666666666666,0,0,0,0.0,0.019802627296179712,10.596659732783579,0.0196078431372549,10.596659732783579,UNDERGROUND,Midwest,MATERIAL/WELD/EQUIP FAILURE
3,2,10,0.0,0,0,0,0.0,2.4849066497880004,11.520407405317984,0.9166666666666666,11.520407405317984,ABOVEGROUND,Midwest,MATERIAL/WELD/EQUIP FAILURE
3,2,16,2.8333333333333335,0,0,0,0.08617769624105233,0.7839015438284094,10.661977618146238,0.5022831050228311,10.575802029581942,ABOVEGROUND,Midwest,MATERIAL/WELD/EQUIP FAILURE
3,2,18,95.0,0,0,0,0.0,2.5649493574615367,13.717347412320395,0.9230769230769231,13.717347412320395,UNDERGROUND,Midwest,MATERIAL/WELD/EQUIP FAILURE
3,3,10,12.75,0,0,0,0.0,0.2151113796169455,11.51293546492023,0.1935483870967742,11.51293546492023,UNDERGROUND,Midwest,NATURAL FORCE DAMAGE
3,3,16,0.0,0,0,0,0.0,2.3978952727983707,13.365781601446486,0.9090909090909091,13.365781601446486,UNDERGROUND,Midwest,CORROSION
3,4,9,0.0,0,0,0,0.3920420877760237,0.3920420877760237,3.912023005428146,0.0,3.529535130456934,ABOVEGROUND,South,INCORRECT OPERATION
3,6,11,1.4666666666666666,0,0,0,0.0,0.33647223662121295,8.706324840138741,0.28571428571428575,8.706324840138741,ABOVEGROUND,Midwest,INCORRECT OPERATION
3,0,9,0.0,0,0,0,0.0,0.9555114450274363,11.698583117470207,0.6153846153846154,11.698583117470207,TANK,Midwest,MATERIAL/WELD/EQUIP FAILURE
3,1,9,0.0,0,0,0,0.0,5.407171771460119,12.14470774977859,0.9955156950672646,12.14470774977859,UNDERGROUND,Midwest,EXCAVATION DAMAGE
3,1,20,86.43333333333334,0,0,0,4.61512051684126,4.61512051684126,12.091127454381331,0.0,7.476567686266445,UNDERGROUND,South,MATERIAL/WELD/EQUIP FAILURE
3,4,7,697.0,0,0,0,2.772588722239781,4.330733340286331,11.143150807503437,0.7894736842105263,8.3707791729607,TANK,South,CORROSION
3,5,3,11.783333333333333,0,0,0,0.0,1.085189268335969,8.974744612722734,0.6621621621621622,8.974744612722734,ABOVEGROUND,West,MATERIAL/WELD/EQUIP FAILURE
4,6,0,13.016666666666667,0,0,0,0.0,0.6780335427498971,8.888894669371593,0.49238578680203043,8.888894669371593,ABOVEGROUND,West,MATERIAL/WELD/EQUIP FAILURE
4,0,8,0.0,0,0,0,0.0,1.7047480922384253,7.496097345175956,0.8181818181818182,7.496097345175956,ABOVEGROUND,South,MATERIAL/WELD/EQUIP FAILURE
4,1,7,0.0,0,0,0,1.5851452198650557,1.5851452198650557,7.976595409316577,0.0,6.392781720153341,ABOVEGROUND,South,INCORRECT OPERATION
4,2,6,14.016666666666667,0,0,0,0.0,0.3074846997479606,10.463131911491967,0.2647058823529412,10.463131911491967,ABOVEGROUND,Midwest,INCORRECT OPERATION
4,2,9,0.0,0,0,0,0.0,1.252762968495368,9.139488631004232,0.7142857142857143,9.139488631004232,UNDERGROUND,South,MATERIAL/WELD/EQUIP FAILURE
4,2,13,1.5,0,0,0,0.0,1.3862943611198906,9.23024103368252,0.75,9.23024103368252,UNDERGROUND,South,CORROSION
4,3,14,0.0,0,0,0,0.0,0.09531017980432487,13.735786382887177,0.09090909090909091,13.735786382887177,TANK,Midwest,CORROSION
4,4,6,0.0,0,0,0,2.7819200496686656,2.7819200496686656,7.976938756959434,0.0,5.200206053608547,ABOVEGROUND,South,INCORRECT OPERATION
4,4,8,34.61666666666667,0,0,0,0.0,3.044522437723423,13.094994236104542,0.9523809523809523,13.094994236104542,ABOVEGROUND,Midwest,MATERIAL/WELD/EQUIP FAILURE
4,4,13,0.0,0,0,0,0.07696104113612832,0.3920420877760237,12.765705576175803,0.2702702702702703,12.688744763607158,ABOVEGROUND,South,MATERIAL/WELD/EQUIP FAILURE
4,5,4,3.45,0,0,0,0.0,0.4700036292457355,9.220389707829185,0.37499999999999994,9.220389707829185,ABOVEGROUND,Midwest,MATERIAL/WELD/EQUIP FAILURE
4,6,11,0.0,0,0,0,1.791759469228055,1.791759469228055,10.129068131883756,0.0,8.337508155943413,ABOVEGROUND,South,INCORRECT OPERATION
4,6,22,1792.9333333333334,0,0,0,0.0,6.398594934535208,14.345154795632261,0.9983361064891847,14.345154795632261,UNDERGROUND,South,CORROSION
4,0,14,0.0,0,0,0,0.0,1.7047480922384253,9.61587214452889,0.8181818181818182,9.61587214452889,ABOVEGROUND,West,INCORRECT OPERATION
4,0,19,0.0,0,0,0,1.0438040521731147,1.0438040521731147,5.780743515792329,0.0,4.742602411167042,ABOVEGROUND,South,INCORRECT OPERATION
4,1,7,0.0,0,0,0,0.0,0.6259384308664953,9.580316462154043,0.4652406417112299,9.580316462154043,ABOVEGROUND,South,MATERIAL/WELD/EQUIP FAILURE
4,1,17,22.716666666666665,0,0,0,0.0,1.8718021769015913,11.309596795779068,0.8461538461538461,11.309596795779068,UNDERGROUND,South,CORROSION
4,1,19,0.0,0,0,0,0.0,0.20701416938432612,5.746203190540153,0.1869918699186992,5.746203190540153,ABOVEGROUND,South,INCORRECT OPERATION
4,2,11,0.0,0,0,0,0.0,0.2151113796169455,7.62608275807238,0.1935483870967742,7.62608275807238,ABOVEGROUND,Midwest,MATERIAL/WELD/EQUIP FAILURE
4,2,13,0.0,0,0,0,0.0,3.752792779857589,10.87806606028079,0.9765478424015009,10.87806606028079,UNDERGROUND,Midwest,CORROSION
4,3,7,0.0,0,0,0,4.343805421853684,4.762173934797756,11.961456448214491,0.3418803418803419,7.61813621843616,TANK,South,INCORRECT OPERATION
4,0,8,2.0,0,0,0,0.0,1.791759469228055,9.18512512283512,0.8333333333333334,9.18512512283512,UNDERGROUND,South,CORROSION
4,0,8,0.0,0,0,0,0.0,0.3920420877760237,8.188966863648876,0.32432432432432434,8.188966863648876,ABOVEGROUND,Midwest,MATERIAL/WELD/EQUIP FAILURE
4,0,10,0.0,0,0,0,0.0,0.32208349916911333,9.12052506765382,0.2753623188405797,9.12052506765382,ABOVEGROUND,South,INCORRECT OPERATION
4,0,18,15.5,0,0,0,1.3862943611198906,1.3862943611198906,10.573135782807311,0.0,9.18691820203169,UNDERGROUND,South,MATERIAL/WELD/EQUIP FAILURE
4,0,20,672.5,0,0,0,0.0,3.590715205326705,12.306374889675654,0.9724214009928296,12.306374889675654,TANK,Northeast,MATERIAL/WELD/EQUIP FAILURE
4,3,12,8.0,0,0,0,0.0,1.308332819650179,8.704668113450987,0.7297297297297297,8.704668113450987,UNDERGROUND,West,CORROSION
4,3,14,14.916666666666666,0,0,0,0.0,0.14842000511827327,9.99884318585288,0.13793103448275865,9.99884318585288,UNDERGROUND,South,MATERIAL/WELD/EQUIP FAILURE
4,3,16,34.63333333333333,0,0,0,0.0,1.791759469228055,12.91287861862581,0.8333333333333334,12.91287861862581,UNDERGROUND,West,CORROSION
4,3,17,8.5,0,0,0,0.0,0.2468600779315258,8.033009498596668,0.21875000000000003,8.033009498596668,ABOVEGROUND,West,MATERIAL/WELD/EQUIP FAILURE
4,4,14,0.0,0,0,0,0.3074846997479606,0.5423242908253617,10.207325906555994,0.20930232558139533,9.899854490362477,ABOVEGROUND,Midwest,CORROSION
4,0,4,0.0,0,0,0,0.0,0.3852624007906449,9.200391041122515,0.31972789115646255,9.200391041122515,ABOVEGROUND,South,MATERIAL/WELD/EQUIP FAILURE
4,0,9,0.0,0,0,0,0.0,1.3862943611198906,9.605822482030945,0.75,9.605822482030945,ABOVEGROUND,South,CORROSION
4,0,15,0.0,0,0,0,0.0,0.15700374880966475,8.446985296372741,0.1452991452991453,8.446985296372741,ABOVEGROUND,Northeast,MATERIAL/WELD/EQUIP FAILURE
4,2,6,0.0,0,0,0,0.26236426446749106,0.4054651081081644,9.21542741102474,0.13333333333333333,8.953092993888154,ABOVEGROUND,South,INCORRECT OPERATION
4,5,22,7352.333333333333,0,0,0,6.78105762593618,7.9658927350845286,15.852913610285626,0.6942034015966678,9.071970700577472,UNDERGROUND,South,MATERIAL/WELD/EQUIP FAILURE
4,6,18,0.0,0,0,0,0.0,2.772588722239781,7.937731775260109,0.9375,7.937731775260109,ABOVEGROUND,South,CORROSION
4,0,7,0.0,0,0,0,1.3862943611198906,1.3862943611198906,10.39194486044011,0.0,9.0057425309178,ABOVEGROUND,South,MATERIAL/WELD/EQUIP FAILURE
5,1,18,0.0,0,0,0,1.3862943611198906,1.3862943611198906,6.647688373563329,0.0,5.2652775124698366,ABOVEGROUND,South,MATERIAL/WELD/EQUIP FAILURE
5,3,10,0.0,0,0,0,0.0,2.1972245773362196,9.392745258631441,0.8888888888888888,9.392745258631441,TANK,South,NATURAL FORCE DAMAGE
5,6,19,0.0,0,0,0,0.0,0.3074846997479606,8.830689198760998,0.2647058823529412,8.830689198760998,ABOVEGROUND,Midwest,MATERIAL/WELD/EQUIP FAILURE
5,1,7,16.183333333333334,0,0,0,0.0,0.5364933705145685,10.10748905832197,0.4152046783625731,10.10748905832197,ABOVEGROUND,Midwest,MATERIAL/WELD/EQUIP FAILURE
5,1,8,0.0,0,0,0,0.0,0.4700036292457355,9.16701524723781,0.37499999999999994,9.16701524723781,ABOVEGROUND,South,MATERIAL/WELD/EQUIP FAILURE
5,3,10,70.7,0,0,0,3.044522437723423,3.044522437723423,12.466642994200159,0.0,9.422197614701968,UNDERGROUND,South,CORROSION
5,5,11,0.0,0,0,0,0.0,0.3920420877760237,8.962391701743002,0.32432432432432434,8.962391701743002,ABOVEGROUND,Northeast,MATERIAL/WELD/EQUIP FAILURE
5,0,5,0.0,0,0,0,0.0,0.2151113796169455,8.299285906897275,0.1935483870967742,8.299285906897275,ABOVEGROUND,South,MATERIAL/WELD/EQUIP FAILURE
5,0,7,0.0,0,0,0,0.0,0.5364933705145685,11.736077016252437,0.4152046783625731,11.736077016252437,TANK,South,MATERIAL/WELD/EQUIP FAILURE
5,1,3,35.15,0,0,0,3.58351893845611,5.017279836814924,11.231702487579186,0.7615894039735099,7.648647103801028,ABOVEGROUND,Midwest,MATERIAL/WELD/EQUIP FAILURE
5,1,10,0.0,0,0,0,0.4574248470388754,1.4350845252893227,11.482796099988716,0.6238095238095238,11.02537723034149,ABOVEGROUND,Midwest,INCORRECT OPERATION
5,3,4,0.0,0,0,0,0.0,0.09531017980432487,0.0,0.09090909090909091,0.0,ABOVEGROUND,South,INCORRECT OPERATION
5,3,9,0.0,0,0,0,1.791759469228055,1.791759469228055,10.644734182586557,0.0,8.853093836138493,UNDERGROUND,Midwest,CORROSION
5,3,10,0.0,0,0,0,0.0,2.0794415416798357,10.177932398205888,0.875,10.177932398205888,ABOVEGROUND,South,INCORRECT OPERATION
5,4,6,2.45,0,0,0,0.0,0.1310282624064041,8.346167594364134,0.12280701754385964,8.346167594364134,ABOVEGROUND,West,MATERIAL/WELD/EQUIP FAILURE
5,4,16,0.0,0,0,0,0.0,1.2178757094949273,12.888613780302896,0.7041420118343196,12.888613780302896,UNDERGROUND,Midwest,CORROSION
5,4,20,0.0,0,0,0,1.0986122886681098,2.3978952727983707,9.254835611862735,0.7272727272727273,8.156414600930479,UNDERGROUND,South,CORROSION
5,5,4,0.0,0,0,0,0.0,0.33647223662121295,8.861633597686627,0.28571428571428575,8.861633597686627,ABOVEGROUND,South,MATERIAL/WELD/EQUIP FAILURE
5,5,5,147.25,0,0,0,0.0,3.992311836656949,12.981953525180908,0.9815430047988187,12.981953525180908,ABOVEGROUND,Northeast,MATERIAL/WELD/EQUIP FAILURE
5,5,13,0.5666666666666667,0,0,0,0.0,0.9162907318741551,8.37816098272068,0.6,8.37816098272068,ABOVEGROUND,South,INCORRECT OPERATION
5,5,14,52.38333333333333,0,0,0,1.4816045409242156,1.4816045409242156,11.140585607293891,0.0,9.659030403439093,UNDERGROUND,Midwest,MATERIAL/WELD/EQUIP FAILURE
5,1,7,0.0,0,0,0,0.0,2.331172549845958,8.517393171418904,0.9028182701652089,8.517393171418904,ABOVEGROUND,West,OTHER OUTSIDE FORCE DAMAGE
5,1,13,0.0,0,0,0,0.5822156198526637,2.70805020110221,10.603709646768035,0.8806666666666667,10.021513637486661,TANK,South,INCORRECT OPERATION
5,1,13,19.5,0,0,0,1.252762968495368,1.252762968495368,10.383719939217288,0.0,9.13103429768355,ABOVEGROUND,South,MATERIAL/WELD/EQUIP FAILURE
5,2,7,1223.7833333333333,0,0,0,1.0986122886681098,1.791759469228055,9.447860089234899,0.5,8.34940550439932,UNDERGROUND,South,CORROSION
5,3,11,0.0,0,0,0,0.0,0.7839015438284094,10.31231367277647,0.54337899543379,10.31231367277647,TANK,Midwest,MATERIAL/WELD/EQUIP FAILURE
5,6,15,0.0,0,0,0,0.6931471805599453,1.3862943611198906,8.958154135209242,0.5,8.265135629937385,ABOVEGROUND,South,CORROSION
5,2,4,626.75,0,0,0,2.995732273553991,5.480638923341991,11.353343395145764,0.9166666666666666,8.357833970659367,TANK,South,CORROSION
6,4,1,1.2,0,0,0,7.9658927350845286,7.9658927350845286,11.67330811424543,0.0,3.731651645728338,ABOVEGROUND,South,MATERIAL/WELD/EQUIP FAILURE
6,5,8,0.0,0,1,1,0.0,0.0,0.0,0.0,0.0,ABOVEGROUND,South,ALL OTHER CAUSES
6,0,7,0.0,0,0,0,2.3978952727983707,3.295836866004329,9.259225769705994,0.5925925925925926,6.862282334024984,ABOVEGROUND,Midwest,INCORRECT OPERATION
6,1,10,0.0,0,0,0,0.019802627296179712,0.019802627296179712,14.236351516168506,0.0,14.216548902002216,TANK,Midwest,MATERIAL/WELD/EQUIP FAILURE
6,2,0,0.0,0,0,0,0.0,0.35065687161316933,9.3101857069459,0.29577464788732394,9.3101857069459,ABOVEGROUND,West,MATERIAL/WELD/EQUIP FAILURE
6,2,6,146.75,0,0,0,0.18232155679395465,0.4700036292457355,9.714080956018943,0.25,9.531771484474337,UNDERGROUND,West,CORROSION
6,2,14,1.25,0,0,0,0.0,2.772588722239781,8.916103530553727,0.9375,8.916103530553727,UNDERGROUND,South,INCORRECT OPERATION
6,4,7,0.0,0,0,0,0.0,2.3978952727983707,10.915106645867503,0.9090909090909091,10.915106645867503,TANK,South,NATURAL FORCE DAMAGE
6,4,9,24.983333333333334,0,0,0,4.5217885770490405,5.720311776607412,13.766865333290605,0.6983606557377049,9.245172287830313,UNDERGROUND,Midwest,MATERIAL/WELD/EQUIP FAILURE
6,5,11,0.0,0,0,0,0.09531017980432487,0.09531017980432487,4.61512051684126,0.0,4.520799946222101,ABOVEGROUND,South,INCORRECT OPERATION
6,0,8,0.0,0,0,0,0.0,0.22314355131420976,8.167919362957816,0.2,8.167919362957816,ABOVEGROUND,South,MATERIAL/WELD/EQUIP FAILURE
6,0,19,3.716666666666667,0,0,0,0.0,0.173953307123438,8.160803920954665,0.1596638655462185,8.160803920954665,ABOVEGROUND,South,MATERIAL/WELD/EQUIP FAILURE
6,1,12,7.666666666666667,0,0,0,0.0,3.044522437723423,8.919453168575453,0.9523809523809523,8.919453168575453,UNDERGROUND,South,EXCAVATION DAMAGE
6,1,14,0.0,0,0,0,0.6931471805599453,2.1972245773362196,10.186935674455848,0.7777777777777778,9.493826152296554,UNDERGROUND,South,CORROSION
6,2,7,24.833333333333332,0,0,0,0.4054651081081644,0.6931471805599453,8.556606193773073,0.25,8.151237216402786,TANK,South,MATERIAL/WELD/EQUIP FAILURE
6,2,13,401.0,0,0,0,0.0,0.3920420877760237,8.086717920303906,0.32432432432432434,8.086717920303906,UNDERGROUND,South,CORROSION
6,4,15,88.16666666666667,0,0,0,1.0986122886681098,4.110873864173311,10.685583814855978,0.9508196721311475,9.587017269749468,UNDERGROUND,Midwest,CORROSION
6,6,5,0.0,0,0,0,4.310799125385514,4.61512051684126,11.373674891823535,0.2623762376237624,7.063720227655917,TANK,Northeast,INCORRECT OPERATION
6,1,14,0.0,0,0,0,5.5254529391317835,5.5254529391317835,11.775297421715827,0.0,6.251765697997543,TANK,South,CORROSION
6,2,10,4.916666666666667,0,0,0,0.5877866649021191,0.6931471805599453,8.604654467186231,0.1,8.017014392235634,ABOVEGROUND,South,MATERIAL/WELD/EQUIP FAILURE
6,2,11,0.0,0,0,0,0.11332868530700317,0.11332868530700317,7.975908360165538,0.0,7.86262091112171,ABOVEGROUND,South,CORROSION
6,3,10,1700.0,0,0,0,0.0,1.900613874140137,11.929409639560825,0.8505231689088192,11.929409639560825,UNDERGROUND,Midwest,CORROSION
6,4,13,0.0,0,0,0,0.0,0.3074846997479606,6.962243464266207,0.2647058823529412,6.962243464266207,ABOVEGROUND,West,MATERIAL/WELD/EQUIP FAILURE
6,5,8,0.0,0,0,0,0.0,3.1986731175506815,10.985309671896763,0.9591836734693877,10.985309671896763,UNDERGROUND,Midwest,INCORRECT OPERATION
6,0,7,20.733333333333334,0,0,0,0.0,0.18232155679395465,10.463703160543519,0.16666666666666669,10.463703160543519,ABOVEGROUND,Midwest,MATERIAL/WELD/EQUIP FAILURE
6,0,16,18.916666666666668,0,0,0,1.0986122886681098,4.962844630259907,8.839421607620602,0.9790209790209791,7.741099090035366,ABOVEGROUND,Midwest,MATERIAL/WELD/EQUIP FAILURE
6,2,13,15.2,0,0,0,6.144185634125646,6.144185634125646,12.367345048436391,0.0,6.225136174217045,UNDERGROUND,South,EXCAVATION DAMAGE
7,0,14,0.0,0,0,0,0.0,1.2237754316221157,9.770013301136158,0.7058823529411765,9.770013301136158,UNDERGROUND,South,CORROSION
7,0,18,0.0,0,0,0,5.308267697401205,5.356586274672012,12.621491384816093,0.04716981132075472,7.313886831633462,UNDERGROUND,South,EXCAVATION DAMAGE
7,1,22,0.0,0,0,0,0.0,2.6390573296152584,12.07824495582233,0.9285714285714286,12.07824495582233,ABOVEGROUND,West,MATERIAL/WELD/EQUIP FAILURE
7,3,16,0.0,0,0,0,0.2151113796169455,0.3920420877760237,9.169622538697624,0.16216216216216217,8.954536156164353,ABOVEGROUND,South,ALL OTHER CAUSES
7,4,11,0.0,0,0,0,1.6094379124341003,1.6094379124341003,9.472781556562168,0.0,7.8636512654486515,UNDERGROUND,West,EXCAVATION DAMAGE
7,4,14,0.0,0,0,0,0.11332868530700317,0.11332868530700317,7.037027614686276,0.0,6.923804371974664,ABOVEGROUND,South,CORROSION
7,5,8,10.75,0,0,0,1.0986122886681098,1.0986122886681098,9.807141836749443,0.0,8.708639655987193,UNDERGROUND,South,CORROSION
7,3,11,15.75,0,0,0,0.0,0.11332868530700317,9.798182590890704,0.10714285714285712,9.798182590890704,UNDERGROUND,South,CORROSION
7,4,11,0.0,0,0,0,2.2700619012884857,2.272125885509337,12.849343947746297,0.002061855670103093,10.579304855949104,TANK,Northeast,CORROSION
7,6,11,4.6,0,0,0,1.9459101490553132,4.605170185988092,9.220389707829185,0.93,7.2750733830193495,UNDERGROUND,Midwest,MATERIAL/WELD/EQUIP FAILURE
7,0,9,3.4166666666666665,0,0,0,2.813610696762703,2.813610696762703,13.133997438502696,0.0,10.320417718761481,ABOVEGROUND,South,MATERIAL/WELD/EQUIP FAILURE
7,1,10,104.25,1,0,0,6.710523109452428,7.172424577124845,16.96067564254096,0.3699155794320798,10.25018784151344,UNDERGROUND,Midwest,MATERIAL/WELD/EQUIP FAILURE
7,3,15,0.0,0,0,0,0.0,0.3074846997479606,7.919719760924575,0.2647058823529412,7.919719760924575,UNDERGROUND,South,INCORRECT OPERATION
7,3,16,0.0,0,0,0,0.0,3.9318256327243257,9.61587214452889,0.9803921568627451,9.61587214452889,TANK,South,INCORRECT OPERATION
7,4,4,8.0,0,0,0,1.9878743481543455,1.9878743481543455,8.085178748074537,0.0,6.099243369181011,ABOVEGROUND,South,MATERIAL/WELD/EQUIP FAILURE
7,5,7,4.916666666666667,0,0,0,0.0,1.3862943611198906,8.366602832783736,0.75,8.366602832783736,ABOVEGROUND,West,MATERIAL/WELD/EQUIP FAILURE
7,5,17,685.6666666666666,1,0,0,8.044947049617722,8.044947049617722,13.965657519310726,0.0,5.923389310911395,ABOVEGROUND,South,NATURAL FORCE DAMAGE
7,0,3,29.5,0,0,0,0.0,2.833213344056216,14.414622295897118,0.9411764705882353,14.414622295897118,TANK,South,ALL OTHER CAUSES
7,0,10,8.283333333333333,0,0,0,0.0,3.3463891451671604,11.041336579870135,0.9647887323943662,11.041336579870135,TRANSITION AREA,Northeast,MATERIAL/WELD/EQUIP FAILURE
7,0,20,0.0,0,0,0,4.890349128221754,4.890349128221754,15.64231231131861,0.0,10.75198442529216,UNDERGROUND,South,CORROSION
7,1,0,0.0,0,0,0,0.0,0.6931471805599453,10.225607282932941,0.5,10.225607282932941,UNDERGROUND,South,CORROSION
7,1,12,28.516666666666666,0,0,0,0.08617769624105233,0.6931471805599453,10.46384592183261,0.455,10.377670795108042,ABOVEGROUND,Midwest,MATERIAL/WELD/EQUIP FAILURE
7,2,7,0.0,0,0,0,0.0,0.11332868530700317,7.635786861395585,0.10714285714285712,7.635786861395585,ABOVEGROUND,Midwest,MATERIAL/WELD/EQUIP FAILURE
7,3,14,760.5,0,0,0,0.0,0.18232155679395465,10.491301994830229,0.16666666666666669,10.491301994830229,UNDERGROUND,South,CORROSION
7,4,6,4.233333333333333,0,0,0,0.039220713153281295,0.6043159668533296,8.535622326884605,0.43169398907103823,8.496409467617623,ABOVEGROUND,South,INCORRECT OPERATION
7,4,14,261.5833333333333,1,0,0,6.4457198193855785,7.455876687491824,15.427826125973114,0.6358381502890174,8.982231737232082,UNDERGROUND,Midwest,MATERIAL/WELD/EQUIP FAILURE
7,0,7,0.0,0,0,0,0.0,0.6678293725756554,9.590214130417438,0.48717948717948717,9.590214130417438,ABOVEGROUND,South,MATERIAL/WELD/EQUIP FAILURE
8,2,4,1.1666666666666667,0,0,0,5.384495062789089,5.384495062789089,9.096723645189215,0.0,3.7362487753753375,ABOVEGROUND,South,MATERIAL/WELD/EQUIP FAILURE
8,3,21,7.166666666666667,0,0,0,0.6931471805599453,0.6931471805599453,9.646076003102594,0.0,8.952993499320474,ABOVEGROUND,Midwest,MATERIAL/WELD/EQUIP FAILURE
8,4,12,0.0,0,0,0,0.3074846997479606,0.3074846997479606,8.525359754082631,0.0,8.217946466186687,ABOVEGROUND,South,CORROSION
8,6,4,0.0,0,0,0,0.0,0.6931471805599453,9.90353755128617,0.5,9.90353755128617,ABOVEGROUND,South,MATERIAL/WELD/EQUIP FAILURE
8,0,10,45.333333333333336,0,0,0,0.2151113796169455,0.2151113796169455,10.448743588106625,0.0,10.233639164785592,ABOVEGROUND,Midwest,MATERIAL/WELD/EQUIP FAILURE
8,1,13,4.6,0,0,0,0.0,0.1906203596086497,9.910016194498828,0.17355371900826447,9.910016194498828,ABOVEGROUND,South,MATERIAL/WELD/EQUIP FAILURE
8,2,15,3.7333333333333334,0,0,0,0.36464311358790924,0.36464311358790924,6.311734809152915,0.0,5.947889924989487,ABOVEGROUND,South,MATERIAL/WELD/EQUIP FAILURE
8,3,13,11.633333333333333,0,0,0,0.0,3.2268439945173775,11.35836303371832,0.9603174603174603,11.35836303371832,ABOVEGROUND,South,INCORRECT OPERATION
8,2,13,6.566666666666666,1,0,0,0.0,0.4054651081081644,11.232483784173942,0.3333333333333333,11.232483784173942,ABOVEGROUND,West,MATERIAL/WELD/EQUIP FAILURE
8,2,13,5.95,0,0,0,1.3862943611198906,1.3862943611198906,9.429797135432397,0.0,8.043743631766201,UNDERGROUND,South,CORROSION
8,2,18,1.75,0,0,0,0.0,1.6094379124341003,8.909370405197466,0.8,8.909370405197466,UNDERGROUND,West,CORROSION
8,4,18,15.583333333333334,0,0,0,0.11332868530700317,0.8671004876833833,10.209905507043057,0.5294117647058824,10.096581238199748,UNDERGROUND,South,CORROSION
8,5,21,0.0,0,0,0,0.33647223662121295,0.33647223662121295,6.957497370876951,0.0,6.621405651764134,ABOVEGROUND,Midwest,MATERIAL/WELD/EQUIP FAILURE
8,6,7,34.5,0,0,0,0.0,1.6370530794670737,10.736418414365376,0.8054474708171206,10.736418414365376,UNDERGROUND,Northeast,CORROSION
8,6,22,0.0,0,0,0,0.4054651081081644,0.4054651081081644,6.899723107284872,0.0,6.494761904453181,ABOVEGROUND,South,MATERIAL/WELD/EQUIP FAILURE
8,0,8,3.0,0,0,0,1.791759469228055,1.791759469228055,9.985113621416073,0.0,8.193584529777905,UNDERGROUND,South,CORROSION
8,0,15,118.5,0,0,0,0.22314355131420976,0.22314355131420976,11.775681960197485,0.0,11.552540331204208,UNDERGROUND,South,MATERIAL/WELD/EQUIP FAILURE
8,2,10,0.0,0,0,0,0.0,3.258096538021482,13.410516838734912,0.9615384615384616,13.410516838734912,TANK,Midwest,INCORRECT OPERATION
8,2,19,448.05,0,0,0,0.09531017980432487,0.09531017980432487,12.130815551850676,0.0,12.035505911126858,UNDERGROUND,South,MATERIAL/WELD/EQUIP FAILURE
8,3,10,25.25,0,0,0,0.0,0.3074846997479606,8.699681400989514,0.2647058823529412,8.699681400989514,ABOVEGROUND,West,MATERIAL/WELD/EQUIP FAILURE
8,3,14,0.0,0,0,0,0.0,0.18232155679395465,11.565546377682438,0.16666666666666669,11.565546377682438,UNDERGROUND,Midwest,INCORRECT OPERATION
8,3,22,132.41666666666666,0,0,0,1.3862943611198906,1.791759469228055,13.125360880400086,0.3333333333333333,11.739072501304213,UNDERGROUND,South,CORROSION
8,5,12,25.75,0,0,0,0.0,3.044522437723423,9.680406499268875,0.9523809523809523,9.680406499268875,ABOVEGROUND,West,MATERIAL/WELD/EQUIP FAILURE
8,0,2,511.31666666666666,0,0,0,2.995732273553991,6.558197802812269,15.61112458881552,0.9716312056737588,12.615395469740601,UNDERGROUND,Midwest,INCORRECT OPERATION
8,0,5,0.0,0,0,0,0.0,0.3074846997479606,5.5254529391317835,0.2647058823529412,5.5254529391317835,ABOVEGROUND,West,MATERIAL/WELD/EQUIP FAILURE
8,2,13,20.633333333333333,0,0,0,0.09531017980432487,0.09531017980432487,11.277215789596893,0.0,11.181906875598528,UNDERGROUND,Midwest,MATERIAL/WELD/EQUIP FAILURE
8,3,10,0.0,0,0,0,0.0,0.7839015438284094,9.913487387114461,0.54337899543379,9.913487387114461,UNDERGROUND,South,INCORRECT OPERATION
8,4,11,5.7,0,0,0,0.0,2.772588722239781,7.773173680482536,0.9375,7.773173680482536,ABOVEGROUND,West,MATERIAL/WELD/EQUIP FAILURE
8,4,17,0.0,0,0,0,0.0,0.6931471805599453,7.01301578963963,0.5,7.01301578963963,ABOVEGROUND,South,NATURAL FORCE DAMAGE
8,4,17,27.95,0,0,0,1.0986122886681098,1.0986122886681098,10.871782326157078,0.0,9.773208009769208,ABOVEGROUND,South,MATERIAL/WELD/EQUIP FAILURE
9,0,18,27.133333333333333,0,0,0,0.2851789422336624,1.2178757094949273,9.90353755128617,0.606508875739645,9.618375108091438,ABOVEGROUND,Midwest,CORROSION
9,2,10,20.683333333333334,0,0,0,0.0,4.394449154672439,10.615235658245211,0.9876543209876543,10.615235658245211,UNDERGROUND,South,EXCAVATION DAMAGE
9,2,21,113.08333333333333,0,0,0,2.280339484046726,2.280339484046726,10.53847581892254,0.0,8.258368952227416,UNDERGROUND,Midwest,MATERIAL/WELD/EQUIP FAILURE
9,3,4,28.733333333333334,0,0,0,0.0,0.32208349916911333,9.265301930050157,0.2753623188405797,9.265301930050157,ABOVEGROUND,Northeast,MATERIAL/WELD/EQUIP FAILURE
9,3,5,0.0,0,0,0,0.0,3.258096538021482,7.601402334583733,0.9615384615384616,7.601402334583733,TANK,West,INCORRECT OPERATION
9,3,12,0.0,0,0,0,0.019802627296179712,0.019802627296179712,13.060494356644593,0.0,13.040691771901333,,South,MATERIAL/WELD/EQUIP FAILURE
9,6,7,31.25,0,0,0,4.019082077721554,4.019082077721554,10.657141700932726,0.0,6.639344830629215,UNDERGROUND,Midwest,MATERIAL/WELD/EQUIP FAILURE
9,0,16,96.26666666666667,0,0,0,0.09531017980432487,0.11332868530700317,11.140440484156656,0.017857142857142856,11.045131755687958,UNDERGROUND,Northeast,CORROSION
9,1,3,4112.833333333333,0,0,0,0.0,0.4054651081081644,14.173828850865126,0.3333333333333333,14.173828850865126,TANK,South,CORROSION
9,1,11,0.0,0,0,0,0.0,0.5364933705145685,9.280892027927127,0.4152046783625731,9.280892027927127,ABOVEGROUND,Northeast,INCORRECT OPERATION
9,1,15,64.41666666666667,0,0,0,0.0,4.61512051684126,11.626263078808801,0.9900990099009901,11.626263078808801,UNDERGROUND,South,CORROSION
9,2,13,0.0,0,0,0,0.0,0.6678293725756554,7.8826922062890254,0.48717948717948717,7.8826922062890254,ABOVEGROUND,South,MATERIAL/WELD/EQUIP FAILURE
9,3,11,5.733333333333333,0,0,0,0.15700374880966475,0.32208349916911333,7.297091005160418,0.15217391304347827,7.140202425870251,ABOVEGROUND,Midwest,MATERIAL/WELD/EQUIP FAILURE
9,3,11,1.8333333333333333,0,0,0,1.55814461804655,1.55814461804655,6.26530121273771,0.0,4.714260579101858,ABOVEGROUND,South,ALL OTHER CAUSES
9,3,15,56.083333333333336,0,0,0,8.81001204797317,8.81001204797317,12.483708170000067,0.0,3.6987581217487375,UNDERGROUND,South,MATERIAL/WELD/EQUIP FAILURE
9,6,18,84.33333333333333,0,0,0,0.0,3.713572066704308,11.944714374881176,0.975609756097561,11.944714374881176,UNDERGROUND,South,CORROSION
9,1,6,7.333333333333333,0,0,0,0.0,2.3978952727983707,10.691967639914864,0.9090909090909091,10.691967639914864,UNDERGROUND,South,CORROSION
9,1,9,0.0,0,0,0,1.0986122886681098,4.2626798770413155,10.536380355230888,0.9577464788732394,9.43782117048717,ABOVEGROUND,South,OTHER OUTSIDE FORCE DAMAGE
9,1,10,0.0,0,0,0,0.5596157879354227,0.6931471805599453,9.268703615273097,0.125,8.709158572877788,UNDERGROUND,South,CORROSION
9,2,9,0.0,0,0,0,0.0,0.6931471805599453,8.188966863648876,0.5,8.188966863648876,ABOVEGROUND,South,MATERIAL/WELD/EQUIP FAILURE
9,4,8,0.0,0,0,0,0.0,1.3609765531356006,10.714439990727769,0.7435897435897436,10.714439990727769,TANK,West,CORROSION
9,4,14,0.0,0,0,0,0.3920420877760237,0.3920420877760237,10.186559012430227,0.0,9.794535007673343,UNDERGROUND,South,CORROSION
9,6,1,1.6166666666666667,0,0,0,0.0,0.5364933705145685,7.601402334583733,0.4152046783625731,7.601402334583733,ABOVEGROUND,South,MATERIAL/WELD/EQUIP FAILURE
9,0,10,9.916666666666666,0,0,0,0.2151113796169455,0.2151113796169455,10.147256921643994,0.0,9.932154946003049,UNDERGROUND,West,CORROSION
9,0,11,0.0,0,0,0,0.7371640659767197,0.7371640659767197,7.3783837129967145,0.0,6.641900239848842,UNDERGROUND,South,CORROSION
9,1,18,31.583333333333332,0,0,0,0.0,3.0252910757955354,11.443779010261407,0.9514563106796117,11.443779010261407,ABOVEGROUND,West,MATERIAL/WELD/EQUIP FAILURE
9,2,7,4.25,0,0,0,0.0,0.6678293725756554,8.197263371414335,0.48717948717948717,8.197263371414335,ABOVEGROUND,Midwest,INCORRECT OPERATION
9,2,10,0.0,0,0,0,0.0,0.09531017980432487,11.314486721293981,0.09090909090909091,11.314486721293981,UNDERGROUND,Midwest,MATERIAL/WELD/EQUIP FAILURE
9,2,13,0.0,0,0,0,0.4054651081081644,0.6931471805599453,7.696667081526462,0.25,7.291429117087644,ABOVEGROUND,South,MATERIAL/WELD/EQUIP FAILURE
9,2,22,0.0,0,0,0,1.3862943611198906,2.6390573296152584,10.1104610706877,0.7142857142857143,8.72428865830884,ABOVEGROUND,South,MATERIAL/WELD/EQUIP FAILURE
9,3,13,0.0,0,0,0,0.0,0.9162907318741551,6.957497370876951,0.6,6.957497370876951,ABOVEGROUND,South,MATERIAL/WELD/EQUIP FAILURE
9,4,12,0.0,0,0,0,0.0,1.3862943611198906,12.409017571151187,0.75,12.409017571151187,UNDERGROUND,West,CORROSION
9,5,6,2307.25,0,0,0,3.044522437723423,3.044522437723423,12.026951960476097,0.0,8.98254913210866,TANK,West,INCORRECT OPERATION
10,0,9,0.0,0,0,0,0.2151113796169455,0.2151113796169455,8.857230494201946,0.0,8.642153277702503,ABOVEGROUND,South,MATERIAL/WELD/EQUIP FAILURE
10,2,14,44.68333333333333,0,0,0,3.2108436531709366,4.462453883786496,14.06689242841535,0.7139561707035755,10.856067284935833,UNDERGROUND,South,EXCAVATION DAMAGE
10,6,17,16746.4,0,0,0,0.0,4.1059436980654525,12.684323423363987,0.9835255354200988,12.684323423363987,TANK,South,NATURAL FORCE DAMAGE
10,0,17,0.0,0,0,0,0.6418538861723948,1.5040773967762742,11.357452244304588,0.5777777777777778,10.715608871972787,UNDERGROUND,South,CORROSION
10,2,5,49.416666666666664,0,0,0,3.258096538021482,4.330733340286331,12.173177483825905,0.6578947368421053,8.915210117735025,UNDERGROUND,South,CORROSION
10,2,13,0.0,0,0,0,0.3920420877760237,0.3920420877760237,6.90875477931522,0.0,6.517192097085513,ABOVEGROUND,West,MATERIAL/WELD/EQUIP FAILURE
10,4,8,0.0,0,0,0,0.0,1.0986122886681098,9.229260256828693,0.6666666666666666,9.229260256828693,ABOVEGROUND,South,MATERIAL/WELD/EQUIP FAILURE
10,5,17,4.75,0,0,0,0.019802627296179712,0.6931471805599453,9.741027444837728,0.49,9.721225993942246,ABOVEGROUND,South,NATURAL FORCE DAMAGE
10,6,11,0.0,0,0,0,0.0,0.9162907318741551,11.230827770812349,0.6,11.230827770812349,ABOVEGROUND,Midwest,MATERIAL/WELD/EQUIP FAILURE
10,1,9,0.0,0,0,0,0.0,2.0425181875752383,9.681156171322476,0.8702983138780804,9.681156171322476,TANK,West,MATERIAL/WELD/EQUIP FAILURE
10,1,13,0.0,0,0,0,0.0,1.0986122886681098,10.133050455652521,0.6666666666666666,10.133050455652521,ABOVEGROUND,South,INCORRECT OPERATION
10,1,14,72.0,0,0,0,0.0,0.0,12.04355959836804,0.0,12.04355959836804,,South,OTHER OUTSIDE FORCE DAMAGE
10,2,10,32.68333333333333,0,0,0,0.0,3.4339872044851463,10.388318216025032,0.967741935483871,10.388318216025032,ABOVEGROUND,West,MATERIAL/WELD/EQUIP FAILURE
10,2,17,0.0,0,0,0,0.2151113796169455,0.2151113796169455,10.173552856959743,0.0,9.958450637256572,ABOVEGROUND,West,MATERIAL/WELD/EQUIP FAILURE
10,3,0,0.0,0,0,0,0.0,3.828641396489095,10.896757843893464,0.9782608695652174,10.896757843893464,TANK,West,CORROSION
10,4,1,0.0,0,0,0,4.02535169073515,6.577861357721047,11.322986972837104,0.9221140472878998,7.298300107428485,UNDERGROUND,South,CORROSION
10,1,11,0.0,0,0,0,0.0,0.6043159668533296,11.462694763725304,0.45355191256830596,11.462694763725304,UNDERGROUND,South,MATERIAL/WELD/EQUIP FAILURE
10,3,6,433.5,0,0,0,0.0,6.111467339502679,11.470028402317833,0.9977827050997783,11.470028402317833,UNDERGROUND,South,CORROSION
10,0,2,30.75,0,0,0,0.0,0.11332868530700317,8.150179269682326,0.10714285714285712,8.150179269682326,ABOVEGROUND,South,MATERIAL/WELD/EQUIP FAILURE
10,1,11,5.116666666666666,0,0,0,0.2151113796169455,0.2151113796169455,8.2482674474469,0.0,8.033218876639957,UNDERGROUND,Midwest,CORROSION
10,1,14,668.0,0,0,0,0.0,0.11332868530700317,10.692422071769268,0.10714285714285712,10.692422071769268,TANK,Midwest,ALL OTHER CAUSES
10,2,10,82.9,0,0,0,0.0,2.3978952727983707,12.956223783557851,0.9090909090909091,12.956223783557851,UNDERGROUND,Midwest,MATERIAL/WELD/EQUIP FAILURE
10,2,16,47.0,0,0,0,4.51085950651685,4.61512051684126,11.385103457032141,0.09900990099009901,6.875266143548894,UNDERGROUND,South,EXCAVATION DAMAGE
11,4,5,95.0,0,0,0,5.303304908059076,5.303304908059076,10.463131911491967,0.0,5.165524862214491,ABOVEGROUND,West,MATERIAL/WELD/EQUIP FAILURE
11,4,7,28.483333333333334,0,0,0,0.0,0.9162907318741551,9.75272280064639,0.6,9.75272280064639,UNDERGROUND,South,CORROSION
11,4,8,0.0,0,0,0,0.4700036292457355,0.4700036292457355,8.202208436436448,0.0,7.732369222284388,ABOVEGROUND,South,MATERIAL/WELD/EQUIP FAILURE
11,4,13,0.0,0,0,0,0.0,0.5128236264286637,8.933927891782632,0.4011976047904192,8.933927891782632,ABOVEGROUND,West,MATERIAL/WELD/EQUIP FAILURE
11,5,8,0.0,0,0,0,0.10436001532424277,0.10436001532424277,12.345860674521596,0.0,12.241501137445631,,Other/Territory,CORROSION
11,5,10,0.0,0,0,0,0.0,0.6931471805599453,10.474495347310453,0.5,10.474495347310453,TANK,Northeast,CORROSION
11,0,10,72.86666666666666,0,0,0,0.09531017980432487,0.09531017980432487,11.127277689932466,0.0,11.03196898069367,UNDERGROUND,Midwest,INCORRECT OPERATION
11,0,22,26.766666666666666,0,0,0,0.0,5.303304908059076,12.799402253235032,0.9950248756218906,12.799402253235032,ABOVEGROUND,South,MATERIAL/WELD/EQUIP FAILURE
11,2,10,175.25,0,0,0,3.044522437723423,3.044522437723423,13.981025843899115,0.0,10.936520355170236,UNDERGROUND,West,CORROSION
11,2,17,0.0,0,0,0,0.3852624007906449,1.0647107369924282,10.379752786950895,0.49310344827586206,9.994504981873739,ABOVEGROUND,Midwest,CORROSION
11,3,15,0.0,0,0,0,0.3920420877760237,0.3920420877760237,7.852050207265889,0.0,7.460194799846968,ABOVEGROUND,West,INCORRECT OPERATION
11,4,0,16.366666666666667,0,0,0,0.04879016416943201,1.0986122886681098,10.92926029502728,0.65,10.880471027155734,ABOVEGROUND,South,MATERIAL/WELD/EQUIP FAILURE
11,6,12,1.6666666666666667,0,0,0,0.0,1.6094379124341003,7.8083230503910555,0.8,7.8083230503910555,UNDERGROUND,West,CORROSION
11,0,15,95.25,0,0,0,0.4054651081081644,0.4054651081081644,9.396155818024393,0.0,8.990732230396212,ABOVEGROUND,South,CORROSION
11,1,8,0.0,0,0,0,0.0,4.343805421853684,14.69229176698364,0.987012987012987,14.69229176698364,UNDERGROUND,Midwest,CORROSION
11,1,14,0.0,0,0,0,0.5877866649021191,0.6931471805599453,6.26530121273771,0.1,5.679034304967007,ABOVEGROUND,West,ALL OTHER CAUSES
11,1,15,24.3,0,0,0,0.0,0.4637340162321401,9.854874872615435,0.37106918238993714,9.854874872615435,ABOVEGROUND,South,MATERIAL/WELD/EQUIP FAILURE
11,1,17,0.0,0,0,0,0.0,3.713572066704308,12.119702880845159,0.975609756097561,12.119702880845159,ABOVEGROUND,South,MATERIAL/WELD/EQUIP FAILURE
11,3,8,0.0,0,0,0,0.0,0.9162907318741551,7.601402334583733,0.6,7.601402334583733,ABOVEGROUND,South,MATERIAL/WELD/EQUIP FAILURE
11,3,12,0.0,0,0,0,0.832909122935104,0.832909122935104,12.07254696717504,0.0,11.239645272741324,ABOVEGROUND,South,MATERIAL/WELD/EQUIP FAILURE
11,1,9,0.0,0,0,0,0.0,2.1400661634962708,10.611547975828369,0.8823529411764706,10.611547975828369,UNDERGROUND,West,CORROSION
11,1,14,6.7,0,0,0,0.0,6.803505257608338,16.097893045681612,0.9988901220865705,16.097893045681612,UNDERGROUND,Midwest,CORROSION
11,1,22,0.0,0,0,0,0.0,3.58351893845611,9.537411412656335,0.9722222222222222,9.537411412656335,UNDERGROUND,South,CORROSION
11,2,5,6.133333333333334,0,0,0,0.0,2.3978952727983707,9.873079890114703,0.9090909090909091,9.873079890114703,ABOVEGROUND,South,INCORRECT OPERATION
11,2,13,30.5,0,0,0,0.0,4.110873864173311,13.746161551640268,0.9836065573770492,13.746161551640268,UNDERGROUND,Midwest,MATERIAL/WELD/EQUIP FAILURE
11,3,9,382.23333333333335,0,0,0,1.2864740258376797,2.444084655267745,11.97098934828825,0.685763888888889,10.68453189399845,TANK,Midwest,ALL OTHER CAUSES
11,4,10,0.0,0,0,0,1.791759469228055,3.044522437723423,9.648659816955295,0.7142857142857143,7.857222855550849,UNDERGROUND,West,CORROSION
11,5,7,8.2,0,0,0,0.0,4.465908118654584,13.113728201355833,0.9885057471264368,13.113728201355833,ABOVEGROUND,South,MATERIAL/WELD/EQUIP FAILURE
11,5,8,6.166666666666667,0,0,0,0.0,6.398594934535208,11.898194668458823,0.9983361064891847,11.898194668458823,ABOVEGROUND,West,CORROSION
11,6,2,0.0,0,0,0,0.0,0.2151113796169455,9.409273194575334,0.1935483870967742,9.409273194575334,ABOVEGROUND,Midwest,MATERIAL/WELD/EQUIP FAILURE
11,6,13,123.18333333333334,0,0,0,0.09531017980432487,0.09531017980432487,11.04256977375795,0.0,10.947261194515743,ABOVEGROUND,Midwest,CORROSION
11,0,10,0.0,0,0,0,1.0986122886681098,1.0986122886681098,7.790282380703483,0.0,6.692497221941918,TANK,South,MATERIAL/WELD/EQUIP FAILURE
11,0,12,0.0,0,0,0,3.1780538303479458,3.1780538303479458,11.693829350676562,0.0,8.515967440490419,UNDERGROUND,South,CORROSION
11,2,21,0.0,0,0,0,0.0,2.4849066497880004,12.615901551739839,0.9166666666666666,12.615901551739839,UNDERGROUND,South,MATERIAL/WELD/EQUIP FAILURE
12,5,10,2.683333333333333,0,0,0,7.080607139399666,7.080607139399666,10.6896240399389,0.0,3.6357130408422043,ABOVEGROUND,South,MATERIAL/WELD/EQUIP FAILURE
12,5,11,2.6,0,0,0,0.0,1.2947271675944,10.137214897389983,0.726027397260274,10.137214897389983,ABOVEGROUND,South,INCORRECT OPERATION
12,5,20,3.55,0,0,0,0.09531017980432487,0.09531017980432487,8.853808274977197,0.0,8.758512378744623,ABOVEGROUND,South,MATERIAL/WELD/EQUIP FAILURE
12,0,7,13.7,0,0,0,0.0,1.840549633397487,10.79335217017376,0.8412698412698413,10.79335217017376,ABOVEGROUND,Northeast,INCORRECT OPERATION
12,2,17,86.5,0,0,0,5.799092654460526,5.799092654460526,13.109280164196072,0.0,7.310853952928714,ABOVEGROUND,South,MATERIAL/WELD/EQUIP FAILURE
12,0,11,188.31666666666666,0,0,0,3.4965075614664802,3.8918202981106265,11.63796212933792,0.32653061224489793,8.141736916662303,UNDERGROUND,Northeast,OTHER OUTSIDE FORCE DAMAGE
12,0,14,3.25,0,0,0,1.840549633397487,2.1162555148025524,9.042040056544483,0.24096385542168672,7.202117371290531,ABOVEGROUND,Midwest,NATURAL FORCE DAMAGE
12,0,16,159.5,0,0,0,0.0,1.791759469228055,11.835016210489899,0.8333333333333334,11.835016210489899,UNDERGROUND,South,CORROSION
12,1,13,0.0,0,0,0,0.0,0.26236426446749106,7.550135342488429,0.23076923076923075,7.550135342488429,ABOVEGROUND,South,MATERIAL/WELD/EQUIP FAILURE
12,4,8,0.0,0,0,0,0.0,3.676300671907076,11.964007453736912,0.9746835443037974,11.964007453736912,ABOVEGROUND,South,MATERIAL/WELD/EQUIP FAILURE
12,4,16,0.0,0,0,0,0.0,0.37156355643248307,9.588023099071895,0.3103448275862069,9.588023099071895,UNDERGROUND,South,CORROSION
12,6,9,0.0,0,0,0,0.0,1.410986973710262,9.305741456739435,0.7560975609756099,9.305741456739435,ABOVEGROUND,Northeast,MATERIAL/WELD/EQUIP FAILURE
12,0,8,48.21666666666667,0,0,0,3.21124679770371,3.21124679770371,12.044705993082609,0.0,8.833599083124058,UNDERGROUND,Midwest,MATERIAL/WELD/EQUIP FAILURE
12,0,11,117.0,0,0,0,0.0,4.61512051684126,14.230216834638373,0.9900990099009901,14.230216834638373,UNDERGROUND,Midwest,CORROSION
12,1,13,0.0,0,0,0,0.22314355131420976,1.6582280766035324,10.127470751247781,0.7619047619047619,9.904337191490706,UNDERGROUND,South,INCORRECT OPERATION
12,2,1,78.48333333333333,0,0,0,8.812843433517195,8.812843433517195,12.456411042091496,0.0,3.6693863771164046,UNDERGROUND,South,CORROSION
12,2,13,0.0,0,0,0,0.4054651081081644,0.6931471805599453,7.9658927350845286,0.25,7.560601162768557,UNDERGROUND,South,CORROSION
12,2,13,0.0,0,0,0,0.0,0.26236426446749106,0.0,0.23076923076923075,0.0,ABOVEGROUND,South,ALL OTHER CAUSES
12,3,9,12.633333333333333,0,0,0,0.0,0.3920420877760237,9.952325334619427,0.32432432432432434,9.952325334619427,ABOVEGROUND,South,CORROSION
12,4,6,0.0,0,0,0,0.0,0.20701416938432612,11.25587605162622,0.1869918699186992,11.25587605162622,ABOVEGROUND,Midwest,INCORRECT OPERATION
12,4,11,3989.3166666666666,0,0,0,0.0,1.3862943611198906,14.011146418069778,0.75,14.011146418069778,ABOVEGROUND,Midwest,INCORRECT OPERATION
12,4,16,0.0,0,0,0,0.0,0.20701416938432612,9.162304922937626,0.1869918699186992,9.162304922937626,TANK,South,MATERIAL/WELD/EQUIP FAILURE
12,4,21,15.0,0,0,0,0.0,1.3862943611198906,10.652566005416872,0.75,10.652566005416872,ABOVEGROUND,Midwest,MATERIAL/WELD/EQUIP FAILURE
12,5,15,22.166666666666668,0,0,0,2.0794415416798357,2.3978952727983707,12.901719200051183,0.2727272727272727,10.822295114534558,ABOVEGROUND,South,MATERIAL/WELD/EQUIP FAILURE
12,6,14,5.533333333333333,0,0,0,1.0986122886681098,2.0794415416798357,10.529639864271795,0.625,9.431081038674082,ABOVEGROUND,South,MATERIAL/WELD/EQUIP FAILURE
12,0,7,4.366666666666666,0,0,0,0.0,0.5306282510621704,8.513385953073284,0.4117647058823529,8.513385953073284,ABOVEGROUND,West,MATERIAL/WELD/EQUIP FAILURE
12,0,17,0.0,0,0,0,0.18232155679395465,0.18232155679395465,7.3783837129967145,0.0,7.196187070324464,ABOVEGROUND,South,MATERIAL/WELD/EQUIP FAILURE
12,3,2,10.033333333333333,0,0,0,3.044522437723423,5.017279836814924,10.024952689817304,0.8609271523178808,6.9813154820901655,ABOVEGROUND,West,MATERIAL/WELD/EQUIP FAILURE
12,3,13,4.05,0,0,0,0.0,1.0296194171811583,10.602890127258581,0.6428571428571429,10.602890127258581,ABOVEGROUND,South,INCORRECT OPERATION
12,5,21,0.0,0,0,0,0.0,0.0,8.699681400989514,0.0,8.699681400989514,ABOVEGROUND,Midwest,MATERIAL/WELD/EQUIP FAILURE
12,0,9,1.3333333333333333,0,0,0,1.8870696490323797,5.071416766356115,9.64646400103814,0.958594730238394,7.759756347639908,ABOVEGROUND,Midwest,MATERIAL/WELD/EQUIP FAILURE
12,0,15,1.45,0,0,0,0.0,2.2332350148592526,9.313889247604742,0.8928188638799571,9.313889247604742,ABOVEGROUND,South,INCORRECT OPERATION
1,1,6,153.3,0,0,0,3.2733640101522705,4.88507207112091,14.255649519446376,0.800453514739229,10.982301865412392,UNDERGROUND,South,INCORRECT OPERATION
1,2,8,0.0,0,0,0,0.0,0.3920420877760237,11.11123821177333,0.32432432432432434,11.11123821177333,ABOVEGROUND,Midwest,INCORRECT OPERATION
1,2,9,0.0,0,0,0,0.0,1.9387416595767009,9.19023970026918,0.8561151079136691,9.19023970026918,UNDERGROUND,South,CORROSION
1,2,11,54.13333333333333,0,0,0,1.0986122886681098,1.0986122886681098,10.526989863390185,0.0,9.42843117965374,UNDERGROUND,South,CORROSION
1,4,23,23.916666666666668,0,0,0,0.0,2.6026896854443837,12.325636317135203,0.9259259259259259,12.325636317135203,UNDERGROUND,Northeast,MATERIAL/WELD/EQUIP FAILURE
1,0,6,0.0,0,0,0,0.0,0.2151113796169455,11.51815178394181,0.1935483870967742,11.51815178394181,ABOVEGROUND,Midwest,ALL OTHER CAUSES
1,0,13,0.0,0,0,0,0.0,0.6931471805599453,7.313886831633462,0.5,7.313886831633462,ABOVEGROUND,South,MATERIAL/WELD/EQUIP FAILURE
1,0,18,47.0,0,0,0,2.3978952727983707,2.3978952727983707,10.715084213295617,0.0,8.317410990015201,ABOVEGROUND,South,MATERIAL/WELD/EQUIP FAILURE
1,1,9,3.8666666666666667,0,0,0,0.0,0.1988508587451652,7.795646536334594,0.18032786885245902,7.795646536334594,ABOVEGROUND,West,MATERIAL/WELD/EQUIP FAILURE
1,1,16,0.0,0,0,0,0.0,0.18232155679395465,9.214431989879436,0.16666666666666669,9.214431989879436,ABOVEGROUND,South,MATERIAL/WELD/EQUIP FAILURE
1,1,22,0.0,0,0,0,0.0,1.6094379124341003,11.820417517632333,0.8,11.820417517632333,TANK,South,MATERIAL/WELD/EQUIP FAILURE
1,3,6,0.0,0,0,0,0.0,0.2151113796169455,11.957797166390785,0.1935483870967742,11.957797166390785,UNDERGROUND,Midwest,MATERIAL/WELD/EQUIP FAILURE
1,3,20,0.0,0,0,0,0.0,1.5432981099295553,9.617204500998055,0.7863247863247864,9.617204500998055,UNDERGROUND,South,MATERIAL/WELD/EQUIP FAILURE
1,4,0,0.0,0,0,0,0.9162907318741551,0.9162907318741551,8.648396877031582,0.0,7.732369222284388,ABOVEGROUND,South,OTHER OUTSIDE FORCE DAMAGE
1,4,8,0.0,0,0,0,0.18232155679395465,0.18232155679395465,10.130662964963708,0.0,9.948349375948059,ABOVEGROUND,South,MATERIAL/WELD/EQUIP FAILURE
1,4,19,0.0,0,0,0,0.0,1.1631508098056809,11.08787990488312,0.6875,11.08787990488312,ABOVEGROUND,Midwest,MATERIAL/WELD/EQUIP FAILURE
1,6,20,0.0,0,0,0,0.0,0.6931471805599453,8.79497643168877,0.5,8.79497643168877,ABOVEGROUND,South,MATERIAL/WELD/EQUIP FAILURE
1,0,15,0.0,0,0,0,0.0,0.5364933705145685,7.725771441587952,0.4152046783625731,7.725771441587952,ABOVEGROUND,West,MATERIAL/WELD/EQUIP FAILURE
1,1,20,0.0,0,0,0,0.0295588022415444,0.2151113796169455,8.476579508530941,0.1693548387096774,8.447026954968061,ABOVEGROUND,South,INCORRECT OPERATION
1,3,9,0.0,0,0,0,0.0,0.5306282510621704,6.660575149839686,0.4117647058823529,6.660575149839686,ABOVEGROUND,South,MATERIAL/WELD/EQUIP FAILURE
1,3,13,0.0,0,0,0,0.11332868530700317,0.11332868530700317,8.003697339094368,0.0,7.890408759934974,ABOVEGROUND,South,MATERIAL/WELD/EQUIP FAILURE
1,3,14,5.933333333333334,0,0,0,3.756538102587751,5.973300576480311,10.066498860795583,0.8910386965376782,6.311734809152915,ABOVEGROUND,Midwest,MATERIAL/WELD/EQUIP FAILURE
1,3,16,65.05,0,0,0,0.7884573603642702,3.4719664525503626,10.007892611890918,0.9316770186335402,9.219489301685208,UNDERGROUND,South,MATERIAL/WELD/EQUIP FAILURE
1,4,4,30.5,0,0,0,4.590259573252337,4.590259573252337,10.308985993422082,0.0,5.721971706840558,ABOVEGROUND,South,MATERIAL/WELD/EQUIP FAILURE
1,0,2,0.0,0,0,0,0.0,0.26236426446749106,7.80016307039296,0.23076923076923075,7.80016307039296,ABOVEGROUND,South,INCORRECT OPERATION
1,0,14,23.55,0,0,0,0.0,0.6931471805599453,9.259225769705994,0.5,9.259225769705994,ABOVEGROUND,South,MATERIAL/WELD/EQUIP FAILURE
1,0,14,1.2333333333333334,0,0,0,0.6931471805599453,0.6931471805599453,7.343426229147367,0.0,6.6509256700131205,ABOVEGROUND,Midwest,MATERIAL/WELD/EQUIP FAILURE
1,0,21,2.0,0,0,0,1.0986122886681098,1.0986122886681098,7.904334842085095,0.0,6.806460560830556,ABOVEGROUND,South,INCORRECT OPERATION
1,1,11,0.0,0,0,0,0.0,0.26236426446749106,8.60135049942296,0.23076923076923075,8.60135049942296,ABOVEGROUND,West,MATERIAL/WELD/EQUIP FAILURE
1,1,11,0.0,0,0,0,0.0,0.18232155679395465,8.59748202264504,0.16666666666666669,8.59748202264504,TANK,Midwest,MATERIAL/WELD/EQUIP FAILURE
1,2,10,0.0,0,0,0,1.3862943611198906,1.3862943611198906,10.136621037879685,0.0,8.750445476878735,UNDERGROUND,South,MATERIAL/WELD/EQUIP FAILURE
1,3,11,1.65,0,0,0,0.13976194237515868,0.5128236264286637,10.714439990727769,0.31137724550898205,10.574681381606316,UNDERGROUND,South,NATURAL FORCE DAMAGE
1,3,12,0.0,0,0,0,0.0,1.2178757094949273,10.603759293038369,0.7041420118343196,10.603759293038369,UNDERGROUND,Midwest,MATERIAL/WELD/EQUIP FAILURE
1,3,16,0.0,0,0,0,5.442417710521793,5.860786223465865,13.507175336625346,0.3418803418803419,8.065070643264892,UNDERGROUND,South,CORROSION
1,3,20,0.0,0,0,0,0.0,2.5649493574615367,10.936689829317784,0.9230769230769231,10.936689829317784,ABOVEGROUND,South,MATERIAL/WELD/EQUIP FAILURE
1,5,12,16.033333333333335,0,0,0,0.0,0.2151113796169455,11.976250592587364,0.1935483870967742,11.976250592587364,UNDERGROUND,Midwest,MATERIAL/WELD/EQUIP FAILURE
1,6,14,0.0,0,0,0,0.0,0.3920420877760237,11.699413330633599,0.32432432432432434,11.699413330633599,UNDERGROUND,South,MATERIAL/WELD/EQUIP FAILURE
1,0,12,0.0,0,0,0,1.0986122886681098,2.772588722239781,12.320561372014872,0.8125,11.221958001526918,TANK,West,NATURAL FORCE DAMAGE
1,1,7,389.75,0,0,0,0.0,3.044522437723423,12.437188334739655,0.9523809523809523,12.437188334739655,UNDERGROUND,South,MATERIAL/WELD/EQUIP FAILURE
1,1,10,4.466666666666667,0,0,0,0.0,1.6094379124341003,10.4353209594591,0.8,10.4353209594591,ABOVEGROUND,Northeast,NATURAL FORCE DAMAGE
1,1,13,4.833333333333333,0,0,0,2.272125885509337,2.7536607123542622,9.070733417589766,0.3821656050955414,6.799607377015383,ABOVEGROUND,Midwest,MATERIAL/WELD/EQUIP FAILURE
1,1,14,28.0,0,0,0,2.9444389791664403,3.044522437723423,9.735128070758227,0.09523809523809523,6.791753550592356,ABOVEGROUND,West,MATERIAL/WELD/EQUIP FAILURE
1,2,0,0.85,0,0,0,0.0,0.2151113796169455,11.302216779257382,0.1935483870967742,11.302216779257382,ABOVEGROUND,Midwest,MATERIAL/WELD/EQUIP FAILURE
1,2,9,54.0,0,0,0,1.763017000362401,1.763017000362401,8.924789360533357,0.0,7.162414782831331,ABOVEGROUND,South,MATERIAL/WELD/EQUIP FAILURE
1,3,6,0.0,0,0,0,0.0,0.5822156198526637,9.908524844053396,0.44134078212290506,9.908524844053396,ABOVEGROUND,South,INCORRECT OPERATION
1,3,7,97.13333333333334,0,0,0,0.37156355643248307,0.37156355643248307,8.867990898182093,0.0,8.496490711097879,ABOVEGROUND,Midwest,MATERIAL/WELD/EQUIP FAILURE
1,3,10,45.983333333333334,0,0,0,0.0,0.0,12.269052139516223,0.0,12.269052139516223,UNDERGROUND,Midwest,INCORRECT OPERATION
2,6,17,0.0,0,0,0,3.258096538021482,3.258096538021482,11.656705411301795,0.0,8.398825369421033,UNDERGROUND,South,CORROSION
2,0,4,802.0833333333334,0,0,0,0.0,7.00397413672268,13.573440270649085,0.9990917347865577,13.573440270649085,UNDERGROUND,South,INCORRECT OPERATION
2,0,14,0.0,0,0,0,0.0,0.5538851132264376,9.62911649414402,0.42528735632183906,9.62911649414402,TANK,South,CORROSION
2,1,10,6.666666666666667,0,0,0,0.0,2.2512917986064953,9.94515718770752,0.8947368421052632,9.94515718770752,UNDERGROUND,South,CORROSION
2,1,13,0.0,0,0,0,0.3074846997479606,0.3074846997479606,6.373319789577012,0.0,6.06644923567387,ABOVEGROUND,South,MATERIAL/WELD/EQUIP FAILURE
2,1,15,0.0,0,0,0,0.0,4.812184355372417,15.464391082007296,0.991869918699187,15.464391082007296,UNDERGROUND,South,CORROSION
2,1,17,0.0,0,0,0,2.302585092994046,2.302585092994046,12.537388755002016,0.0,10.234835970503852,UNDERGROUND,South,MATERIAL/WELD/EQUIP FAILURE
2,2,12,0.0,0,0,0,3.258096538021482,3.258096538021482,12.007463157652717,0.0,8.749519071205288,UNDERGROUND,South,CORROSION
2,3,14,0.0,0,0,0,1.0986122886681098,1.3862943611198906,10.521102670483636,0.25,9.422544303252007,UNDERGROUND,South,CORROSION
2,3,15,0.0,0,0,0,0.0,2.772588722239781,10.180361426271306,0.9375,10.180361426271306,ABOVEGROUND,West,MATERIAL/WELD/EQUIP FAILURE
2,4,11,0.0,0,0,0,0.4054651081081644,2.0794415416798357,12.506351296905452,0.8125,12.100888040325122,UNDERGROUND,South,CORROSION
2,4,23,9.5,0,0,0,0.0,1.0986122886681098,10.308985993422082,0.6666666666666666,10.308985993422082,ABOVEGROUND,Northeast,MATERIAL/WELD/EQUIP FAILURE
2,5,13,0.0,0,0,0,2.6390573296152584,2.772588722239781,11.677583604725285,0.125,9.038636532901336,UNDERGROUND,South,CORROSION
2,0,10,117.16666666666667,0,0,0,0.0,0.22314355131420976,11.002533080675796,0.2,11.002533080675796,ABOVEGROUND,South,CORROSION
2,1,11,22.0,0,0,0,0.3920420877760237,0.3920420877760237,10.508322510373395,0.0,10.116293530460888,UNDERGROUND,Midwest,MATERIAL/WELD/EQUIP FAILURE
2,1,16,17.416666666666668,1,0,0,0.0,1.9387416595767009,10.777934935151473,0.8561151079136691,10.777934935151473,ABOVEGROUND,Midwest,OTHER OUTSIDE FORCE DAMAGE
2,2,8,31.833333333333332,0,0,0,2.803360380906535,3.9945242269398897,12.066063172521835,0.6961325966850829,9.262791934705836,UNDERGROUND,Midwest,CORROSION
2,2,13,0.0,0,0,0,1.4816045409242156,1.4816045409242156,11.888027580896114,0.0,10.406446405148305,ABOVEGROUND,South,MATERIAL/WELD/EQUIP FAILURE
2,2,14,0.0,0,0,0,0.26236426446749106,0.26236426446749106,11.690770349737104,0.0,11.428408596483228,ABOVEGROUND,South,MATERIAL/WELD/EQUIP FAILURE
2,3,10,220.61666666666667,0,0,0,0.26236426446749106,0.26236426446749106,10.5505384372031,0.0,10.288182026519104,UNDERGROUND,South,INCORRECT OPERATION
2,3,11,0.0,0,0,0,0.26236426446749106,0.5877866649021191,9.482121694896287,0.2777777777777778,9.219780290793876,ABOVEGROUND,Midwest,INCORRECT OPERATION
2,3,18,0.0,0,0,0,3.044522437723423,3.044522437723423,11.741661349996177,0.0,8.697298007340347,UNDERGROUND,Midwest,CORROSION
2,4,15,6.233333333333333,0,0,0,0.6931471805599453,3.258096538021482,11.51293546492023,0.9230769230769231,10.819798284210286,ABOVEGROUND,South,INCORRECT OPERATION
2,5,22,0.0,0,0,0,2.772588722239781,5.707110264748875,9.781376414141157,0.946843853820598,7.009634742803308,ABOVEGROUND,West,INCORRECT OPERATION
2,0,8,512.1666666666666,0,0,0,0.0,0.6931471805599453,11.098863509636546,0.5,11.098863509636546,UNDERGROUND,South,CORROSION
2,0,12,0.0,0,0,0,0.0,0.6259384308664953,9.61587214452889,0.4652406417112299,9.61587214452889,ABOVEGROUND,South,INCORRECT OPERATION
2,0,19,0.0,0,0,0,0.0,0.4700036292457355,10.421745488119415,0.37499999999999994,10.421745488119415,UNDERGROUND,South,MATERIAL/WELD/EQUIP FAILURE
2,1,11,7.1,0,0,0,0.0,0.7929925155296614,9.798182590890704,0.5475113122171945,9.798182590890704,TANK,Northeast,MATERIAL/WELD/EQUIP FAILURE
2,1,16,64.23333333333333,0,0,0,0.0,1.3862943611198906,10.810798082829503,0.75,10.810798082829503,TANK,South,ALL OTHER CAUSES
2,1,17,5.5,0,0,0,0.0,0.3576744442718159,9.234154550075438,0.30069930069930073,9.234154550075438,ABOVEGROUND,South,MATERIAL/WELD/EQUIP FAILURE
2,1,17,0.0,0,1,0,0.09531017980432487,0.09531017980432487,0.0,0.0,0.0,UNDERGROUND,South,INCORRECT OPERATION
2,3,10,0.0,0,0,0,0.0,0.0,13.42246945133505,0.0,13.42246945133505,UNDERGROUND,South,MATERIAL/WELD/EQUIP FAILURE
2,3,14,0.0,0,0,0,0.009950330853168083,0.009950330853168083,13.676272628270485,0.0,13.666322308911292,ABOVEGROUND,South,MATERIAL/WELD/EQUIP FAILURE
2,3,18,77.43333333333334,0,0,0,0.0,0.8458682675776092,13.942897109665054,0.5708154506437768,13.942897109665054,UNDERGROUND,Midwest,INCORRECT OPERATION
2,4,10,0.0,0,0,0,0.0,0.3074846997479606,11.683098526717359,0.2647058823529412,11.683098526717359,UNDERGROUND,South,MATERIAL/WELD/EQUIP FAILURE
2,4,11,0.0,0,0,0,0.0,0.5306282510621704,8.776167099731275,0.4117647058823529,8.776167099731275,ABOVEGROUND,Midwest,MATERIAL/WELD/EQUIP FAILURE
2,4,13,3.5,0,0,0,0.9439058989071285,0.9439058989071285,8.644882552557126,0.0,7.701252975265475,UNDERGROUND,Midwest,MATERIAL/WELD/EQUIP FAILURE
2,5,20,0.0,0,0,0,3.9318256327243257,6.311734809152915,15.106011272428574,0.9074410163339383,11.174199396258903,UNDERGROUND,South,CORROSION
2,0,8,5.316666666666666,0,0,0,3.6417878465800855,3.6417878465800855,8.575462099540212,0.0,4.940661108693656,ABOVEGROUND,South,CORROSION
2,1,14,77.96666666666667,0,0,0,0.0,2.3978952727983707,11.97603664577121,0.9090909090909091,11.97603664577121,UNDERGROUND,South,CORROSION
2,2,7,0.0,0,0,0,0.0,0.3074846997479606,11.918397239722838,0.2647058823529412,11.918397239722838,UNDERGROUND,West,CORROSION
2,3,13,765.3,0,0,0,0.0,4.330733340286331,12.276246819005104,0.9868421052631579,12.276246819005104,ABOVEGROUND,South,CORROSION
2,3,15,1.1833333333333333,0,0,0,0.6418538861723948,0.6418538861723948,8.83724564389847,0.0,8.195522449156533,ABOVEGROUND,Midwest,MATERIAL/WELD/EQUIP FAILURE
3,4,9,0.0,0,0,0,1.3862943611198906,1.3862943611198906,9.089189170412032,0.0,7.703233390639544,ABOVEGROUND,South,MATERIAL/WELD/EQUIP FAILURE
3,0,7,0.0,0,0,0,0.0,0.6931471805599453,8.047829357457841,0.5,8.047829357457841,ABOVEGROUND,South,MATERIAL/WELD/EQUIP FAILURE
3,1,5,2.8333333333333335,0,0,0,0.4054651081081644,0.9162907318741551,8.639587799629844,0.4,8.234211167522622,ABOVEGROUND,South,MATERIAL/WELD/EQUIP FAILURE
3,1,15,0.0,0,0,0,0.0,0.26236426446749106,9.074635189810808,0.23076923076923075,9.074635189810808,ABOVEGROUND,Midwest,MATERIAL/WELD/EQUIP FAILURE
3,2,10,0.0,0,0,0,0.0,0.5766133643039938,9.911009193934975,0.43820224719101125,9.911009193934975,TANK,South,MATERIAL/WELD/EQUIP FAILURE
3,3,9,31.916666666666668,0,0,0,0.0,0.6931471805599453,10.916923143796645,0.5,10.916923143796645,UNDERGROUND,South,MATERIAL/WELD/EQUIP FAILURE
3,3,15,337.0,0,0,0,3.946617650192645,5.256244590126129,13.927052827151165,0.7300792657488527,9.98048057839172,UNDERGROUND,South,MATERIAL/WELD/EQUIP FAILURE
3,3,19,0.0,0,0,0,0.0,0.3852624007906449,9.437555622660446,0.31972789115646255,9.437555622660446,ABOVEGROUND,Midwest,MATERIAL/WELD/EQUIP FAILURE
3,4,9,0.0,0,0,0,0.09531017980432487,0.09531017980432487,12.310437165348775,0.0,12.215127435992772,ABOVEGROUND,South,MATERIAL/WELD/EQUIP FAILURE
3,5,9,0.0,0,0,0,5.707110264748875,8.630700432209832,15.034809809954634,0.9462595965006249,9.327788172414666,UNDERGROUND,South,CORROSION
3,0,13,0.0,0,0,0,3.6635616461296463,3.9318256327243257,12.285419726696299,0.23529411764705882,8.622033571827176,UNDERGROUND,South,CORROSION
3,0,15,0.0,0,0,0,2.917770732084279,3.6506582412937387,10.29078869001662,0.5194805194805194,7.373611807366549,ABOVEGROUND,South,MATERIAL/WELD/EQUIP FAILURE
3,1,17,2118.25,0,0,1,10.073356901390843,10.073356901390843,16.143972927410935,0.0,6.072923015333432,UNDERGROUND,South,OTHER OUTSIDE FORCE DAMAGE
3,0,5,0.0,0,0,0,0.0,2.3978952727983707,10.701490121198454,0.9090909090909091,10.701490121198454,ABOVEGROUND,Midwest,MATERIAL/WELD/EQUIP FAILURE
3,0,8,1007.75,0,0,0,1.0986122886681098,1.3862943611198906,10.318935994253193,0.25,9.220389707829185,UNDERGROUND,South,MATERIAL/WELD/EQUIP FAILURE
3,0,15,285.8833333333333,0,0,0,0.0,6.214608098422191,16.898323101968018,0.998,16.898323101968018,UNDERGROUND,West,CORROSION
3,2,6,228.0,0,0,0,4.948759890378168,5.707110264748875,11.79891610776103,0.53156146179402,6.851207442156418,ABOVEGROUND,South,MATERIAL/WELD/EQUIP FAILURE
3,2,16,25.916666666666668,0,0,0,0.0,2.1972245773362196,10.076642221505265,0.8888888888888888,10.076642221505265,UNDERGROUND,South,ALL OTHER CAUSES
3,5,10,0.0,0,0,0,4.060443010546419,5.545177444479562,11.905717271636798,0.7734375,7.845659033556219,TANK,Midwest,INCORRECT OPERATION
3,1,7,0.0,0,0,0,1.0986122886681098,3.044522437723423,11.336772841121801,0.8571428571428571,10.238184404570568,ABOVEGROUND,South,CORROSION
3,2,9,2.466666666666667,0,0,0,1.9286186519452522,1.9286186519452522,7.783640596221253,0.0,5.857467930004261,ABOVEGROUND,South,MATERIAL/WELD/EQUIP FAILURE
3,4,10,1491.9333333333334,0,0,0,6.030685260261263,6.846943139585379,16.118095750958314,0.5579171094580234,10.0874519898318,UNDERGROUND,South,EXCAVATION DAMAGE
3,4,14,0.0,1,0,0,6.994849985833071,8.068089626278244,18.3296613565181,0.6581009088060169,11.334823309277379,UNDERGROUND,South,MATERIAL/WELD/EQUIP FAILURE
3,4,15,0.0,0,0,0,0.9555114450274363,0.9555114450274363,5.6937321388027,0.0,4.743593440077653,ABOVEGROUND,South,MATERIAL/WELD/EQUIP FAILURE
3,6,11,4.733333333333333,0,0,0,0.0,2.3978952727983707,9.911505324129712,0.9090909090909091,9.911505324129712,ABOVEGROUND,South,MATERIAL/WELD/EQUIP FAILURE
3,6,20,47.36666666666667,0,0,0,0.058268908123975775,0.5364933705145685,13.086533070323501,0.3801169590643275,13.02826428657711,UNDERGROUND,Midwest,INCORRECT OPERATION
4,0,7,32.166666666666664,0,0,0,0.0,1.1939224684724346,8.768885326134862,0.6969696969696969,8.768885326134862,UNDERGROUND,West,MATERIAL/WELD/EQUIP FAILURE
4,0,9,56.46666666666667,0,0,0,0.0,0.7419373447293773,14.274264268508253,0.5238095238095238,14.274264268508253,ABOVEGROUND,Midwest,INCORRECT OPERATION
4,0,17,125.18333333333334,0,0,0,0.8712933659434192,1.220829921392359,12.692841204702374,0.2949852507374631,11.821552110284204,UNDERGROUND,Midwest,MATERIAL/WELD/EQUIP FAILURE
4,1,10,34.516666666666666,0,0,0,4.189654742026425,4.61512051684126,12.553205710188037,0.3465346534653465,8.363780622956133,ABOVEGROUND,Midwest,INCORRECT OPERATION
4,1,13,0.0,0,0,0,0.0,1.4861396960896067,9.53798807237101,0.7737556561085973,9.53798807237101,TANK,South,MATERIAL/WELD/EQUIP FAILURE
4,2,7,0.0,0,0,0,0.0,0.7839015438284094,10.00563792118106,0.54337899543379,10.00563792118106,UNDERGROUND,South,MATERIAL/WELD/EQUIP FAILURE
4,2,10,5.4,0,0,0,0.0,0.6931471805599453,9.249657234353133,0.5,9.249657234353133,UNDERGROUND,South,CORROSION
4,2,14,0.0,0,0,0,0.18232155679395465,0.18232155679395465,7.62608275807238,0.0,7.443858709932396,ABOVEGROUND,South,MATERIAL/WELD/EQUIP FAILURE
4,2,18,114.0,0,0,0,0.5596157879354227,0.6931471805599453,7.870165946469845,0.125,7.310836595735025,ABOVEGROUND,South,MATERIAL/WELD/EQUIP FAILURE
4,2,22,0.0,0,0,0,0.0,0.009950330853168083,10.839600519357369,0.009900990099009901,10.839600519357369,UNDERGROUND,Midwest,ALL OTHER CAUSES
4,3,10,0.9166666666666666,0,0,0,0.6931471805599453,0.6931471805599453,7.00397413672268,0.0,6.311734809152915,ABOVEGROUND,South,MATERIAL/WELD/EQUIP FAILURE
4,3,14,142.25,0,0,0,0.0,0.832909122935104,9.254452946594503,0.5652173913043479,9.254452946594503,UNDERGROUND,West,MATERIAL/WELD/EQUIP FAILURE
4,3,18,5.9,0,0,0,2.302585092994046,2.302585092994046,10.604131561522696,0.0,8.301769763117166,ABOVEGROUND,South,MATERIAL/WELD/EQUIP FAILURE
4,4,13,0.0,0,0,0,0.0,0.2151113796169455,5.707110264748875,0.1935483870967742,5.707110264748875,ABOVEGROUND,Midwest,MATERIAL/WELD/EQUIP FAILURE
4,4,14,0.0,0,0,0,0.0,0.6931471805599453,10.598532930379154,0.5,10.598532930379154,TANK,South,MATERIAL/WELD/EQUIP FAILURE
4,5,8,0.0,0,0,0,0.0,3.970291913552122,16.04283327427448,0.9811320754716981,16.04283327427448,UNDERGROUND,South,CORROSION
4,5,14,0.0,0,0,0,0.06765864847381481,0.2151113796169455,12.206577518060588,0.1370967741935484,12.13891921941005,UNDERGROUND,Midwest,MATERIAL/WELD/EQUIP FAILURE
4,5,17,1032.0,0,0,0,0.0,0.6931471805599453,11.919343452278108,0.5,11.919343452278108,UNDERGROUND,South,EXCAVATION DAMAGE
4,6,18,168.8,0,0,0,0.0,3.4339872044851463,14.37111889822546,0.967741935483871,14.37111889822546,UNDERGROUND,Midwest,MATERIAL/WELD/EQUIP FAILURE
4,6,20,0.0,0,0,0,0.0,0.6678293725756554,6.2166061010848646,0.48717948717948717,6.2166061010848646,ABOVEGROUND,Northeast,MATERIAL/WELD/EQUIP FAILURE
4,1,19,0.0,0,0,0,0.0,0.09531017980432487,11.184574164106634,0.09090909090909091,11.184574164106634,TANK,South,MATERIAL/WELD/EQUIP FAILURE
4,4,7,1.7333333333333334,0,0,0,1.791759469228055,1.791759469228055,8.270013062273787,0.0,6.479533183751356,ABOVEGROUND,Midwest,MATERIAL/WELD/EQUIP FAILURE
4,4,10,20.4,0,0,0,0.0,2.8390784635086144,12.401906663100798,0.9415204678362573,12.401906663100798,UNDERGROUND,South,CORROSION
4,6,14,1.4166666666666667,0,0,0,0.0,3.9318256327243257,11.038929878454953,0.9803921568627451,11.038929878454953,TANK,South,MATERIAL/WELD/EQUIP FAILURE
4,0,14,77.75,0,0,0,1.3609765531356006,1.3609765531356006,10.412922209355978,0.0,9.052032773523882,UNDERGROUND,South,CORROSION
4,2,13,0.0,0,0,0,0.0,0.11332868530700317,9.210440366976517,0.10714285714285712,9.210440366976517,TANK,Midwest,MATERIAL/WELD/EQUIP FAILURE
4,4,11,8.0,0,0,0,1.0986122886681098,1.3862943611198906,9.425532393502772,0.25,8.32708136914722,UNDERGROUND,South,CORROSION
4,4,15,0.0,0,0,0,0.0,1.791759469228055,10.475624621025222,0.8333333333333334,10.475624621025222,UNDERGROUND,South,CORROSION
4,5,10,0.0,0,0,0,0.0,0.4637340162321401,9.634038248345407,0.37106918238993714,9.634038248345407,ABOVEGROUND,Northeast,MATERIAL/WELD/EQUIP FAILURE
4,0,0,33.93333333333333,0,0,0,0.0,0.5306282510621704,9.320180837655714,0.4117647058823529,9.320180837655714,ABOVEGROUND,Midwest,MATERIAL/WELD/EQUIP FAILURE
4,0,14,0.0,0,0,0,0.6931471805599453,1.3862943611198906,9.239996256883693,0.5,8.546946149565585,ABOVEGROUND,South,INCORRECT OPERATION
4,1,11,0.0,0,0,0,0.0,0.2468600779315258,13.366314541044128,0.21875000000000003,13.366314541044128,TANK,South,INCORRECT OPERATION
4,1,11,0.0,0,0,0,1.6094379124341003,1.6094379124341003,10.086475553873242,0.0,8.477204183199873,ABOVEGROUND,South,INCORRECT OPERATION
4,1,14,0.0,0,0,0,0.0,0.2151113796169455,9.433563920090563,0.1935483870967742,9.433563920090563,TRANSITION AREA,Northeast,INCORRECT OPERATION
4,1,15,5.2,0,0,0,0.0,3.5360196074696004,12.391219374431191,0.9708709583454704,12.391219374431191,ABOVEGROUND,Midwest,NATURAL FORCE DAMAGE
4,2,20,30.0,0,0,0,0.0,0.18232155679395465,12.266932533786937,0.16666666666666669,12.266932533786937,UNDERGROUND,Midwest,MATERIAL/WELD/EQUIP FAILURE
4,3,6,6.416666666666667,0,0,0,0.0,1.0986122886681098,8.068089626278244,0.6666666666666666,8.068089626278244,ABOVEGROUND,South,MATERIAL/WELD/EQUIP FAILURE
4,0,8,3.8833333333333333,0,0,0,0.0,0.3074846997479606,9.30428598481871,0.2647058823529412,9.30428598481871,ABOVEGROUND,South,MATERIAL/WELD/EQUIP FAILURE
4,1,13,0.0,0,0,0,0.0,0.832909122935104,12.517596969117488,0.5652173913043479,12.517596969117488,UNDERGROUND,Midwest,OTHER OUTSIDE FORCE DAMAGE
5,2,15,0.0,1,0,0,5.537334267018537,5.537334267018537,13.742262216222434,0.0,8.205200139579613,ABOVEGROUND,Midwest,OTHER OUTSIDE FORCE DAMAGE
5,3,8,57.55,0,0,0,0.0,0.9162907318741551,12.793045090156022,0.6,12.793045090156022,UNDERGROUND,Midwest,MATERIAL/WELD/EQUIP FAILURE
5,4,6,0.0,0,0,0,0.0,0.6043159668533296,8.595264726836392,0.45355191256830596,8.595264726836392,ABOVEGROUND,Northeast,MATERIAL/WELD/EQUIP FAILURE
5,4,12,0.0,0,0,0,0.0,0.4510756193602167,8.712101863715663,0.36305732484076436,8.712101863715663,ABOVEGROUND,South,MATERIAL/WELD/EQUIP FAILURE
5,4,14,6.083333333333333,0,0,0,0.0,0.4700036292457355,11.918397239722838,0.37499999999999994,11.918397239722838,ABOVEGROUND,Midwest,NATURAL FORCE DAMAGE
5,4,17,0.0,0,0,0,0.0,0.18232155679395465,6.255750041753367,0.16666666666666669,6.255750041753367,ABOVEGROUND,South,MATERIAL/WELD/EQUIP FAILURE
5,0,6,0.4166666666666667,0,0,0,0.33647223662121295,1.7047480922384253,10.609081944147828,0.7454545454545454,10.272619583777196,ABOVEGROUND,South,MATERIAL/WELD/EQUIP FAILURE
5,0,7,2.0833333333333335,0,0,0,0.0,0.5247285289349821,6.90875477931522,0.40828402366863903,6.90875477931522,UNDERGROUND,West,EXCAVATION DAMAGE
5,0,12,0.0,0,0,0,0.3920420877760237,0.3920420877760237,6.716594773520978,0.0,6.325133630765166,ABOVEGROUND,South,MATERIAL/WELD/EQUIP FAILURE
5,0,19,63.833333333333336,1,0,0,0.6523251860396903,0.6523251860396903,11.236394322495983,0.0,10.584081267024454,UNDERGROUND,Midwest,MATERIAL/WELD/EQUIP FAILURE
5,1,8,6.5,0,0,0,0.0,1.0986122886681098,9.453364978883542,0.6666666666666666,9.453364978883542,UNDERGROUND,South,MATERIAL/WELD/EQUIP FAILURE
5,1,9,13.033333333333333,0,0,0,0.0,0.6931471805599453,12.35195927193897,0.5,12.35195927193897,UNDERGROUND,Midwest,MATERIAL/WELD/EQUIP FAILURE
5,1,10,0.0,0,0,0,0.0,0.4054651081081644,8.944028325260595,0.3333333333333333,8.944028325260595,UNDERGROUND,Northeast,CORROSION
5,2,10,116.33333333333333,0,0,0,0.6931471805599453,0.6931471805599453,12.563750586299374,0.0,11.870606902224587,UNDERGROUND,South,MATERIAL/WELD/EQUIP FAILURE
5,2,10,0.48333333333333334,0,0,0,0.6931471805599453,0.6931471805599453,8.142645185942795,0.0,7.449788829872321,ABOVEGROUND,South,MATERIAL/WELD/EQUIP FAILURE
5,3,4,0.0,0,0,0,0.0,6.29156913955832,15.595206049159918,0.9981481481481481,15.595206049159918,UNDERGROUND,Midwest,OTHER OUTSIDE FORCE DAMAGE
5,4,13,0.0,0,0,0,0.0,1.3862943611198906,11.420821140914589,0.75,11.420821140914589,TANK,South,INCORRECT OPERATION
5,5,13,0.0,0,0,0,0.4054651081081644,0.6931471805599453,11.367217379272091,0.25,10.961758055439374,UNDERGROUND,Midwest,MATERIAL/WELD/EQUIP FAILURE
5,6,16,4.1,0,0,0,0.0,2.151762203259462,12.681328084847523,0.8837209302325582,12.681328084847523,UNDERGROUND,South,INCORRECT OPERATION
5,1,9,0.0,0,0,0,0.4054651081081644,1.0986122886681098,9.512073267650623,0.5,9.106645135637418,ABOVEGROUND,South,CORROSION
5,1,13,0.0,0,0,0,0.32208349916911333,0.32208349916911333,7.67368812926773,0.0,7.351781276513386,UNDERGROUND,Midwest,EXCAVATION DAMAGE
5,2,11,36.766666666666666,0,0,0,0.6931471805599453,0.6931471805599453,11.097425172408931,0.0,10.404293143019792,ABOVEGROUND,South,MATERIAL/WELD/EQUIP FAILURE
5,2,13,29.433333333333334,0,0,0,0.0,1.62924053973028,13.017005083966255,0.803921568627451,13.017005083966255,UNDERGROUND,South,MATERIAL/WELD/EQUIP FAILURE
5,3,0,0.0,0,0,0,0.0,0.20701416938432612,8.204945165019208,0.1869918699186992,8.204945165019208,ABOVEGROUND,Midwest,MATERIAL/WELD/EQUIP FAILURE
5,3,9,344.48333333333335,0,0,0,4.2626798770413155,4.836281906951478,13.295477677197345,0.4365079365079365,9.032915539031524,UNDERGROUND,South,EXCAVATION DAMAGE
5,3,14,0.0,0,0,0,0.5306282510621704,0.5306282510621704,3.58351893845611,0.0,3.072148503998354,ABOVEGROUND,South,INCORRECT OPERATION
5,4,7,0.0,0,0,0,0.0,0.23901690047049992,7.340186835320115,0.2125984251968504,7.340186835320115,ABOVEGROUND,South,INCORRECT OPERATION
5,4,14,0.0,0,0,0,0.4762341789963716,0.8586616190375187,12.744029856388185,0.31779661016949146,12.267797458406925,UNDERGROUND,Midwest,MATERIAL/WELD/EQUIP FAILURE
5,5,12,50.88333333333333,0,0,0,1.220829921392359,1.220829921392359,10.822195360925887,0.0,9.601413122999915,UNDERGROUND,Midwest,MATERIAL/WELD/EQUIP FAILURE
5,5,14,0.0,0,0,0,5.170483995038151,7.717351272185329,16.443382347741178,0.9216733422340899,11.272910993227285,UNDERGROUND,South,CORROSION
5,6,6,0.0,0,0,0,0.0,0.18232155679395465,8.188966863648876,0.16666666666666669,8.188966863648876,ABOVEGROUND,South,MATERIAL/WELD/EQUIP FAILURE
5,6,17,0.0,0,0,0,0.0,0.4054651081081644,7.8636512654486515,0.3333333333333333,7.8636512654486515,ABOVEGROUND,South,ALL OTHER CAUSES
5,6,18,0.0,0,0,0,0.0,1.0986122886681098,10.625562268169254,0.6666666666666666,10.625562268169254,ABOVEGROUND,South,MATERIAL/WELD/EQUIP FAILURE
5,0,9,10.083333333333334,0,0,0,0.0,1.840549633397487,10.729262592657507,0.8412698412698413,10.729262592657507,ABOVEGROUND,Northeast,MATERIAL/WELD/EQUIP FAILURE
5,1,6,0.0,0,0,0,0.0,0.6931471805599453,8.537191877922927,0.5,8.537191877922927,ABOVEGROUND,South,MATERIAL/WELD/EQUIP FAILURE
5,2,14,2.25,0,0,0,0.0,0.6931471805599453,8.566173813637858,0.5,8.566173813637858,ABOVEGROUND,South,MATERIAL/WELD/EQUIP FAILURE
5,3,8,0.0,0,0,0,0.0,1.3862943611198906,8.853808274977197,0.75,8.853808274977197,ABOVEGROUND,South,MATERIAL/WELD/EQUIP FAILURE
5,3,18,0.0,0,0,0,0.0,0.11332868530700317,10.514230906841258,0.10714285714285712,10.514230906841258,UNDERGROUND,Midwest,MATERIAL/WELD/EQUIP FAILURE
5,4,17,0.0,0,0,0,0.0,0.4700036292457355,8.860924729719041,0.37499999999999994,8.860924729719041,TANK,South,INCORRECT OPERATION
5,0,7,0.5,0,0,0,0.0,0.5306282510621704,8.036249942132116,0.4117647058823529,8.036249942132116,ABOVEGROUND,South,ALL OTHER CAUSES
5,1,8,0.0,0,0,0,0.0,0.4054651081081644,5.860786223465865,0.3333333333333333,5.860786223465865,ABOVEGROUND,Midwest,NATURAL FORCE DAMAGE
5,1,8,0.0,0,0,0,0.0,0.18232155679395465,10.072259391783,0.16666666666666669,10.072259391783,ABOVEGROUND,Midwest,INCORRECT OPERATION
5,1,11,0.0,0,0,0,0.0,0.6931471805599453,4.948759890378168,0.5,4.948759890378168,ABOVEGROUND,South,MATERIAL/WELD/EQUIP FAILURE
5,2,6,2.8333333333333335,0,0,0,0.5877866649021191,0.5877866649021191,6.293419278846481,0.0,5.707110264748875,ABOVEGROUND,West,MATERIAL/WELD/EQUIP FAILURE
5,2,11,0.0,0,0,0,0.0,0.33647223662121295,8.82981174915805,0.28571428571428575,8.82981174915805,ABOVEGROUND,South,INCORRECT OPERATION
5,4,0,0.0,0,0,0,0.0,2.3978952727983707,11.20599261292631,0.9090909090909091,11.20599261292631,ABOVEGROUND,West,MATERIAL/WELD/EQUIP FAILURE
5,4,11,147.06666666666666,0,0,0,5.303304908059076,5.303304908059076,12.691583538230217,0.0,7.388893823622739,UNDERGROUND,South,INCORRECT OPERATION
6,5,12,21.75,0,0,0,1.791759469228055,4.912654885736052,8.612685172875459,0.9558823529411765,6.821834216474498,ABOVEGROUND,West,MATERIAL/WELD/EQUIP FAILURE
6,6,22,0.0,0,0,0,0.0,0.5538851132264376,9.437953917961844,0.42528735632183906,9.437953917961844,ABOVEGROUND,Midwest,MATERIAL/WELD/EQUIP FAILURE
6,0,12,8.1,0,0,0,5.0689042022202315,5.303304908059076,13.225823889197443,0.208955223880597,8.157204587264038,UNDERGROUND,South,MATERIAL/WELD/EQUIP FAILURE
6,1,6,0.0,0,0,0,1.547562508716013,1.547562508716013,9.497472293122483,0.0,7.9501873985770795,ABOVEGROUND,Midwest,MATERIAL/WELD/EQUIP FAILURE
6,2,8,0.0,0,0,0,0.3920420877760237,0.3920420877760237,9.307557822691543,0.0,8.91555928718369,ABOVEGROUND,Midwest,MATERIAL/WELD/EQUIP FAILURE
6,3,9,0.0,0,0,0,0.0,0.5364933705145685,8.029758520440822,0.4152046783625731,8.029758520440822,TANK,South,MATERIAL/WELD/EQUIP FAILURE
6,3,18,0.0,0,0,0,0.0,0.4700036292457355,10.343289673048742,0.37499999999999994,10.343289673048742,ABOVEGROUND,Midwest,INCORRECT OPERATION
6,4,8,0.0,0,0,0,0.0,2.0794415416798357,8.354438940114811,0.875,8.354438940114811,ABOVEGROUND,South,INCORRECT OPERATION
6,4,13,0.0,0,0,0,0.0,0.6931471805599453,7.3783837129967145,0.5,7.3783837129967145,ABOVEGROUND,South,MATERIAL/WELD/EQUIP FAILURE
6,0,11,61.35,0,0,0,3.295836866004329,3.295836866004329,11.122486890878687,0.0,7.827034134557167,UNDERGROUND,West,MATERIAL/WELD/EQUIP FAILURE
6,2,14,0.0,0,0,0,8.017966703493599,8.331827004436057,13.840204146163925,0.26937891189215213,5.825193067616681,UNDERGROUND,South,EXCAVATION DAMAGE
6,2,16,0.0,0,0,0,0.0,0.41871033485818504,10.915106645867503,0.34210526315789475,10.915106645867503,ABOVEGROUND,West,NATURAL FORCE DAMAGE
6,4,9,0.0,0,0,0,0.0,2.803360380906535,10.154285180632154,0.9393939393939394,10.154285180632154,ABOVEGROUND,West,MATERIAL/WELD/EQUIP FAILURE
6,5,9,0.0,0,0,0,0.2151113796169455,0.3920420877760237,6.329720905522696,0.16216216216216217,6.1150372419088495,ABOVEGROUND,South,INCORRECT OPERATION
6,6,6,3.1666666666666665,0,0,0,0.0,1.1631508098056809,9.859431166339208,0.6875,9.859431166339208,UNDERGROUND,South,MATERIAL/WELD/EQUIP FAILURE
6,6,9,0.0,0,0,0,0.0,0.18232155679395465,3.1780538303479458,0.16666666666666669,3.1780538303479458,ABOVEGROUND,Midwest,MATERIAL/WELD/EQUIP FAILURE
6,0,10,0.0,0,0,0,0.0,0.3920420877760237,10.609476918109369,0.32432432432432434,10.609476918109369,ABOVEGROUND,South,INCORRECT OPERATION
6,1,10,0.3333333333333333,0,0,0,0.0,0.9162907318741551,8.335911094196945,0.6,8.335911094196945,ABOVEGROUND,South,MATERIAL/WELD/EQUIP FAILURE
6,1,18,3.933333333333333,0,0,0,0.0,0.26236426446749106,8.699681400989514,0.23076923076923075,8.699681400989514,ABOVEGROUND,South,MATERIAL/WELD/EQUIP FAILURE
6,1,22,17.066666666666666,0,0,0,0.0,1.0402767116551463,8.517393171418904,0.6466431095406361,8.517393171418904,ABOVEGROUND,South,MATERIAL/WELD/EQUIP FAILURE
6,3,11,9.166666666666666,0,0,0,0.26236426446749106,0.33647223662121295,10.285376924115587,0.07142857142857144,10.023022898154093,ABOVEGROUND,South,MATERIAL/WELD/EQUIP FAILURE
6,3,18,0.0,0,0,0,0.0,3.044522437723423,9.510519035757246,0.9523809523809523,9.510519035757246,ABOVEGROUND,South,MATERIAL/WELD/EQUIP FAILURE
6,1,5,0.0,0,0,0,4.110873864173311,5.017279836814924,12.204776806293054,0.5960264900662252,8.094203286015759,ABOVEGROUND,South,MATERIAL/WELD/EQUIP FAILURE
6,2,12,0.0,0,0,0,0.0,3.091042453358316,9.472781556562168,0.9545454545454546,9.472781556562168,ABOVEGROUND,South,INCORRECT OPERATION
6,3,2,0.5,0,0,0,0.6931471805599453,0.6931471805599453,7.0909098220799835,0.0,6.398594934535208,ABOVEGROUND,West,MATERIAL/WELD/EQUIP FAILURE
6,5,5,79.51666666666667,0,0,0,0.6931471805599453,4.454347296253507,10.969938154395841,0.9767441860465116,10.276808185095502,TANK,South,CORROSION
6,5,22,0.0,0,0,0,0.0,0.2468600779315258,9.210440366976517,0.21875000000000003,9.210440366976517,ABOVEGROUND,South,MATERIAL/WELD/EQUIP FAILURE
6,6,9,164.0,0,0,0,0.009950330853168083,0.009950330853168083,12.07254696717504,0.0,12.0625966934644,,South,CORROSION
6,6,19,0.0,0,0,0,0.0,5.3981627015177525,10.659633006160352,0.995475113122172,10.659633006160352,TANK,South,MATERIAL/WELD/EQUIP FAILURE
7,0,15,119.15,0,0,0,2.953868069455292,2.953868069455292,12.253275836838323,0.0,9.299494472548181,UNDERGROUND,Midwest,MATERIAL/WELD/EQUIP FAILURE
7,0,17,0.0,0,0,0,1.791759469228055,1.791759469228055,12.148994228490396,0.0,10.357261227382814,UNDERGROUND,Midwest,MATERIAL/WELD/EQUIP FAILURE
7,1,17,255.56666666666666,0,0,0,5.993961427306569,6.021023349349527,14.50152637065875,0.02669902912621359,8.50776635443893,UNDERGROUND,West,NATURAL FORCE DAMAGE
7,1,7,6.45,0,0,0,0.0,0.9555114450274363,10.775784598724393,0.6153846153846154,10.775784598724393,ABOVEGROUND,South,INCORRECT OPERATION
7,1,9,0.0,0,0,0,0.0,0.3852624007906449,4.61512051684126,0.31972789115646255,4.61512051684126,ABOVEGROUND,South,MATERIAL/WELD/EQUIP FAILURE
7,1,15,74.66666666666667,0,0,0,3.9318256327243257,6.769641976852503,13.26212705890841,0.9414466130884042,9.330388378774108,UNDERGROUND,Midwest,EXCAVATION DAMAGE
7,2,9,0.0,0,0,0,0.0,1.0986122886681098,12.975386570374527,0.6666666666666666,12.975386570374527,UNDERGROUND,South,MATERIAL/WELD/EQUIP FAILURE
7,3,11,0.0,0,0,0,0.6418538861723948,0.6418538861723948,9.210440366976517,0.0,8.568676467756074,ABOVEGROUND,Midwest,MATERIAL/WELD/EQUIP FAILURE
7,3,13,2.5,0,0,0,0.0,0.29266961396282004,9.280892027927127,0.2537313432835821,9.280892027927127,ABOVEGROUND,West,MATERIAL/WELD/EQUIP FAILURE
7,3,14,0.0,0,0,0,0.0,0.6931471805599453,8.801017833540714,0.5,8.801017833540714,ABOVEGROUND,Midwest,MATERIAL/WELD/EQUIP FAILURE
7,3,16,0.0,0,0,0,0.0,0.09531017980432487,10.924876765740112,0.09090909090909091,10.924876765740112,UNDERGROUND,Midwest,MATERIAL/WELD/EQUIP FAILURE
7,4,16,0.0,0,0,0,0.019802627296179712,0.019802627296179712,13.815511557963774,0.0,13.795708950667574,TANK,South,CORROSION
7,0,12,0.3333333333333333,0,0,0,0.0,1.0647107369924282,10.375925715897324,0.6551724137931034,10.375925715897324,ABOVEGROUND,Midwest,MATERIAL/WELD/EQUIP FAILURE
7,0,18,59.36666666666667,0,0,0,0.0,1.0986122886681098,13.15897106419124,0.6666666666666666,13.15897106419124,UNDERGROUND,Midwest,MATERIAL/WELD/EQUIP FAILURE
7,1,6,0.0,0,0,0,0.5877866649021191,2.0412203288596382,10.330420567259534,0.7662337662337663,9.742660002307174,TANK,South,MATERIAL/WELD/EQUIP FAILURE
7,1,15,0.0,0,0,0,0.0,0.6931471805599453,7.826443135456014,0.5,7.826443135456014,ABOVEGROUND,South,INCORRECT OPERATION
7,3,16,4863.0,0,0,0,0.0,0.0,14.091572123094334,0.0,14.091572123094334,UNDERGROUND,South,MATERIAL/WELD/EQUIP FAILURE
7,4,16,6.0,0,0,0,0.0,1.6094379124341003,8.412054873292933,0.8,8.412054873292933,ABOVEGROUND,South,CORROSION
7,5,12,0.0,0,0,0,0.0,1.0986122886681098,9.913487387114461,0.6666666666666666,9.913487387114461,ABOVEGROUND,Midwest,MATERIAL/WELD/EQUIP FAILURE
7,0,6,0.0,0,0,0,0.0,1.4655675420143985,10.47607597368035,0.76905311778291,10.47607597368035,ABOVEGROUND,Midwest,MATERIAL/WELD/EQUIP FAILURE
7,0,10,290.0,0,0,0,0.0,3.9318256327243257,12.73080413304066,0.9803921568627451,12.73080413304066,UNDERGROUND,South,CORROSION
7,0,14,48.71666666666667,0,0,0,0.0,0.22314355131420976,13.510878984178776,0.2,13.510878984178776,UNDERGROUND,Midwest,MATERIAL/WELD/EQUIP FAILURE
7,0,15,0.0,0,0,0,0.0,0.18232155679395465,12.371591321286905,0.16666666666666669,12.371591321286905,UNDERGROUND,South,CORROSION
7,1,13,0.0,0,0,0,0.0,4.836281906951478,8.517393171418904,0.9920634920634921,8.517393171418904,UNDERGROUND,West,INCORRECT OPERATION
7,3,16,0.0,0,0,0,0.0,0.0,0.0,0.0,0.0,UNDERGROUND,Midwest,INCORRECT OPERATION
7,4,8,56.55,0,0,0,0.0,6.284134161070802,14.506656236855425,0.9981343283582089,14.506656236855425,UNDERGROUND,South,MATERIAL/WELD/EQUIP FAILURE
7,5,8,0.0,0,0,0,0.0,0.7884573603642702,9.692828247710418,0.5454545454545454,9.692828247710418,ABOVEGROUND,West,MATERIAL/WELD/EQUIP FAILURE
7,5,10,0.0,0,0,0,1.33500106673234,1.33500106673234,7.0909098220799835,0.0,5.75823743238133,ABOVEGROUND,South,MATERIAL/WELD/EQUIP FAILURE
7,0,0,780.8833333333333,0,0,0,9.598659321249377,9.933094897288786,16.64794071305512,0.28425804572593566,7.050148988973347,UNDERGROUND,Midwest,NATURAL FORCE DAMAGE
7,0,14,0.0,0,0,0,0.0,3.380994674344636,11.58525542883217,0.9659863945578231,11.58525542883217,UNDERGROUND,South,CORROSION
7,1,9,0.0,0,0,0,0.0,0.3852624007906449,8.006700845440367,0.31972789115646255,8.006700845440367,ABOVEGROUND,South,MATERIAL/WELD/EQUIP FAILURE
7,1,10,5.916666666666667,0,0,0,0.0,1.0986122886681098,7.601402334583733,0.6666666666666666,7.601402334583733,ABOVEGROUND,West,OTHER OUTSIDE FORCE DAMAGE
7,2,12,2.0,0,0,0,2.6026896854443837,2.6026896854443837,13.748864216934338,0.0,11.14618789286793,ABOVEGROUND,South,MATERIAL/WELD/EQUIP FAILURE
7,2,14,0.0,0,0,0,0.09531017980432487,0.09531017980432487,0.0,0.0,0.0,TANK,South,INCORRECT OPERATION
8,3,0,1.6666666666666667,0,0,0,1.791759469228055,1.791759469228055,7.611347717403621,0.0,5.822059215580574,ABOVEGROUND,South,MATERIAL/WELD/EQUIP FAILURE
8,3,9,0.0,0,0,0,0.18232155679395465,0.18232155679395465,10.742918838113225,0.0,10.560601600871074,UNDERGROUND,Midwest,MATERIAL/WELD/EQUIP FAILURE
8,3,13,0.0,0,0,0,0.0,4.394449154672439,8.612685172875459,0.9876543209876543,8.612685172875459,ABOVEGROUND,South,INCORRECT OPERATION
8,3,20,0.0,0,0,0,0.0,2.4553061800117097,10.694237736914808,0.9141630901287554,10.694237736914808,UNDERGROUND,West,CORROSION
8,5,9,15.0,0,0,0,0.0,5.081404364984463,13.636945935048026,0.9937888198757764,13.636945935048026,ABOVEGROUND,Midwest,MATERIAL/WELD/EQUIP FAILURE
8,6,21,0.0,0,0,0,0.0,0.5306282510621704,9.121618441915379,0.4117647058823529,9.121618441915379,ABOVEGROUND,Midwest,MATERIAL/WELD/EQUIP FAILURE
8,0,0,0.0,0,0,0,0.0,4.875197323201151,14.882660042929915,0.9923664122137404,14.882660042929915,UNDERGROUND,West,EXCAVATION DAMAGE
8,1,14,52.766666666666666,0,0,0,0.0,0.2151113796169455,11.017956786026502,0.1935483870967742,11.017956786026502,UNDERGROUND,Midwest,MATERIAL/WELD/EQUIP FAILURE
8,3,8,0.0,0,0,0,0.0,1.0986122886681098,9.222268942841456,0.6666666666666666,9.222268942841456,ABOVEGROUND,Midwest,CORROSION
8,3,10,0.0,0,0,0,0.0,1.252762968495368,10.872769137130032,0.7142857142857143,10.872769137130032,ABOVEGROUND,Northeast,CORROSION
8,3,12,0.0,0,0,0,0.0,0.8586616190375187,12.966677519794438,0.576271186440678,12.966677519794438,TANK,West,MATERIAL/WELD/EQUIP FAILURE
8,4,11,0.0,0,0,0,0.4054651081081644,0.4054651081081644,8.787830829258759,0.0,8.382442007529699,UNDERGROUND,South,CORROSION
8,5,12,0.0,0,1,0,0.0,0.3920420877760237,8.486940148245216,0.32432432432432434,8.486940148245216,UNDERGROUND,South,INCORRECT OPERATION
8,0,18,7.033333333333333,0,0,0,0.0,0.4700036292457355,9.637306011530349,0.37499999999999994,9.637306011530349,ABOVEGROUND,Northeast,MATERIAL/WELD/EQUIP FAILURE
8,0,23,117.28333333333333,1,0,0,9.820160289946374,9.820160289946374,13.151924121391561,0.0,3.3668684755475735,UNDERGROUND,Midwest,MATERIAL/WELD/EQUIP FAILURE
8,1,12,7.666666666666667,0,0,0,0.0,2.151762203259462,10.428245666832275,0.8837209302325582,10.428245666832275,UNDERGROUND,South,INCORRECT OPERATION
8,1,14,1389.75,0,0,0,9.341894811716484,9.341894811716484,15.408280528837137,0.0,6.068702369803947,UNDERGROUND,South,NATURAL FORCE DAMAGE
8,1,14,0.0,0,0,0,0.019802627296179712,1.0473189942805592,10.203629181337648,0.6421052631578947,10.183827294754503,TANK,Northeast,INCORRECT OPERATION
8,3,10,19.5,0,0,0,0.0,4.77912349311153,9.792611856190192,0.9915966386554622,9.792611856190192,TANK,Midwest,MATERIAL/WELD/EQUIP FAILURE
8,3,13,0.0,0,0,0,0.0,0.32208349916911333,10.735766041881055,0.2753623188405797,10.735766041881055,UNDERGROUND,Midwest,MATERIAL/WELD/EQUIP FAILURE
8,4,4,0.0,0,0,0,0.0,0.0,0.0,0.0,0.0,ABOVEGROUND,South,INCORRECT OPERATION
8,6,5,0.0,0,0,0,0.0,1.3862943611198906,8.878497403738631,0.75,8.878497403738631,ABOVEGROUND,South,MATERIAL/WELD/EQUIP FAILURE
8,0,9,80.41666666666667,0,0,0,1.8293763327993617,1.8293763327993617,11.63357549797039,0.0,9.80424551989288,UNDERGROUND,Midwest,MATERIAL/WELD/EQUIP FAILURE
8,0,10,0.0,0,0,0,0.0,1.9459101490553132,10.064798252418377,0.8571428571428571,10.064798252418377,UNDERGROUND,West,MATERIAL/WELD/EQUIP FAILURE
8,0,11,82.53333333333333,0,0,0,0.6931471805599453,6.198478716492308,12.850557278777309,0.9959349593495935,12.157412722878947,UNDERGROUND,South,EXCAVATION DAMAGE
8,0,17,0.0,0,0,0,0.0,0.6678293725756554,8.438366410870266,0.48717948717948717,8.438366410870266,UNDERGROUND,Northeast,CORROSION
8,1,8,52.85,0,0,0,2.5649493574615367,2.5649493574615367,6.90875477931522,0.0,4.355722146787147,ABOVEGROUND,Midwest,INCORRECT OPERATION
8,1,12,864.0,0,0,0,0.0,2.3978952727983707,12.560247968016562,0.9090909090909091,12.560247968016562,UNDERGROUND,South,MATERIAL/WELD/EQUIP FAILURE
8,2,16,3.5833333333333335,0,0,0,0.0,1.9459101490553132,7.601402334583733,0.8571428571428571,7.601402334583733,ABOVEGROUND,South,INCORRECT OPERATION
8,2,21,0.0,0,0,0,0.0,0.3852624007906449,8.02322468471667,0.31972789115646255,8.02322468471667,ABOVEGROUND,South,INCORRECT OPERATION
8,3,17,0.0,0,0,0,0.0,0.4700036292457355,10.596659732783579,0.37499999999999994,10.596659732783579,UNDERGROUND,Midwest,INCORRECT OPERATION
8,6,14,0.0,0,0,0,2.8903717578961645,2.8903717578961645,9.294773427951013,0.0,6.405962807246879,ABOVEGROUND,Midwest,ALL OTHER CAUSES
8,3,7,40.75,0,0,0,0.0,5.6131281063880705,13.160806865519543,0.9963503649635036,13.160806865519543,UNDERGROUND,Midwest,CORROSION
8,3,8,0.0,0,0,0,0.0,0.6931471805599453,8.444837529224097,0.5,8.444837529224097,ABOVEGROUND,South,INCORRECT OPERATION
8,4,11,2.4,0,0,0,0.0,0.4054651081081644,7.151485463904735,0.3333333333333333,7.151485463904735,ABOVEGROUND,South,CORROSION
8,5,14,3.7333333333333334,0,0,0,0.11332868530700317,0.5933268452777344,5.5254529391317835,0.38121546961325964,5.412602227226695,ABOVEGROUND,Midwest,MATERIAL/WELD/EQUIP FAILURE
9,1,21,47.583333333333336,0,0,0,7.568379267836522,7.920446505142607,14.35998138055036,0.29676716309480566,6.792724070825075,UNDERGROUND,South,CORROSION
9,2,11,0.0,0,0,0,0.0,3.044522437723423,14.80876270134486,0.9523809523809523,14.80876270134486,UNDERGROUND,South,ALL OTHER CAUSES
9,2,12,0.0,0,0,0,0.0,0.6931471805599453,5.303304908059076,0.5,5.303304908059076,UNDERGROUND,South,CORROSION
9,3,11,175.5,0,0,0,0.5877866649021191,1.9021075263969205,13.338926927916996,0.7313432835820896,12.751141551464219,UNDERGROUND,South,CORROSION
9,6,10,83.03333333333333,0,0,0,1.791759469228055,2.3978952727983707,14.94920874114158,0.45454545454545453,13.157450881116363,UNDERGROUND,West,OTHER OUTSIDE FORCE DAMAGE
9,0,8,25.25,0,0,0,0.0,5.017279836814924,12.132162346145595,0.9933774834437086,12.132162346145595,UNDERGROUND,South,CORROSION
9,0,15,0.0,0,0,0,0.0,1.9459101490553132,7.71333788887187,0.8571428571428571,7.71333788887187,ABOVEGROUND,South,EXCAVATION DAMAGE
9,3,7,70.36666666666666,0,0,0,0.0,0.4700036292457355,10.546945414808707,0.37499999999999994,10.546945414808707,UNDERGROUND,West,CORROSION
9,3,21,1161.0666666666666,0,0,0,7.820840879907344,7.820840879907344,13.28888916869897,0.0,5.47225718503902,UNDERGROUND,West,NATURAL FORCE DAMAGE
9,5,23,0.3333333333333333,0,0,0,1.2178757094949273,1.5706970841176697,9.57838048699361,0.29729729729729726,8.360669481215755,ABOVEGROUND,Northeast,INCORRECT OPERATION
9,1,2,0.0,0,0,0,1.6094379124341003,1.6094379124341003,12.283223483468564,0.0,10.67380408586716,ABOVEGROUND,South,MATERIAL/WELD/EQUIP FAILURE
9,2,10,0.7,0,0,0,1.6094379124341003,1.6094379124341003,5.707110264748875,0.0,4.110873864173311,ABOVEGROUND,South,MATERIAL/WELD/EQUIP FAILURE
9,3,8,47.06666666666667,0,0,0,0.039220713153281295,0.039220713153281295,10.954326659732555,0.0,10.915106645867503,ABOVEGROUND,Northeast,MATERIAL/WELD/EQUIP FAILURE
9,0,10,55.766666666666666,0,0,0,2.8581928595319295,2.8581928595319295,10.973786096889631,0.0,8.115874895073784,UNDERGROUND,Midwest,MATERIAL/WELD/EQUIP FAILURE
9,0,12,0.0,0,0,0,1.7083778602890038,1.7083778602890038,10.825104077165632,0.0,9.1168161326622,UNDERGROUND,Midwest,MATERIAL/WELD/EQUIP FAILURE
9,0,22,112.81666666666666,0,0,0,0.18232155679395465,0.18232155679395465,11.928413508556508,0.0,11.74609327179785,UNDERGROUND,Midwest,INCORRECT OPERATION
9,1,13,20.2,0,0,0,1.791759469228055,1.791759469228055,10.732803270395875,0.0,8.941152882160566,ABOVEGROUND,South,INCORRECT OPERATION
9,3,14,0.0,0,0,0,1.5040773967762742,1.5040773967762742,12.033871702120196,0.0,10.529815093666826,TANK,Northeast,ALL OTHER CAUSES
9,3,19,2.066666666666667,0,0,0,0.0,0.6931471805599453,6.439350371100098,0.5,6.439350371100098,ABOVEGROUND,South,INCORRECT OPERATION
9,4,9,788.5,0,0,0,0.0,1.2383742310432684,9.988288154228593,0.7101449275362319,9.988288154228593,UNDERGROUND,Midwest,CORROSION
9,4,10,788.5,0,0,0,0.0,1.8946168546677629,10.656199970433464,0.849624060150376,10.656199970433464,UNDERGROUND,Midwest,CORROSION
9,6,11,0.0,0,0,0,0.0,0.11332868530700317,11.002116507732017,0.10714285714285712,11.002116507732017,ABOVEGROUND,Midwest,MATERIAL/WELD/EQUIP FAILURE
9,0,7,0.0,0,0,0,2.1972245773362196,3.5553480614894135,11.556951919719207,0.7428571428571429,9.359803893744203,UNDERGROUND,South,INCORRECT OPERATION
9,0,18,0.0,0,1,0,0.0,0.0,8.517393171418904,0.0,8.517393171418904,ABOVEGROUND,South,INCORRECT OPERATION
10,1,7,7.666666666666667,0,0,0,0.0,2.3978952727983707,10.757924157061597,0.9090909090909091,10.757924157061597,ABOVEGROUND,South,MATERIAL/WELD/EQUIP FAILURE
10,3,10,26.783333333333335,0,0,0,0.0,1.4996230464268938,10.719980048331397,0.7767857142857142,10.719980048331397,UNDERGROUND,South,MATERIAL/WELD/EQUIP FAILURE
10,5,8,0.0,0,0,0,0.0,0.6931471805599453,6.398594934535208,0.5,6.398594934535208,ABOVEGROUND,South,MATERIAL/WELD/EQUIP FAILURE
10,5,19,173.3,0,0,0,2.3978952727983707,3.4339872044851463,12.492221042502727,0.6451612903225806,10.094363326556046,UNDERGROUND,South,CORROSION
10,6,12,8.25,0,0,0,2.3978952727983707,6.2166061010848646,12.154784614286667,0.9780439121756487,9.75694197140526,ABOVEGROUND,West,MATERIAL/WELD/EQUIP FAILURE
10,3,15,0.0,0,0,0,2.6390573296152584,2.6390573296152584,6.453624998892692,0.0,3.834833366737016,ABOVEGROUND,South,INCORRECT OPERATION
10,6,8,0.0,0,0,0,0.0,0.3074846997479606,3.9318256327243257,0.2647058823529412,3.9318256327243257,ABOVEGROUND,South,MATERIAL/WELD/EQUIP FAILURE
10,0,13,41.55,1,0,0,3.044522437723423,4.897839799950911,12.482419466068176,0.8432835820895522,9.437972880448358,TANK,West,INCORRECT OPERATION
10,0,14,257.53333333333336,0,0,0,0.0,1.9459101490553132,12.80929785378815,0.8571428571428571,12.80929785378815,UNDERGROUND,West,CORROSION
10,1,18,201.9,0,0,0,0.09531017980432487,0.09531017980432487,11.965414098294694,0.0,11.87010455453347,UNDERGROUND,South,MATERIAL/WELD/EQUIP FAILURE
10,1,18,0.0,0,0,0,0.0,0.5877866649021191,10.049793255125712,0.4444444444444445,10.049793255125712,UNDERGROUND,South,CORROSION
10,2,16,0.0,0,0,0,0.0,0.06765864847381481,12.448626590364206,0.06542056074766356,12.448626590364206,UNDERGROUND,Northeast,OTHER OUTSIDE FORCE DAMAGE
10,3,17,0.0,0,0,0,0.0,0.5653138090500605,13.34987338187174,0.4318181818181818,13.34987338187174,UNDERGROUND,South,NATURAL FORCE DAMAGE
10,4,6,3.0833333333333335,0,0,0,3.044522437723423,3.044522437723423,10.167811434160654,0.0,7.124056426734671,ABOVEGROUND,West,MATERIAL/WELD/EQUIP FAILURE
10,6,9,5.433333333333334,0,0,0,0.8109302162163288,1.0116009116784799,11.044584452810392,0.18181818181818182,10.233674203170017,UNDERGROUND,South,CORROSION
10,1,12,19.5,0,0,0,2.0794415416798357,2.0794415416798357,9.210440366976517,0.0,7.1316985104669115,UNDERGROUND,South,CORROSION
10,1,15,3.4166666666666665,0,0,0,0.0,0.3920420877760237,10.737461325921066,0.32432432432432434,10.737461325921066,ABOVEGROUND,South,MATERIAL/WELD/EQUIP FAILURE
10,2,13,0.0,0,0,0,2.1972245773362196,2.1972245773362196,9.920197166099076,0.0,7.723365883099571,UNDERGROUND,South,CORROSION
10,2,14,0.0,0,0,0,0.0,0.2151113796169455,7.8343923029104365,0.1935483870967742,7.8343923029104365,ABOVEGROUND,South,MATERIAL/WELD/EQUIP FAILURE
10,0,8,6.916666666666667,0,0,0,0.0,0.14842000511827327,8.437283808187935,0.13793103448275865,8.437283808187935,ABOVEGROUND,West,MATERIAL/WELD/EQUIP FAILURE
10,0,14,0.0,0,0,0,2.0794415416798357,5.993961427306569,16.234606766956624,0.9800498753117207,14.155165848290736,UNDERGROUND,South,CORROSION
10,1,16,0.0,0,0,0,0.0,0.7747271675523681,9.689737246238513,0.5391705069124424,9.689737246238513,ABOVEGROUND,Midwest,MATERIAL/WELD/EQUIP FAILURE
10,2,14,0.0,0,0,0,0.07696104113612832,0.07696104113612832,7.327123292259293,0.0,7.250214846715666,ABOVEGROUND,Northeast,INCORRECT OPERATION
10,3,11,0.0,0,0,0,0.0,1.791759469228055,11.49565722340371,0.8333333333333334,11.49565722340371,ABOVEGROUND,Midwest,INCORRECT OPERATION
10,3,13,98.73333333333333,0,0,0,3.091042453358316,3.091042453358316,11.385444304154147,0.0,8.294640374674906,UNDERGROUND,Midwest,INCORRECT OPERATION
11,5,12,0.0,0,0,0,0.0,1.1786549963416462,10.638520161969526,0.6923076923076923,10.638520161969526,UNDERGROUND,South,CORROSION
11,5,17,17.6,0,0,0,0.0,2.302585092994046,12.835033243015083,0.9,12.835033243015083,ABOVEGROUND,Midwest,INCORRECT OPERATION
11,6,2,0.0,0,0,0,0.0,1.33500106673234,5.081404364984463,0.7368421052631579,5.081404364984463,ABOVEGROUND,South,MATERIAL/WELD/EQUIP FAILURE
11,6,11,0.0,0,0,0,0.0,0.4054651081081644,9.35781165133439,0.3333333333333333,9.35781165133439,ABOVEGROUND,South,MATERIAL/WELD/EQUIP FAILURE
11,6,13,107.36666666666666,0,0,0,0.7884573603642702,0.7884573603642702,11.386239162597649,0.0,10.59779542287137,UNDERGROUND,South,MATERIAL/WELD/EQUIP FAILURE
11,1,23,10.483333333333333,1,0,0,0.0,2.3978952727983707,13.547011312929268,0.9090909090909091,13.547011312929268,ABOVEGROUND,South,MATERIAL/WELD/EQUIP FAILURE
11,2,9,0.0,0,0,0,0.0,0.2151113796169455,10.348205424565993,0.1935483870967742,10.348205424565993,UNDERGROUND,Midwest,MATERIAL/WELD/EQUIP FAILURE
11,6,18,6.516666666666667,0,0,0,0.0,0.9932517730102833,9.409273194575334,0.6296296296296295,9.409273194575334,ABOVEGROUND,South,CORROSION
11,1,16,0.0,0,0,0,0.4054651081081644,0.6931471805599453,9.872203262496361,0.25,9.466763948525191,TANK,South,MATERIAL/WELD/EQUIP FAILURE
11,2,11,0.0,0,0,0,0.6931471805599453,0.6931471805599453,8.146419323098003,0.0,7.453561871643373,ABOVEGROUND,South,MATERIAL/WELD/EQUIP FAILURE
11,3,7,72.23333333333333,0,0,0,0.0,0.6931471805599453,11.068215243411098,0.5,11.068215243411098,UNDERGROUND,South,CORROSION
11,3,9,165.25,1,0,0,8.379768515504566,8.379768515504566,15.338976552983407,0.0,6.9601572174310204,UNDERGROUND,South,EXCAVATION DAMAGE
11,3,12,457.0,0,0,0,2.0794415416798357,2.0794415416798357,9.884967102898749,0.0,7.805882040228621,UNDERGROUND,South,CORROSION
11,4,9,0.0,0,0,0,0.0,0.20701416938432612,7.336936913707618,0.1869918699186992,7.336936913707618,ABOVEGROUND,South,INCORRECT OPERATION
11,0,9,0.0,0,0,0,0.0,0.18232155679395465,6.933423025730715,0.16666666666666669,6.933423025730715,ABOVEGROUND,West,INCORRECT OPERATION
11,1,15,46.166666666666664,0,0,0,1.0986122886681098,1.3862943611198906,11.77760243768057,0.25,10.679005497971035,UNDERGROUND,South,OTHER OUTSIDE FORCE DAMAGE
11,2,12,74.5,0,0,0,0.0,4.836281906951478,7.601402334583733,0.9920634920634921,7.601402334583733,UNDERGROUND,South,EXCAVATION DAMAGE
11,2,15,1.1666666666666667,0,0,0,0.0,0.18232155679395465,8.857372832825773,0.16666666666666669,8.857372832825773,ABOVEGROUND,West,INCORRECT OPERATION
11,2,23,10.5,0,0,0,0.0,1.3862943611198906,8.895766604056085,0.75,8.895766604056085,ABOVEGROUND,West,MATERIAL/WELD/EQUIP FAILURE
11,5,10,31.966666666666665,0,0,0,2.9338568698359038,2.9338568698359038,10.512627928763104,0.0,7.579254939988893,UNDERGROUND,South,MATERIAL/WELD/EQUIP FAILURE
11,5,11,3.783333333333333,0,0,0,0.0,3.044522437723423,13.835299459676062,0.9523809523809523,13.835299459676062,UNDERGROUND,Midwest,CORROSION
11,6,6,0.0,0,0,0,0.0,5.081404364984463,12.665883883378452,0.9937888198757764,12.665883883378452,ABOVEGROUND,South,MATERIAL/WELD/EQUIP FAILURE
11,0,15,0.0,0,0,0,0.0,3.044522437723423,11.112462823634855,0.9523809523809523,11.112462823634855,ABOVEGROUND,South,CORROSION
11,1,7,27.35,0,0,0,0.0,0.1988508587451652,9.863446502998944,0.18032786885245902,9.863446502998944,ABOVEGROUND,South,MATERIAL/WELD/EQUIP FAILURE
11,2,10,81.18333333333334,0,0,0,2.772588722239781,2.772588722239781,11.364437057512568,0.0,8.592022332036887,ABOVEGROUND,West,NATURAL FORCE DAMAGE
11,5,9,2.65,0,0,0,0.0,0.2151113796169455,7.257707677160043,0.1935483870967742,7.257707677160043,ABOVEGROUND,South,MATERIAL/WELD/EQUIP FAILURE
12,6,8,3.466666666666667,0,0,0,0.0,0.16551443847757338,8.633374945705647,0.15254237288135594,8.633374945705647,ABOVEGROUND,South,MATERIAL/WELD/EQUIP FAILURE
12,1,9,7.983333333333333,0,0,0,0.0,1.547562508716013,8.46611040118692,0.7872340425531915,8.46611040118692,ABOVEGROUND,Midwest,MATERIAL/WELD/EQUIP FAILURE
12,3,8,152.55,0,0,0,0.009950330853168083,0.009950330853168083,11.561772770364213,0.0,11.551822534743692,ABOVEGROUND,Midwest,MATERIAL/WELD/EQUIP FAILURE
12,3,16,4.8,0,0,0,0.0,2.0794415416798357,9.162304922937626,0.875,9.162304922937626,UNDERGROUND,South,MATERIAL/WELD/EQUIP FAILURE
12,3,17,0.0,0,0,0,0.0,0.09531017980432487,12.594835714546704,0.09090909090909091,12.594835714546704,UNDERGROUND,Midwest,INCORRECT OPERATION
12,1,9,214.08333333333334,0,0,0,0.0,3.4339872044851463,13.677398403939607,0.967741935483871,13.677398403939607,UNDERGROUND,South,CORROSION
12,2,9,0.0,0,0,0,0.0,0.5364933705145685,12.489648800226458,0.4152046783625731,12.489648800226458,TANK,South,CORROSION
12,2,12,8.7,0,0,0,3.7727609380946383,4.966335035199676,10.205479252168017,0.6968641114982579,6.434288187605443,UNDERGROUND,Midwest,EXCAVATION DAMAGE
12,2,13,39.25,0,0,0,0.0,3.044522437723423,11.790564777297387,0.9523809523809523,11.790564777297387,UNDERGROUND,South,CORROSION
12,4,8,0.0,0,0,0,0.0,0.3920420877760237,7.953669778649798,0.32432432432432434,7.953669778649798,UNDERGROUND,West,CORROSION
12,4,13,50.916666666666664,0,0,0,0.0,5.303304908059076,12.174798673225046,0.9950248756218906,12.174798673225046,UNDERGROUND,South,EXCAVATION DAMAGE
12,2,13,0.0,0,0,0,1.3787660946990992,1.3787660946990992,9.239996256883693,0.0,7.861518442150114,TANK,Northeast,ALL OTHER CAUSES
12,3,16,40.0,0,0,0,0.6931471805599453,1.3862943611198906,8.556606193773073,0.5,7.8636512654486515,ABOVEGROUND,West,INCORRECT OPERATION
12,4,9,6.45,0,0,0,3.6375861597263857,4.219507705176107,9.907479573805665,0.4411764705882353,6.2717343480021865,ABOVEGROUND,Midwest,MATERIAL/WELD/EQUIP FAILURE
12,4,12,0.0,0,0,0,0.0,0.2151113796169455,13.88247176702207,0.1935483870967742,13.88247176702207,UNDERGROUND,Northeast,CORROSION
12,5,11,0.0,0,0,0,1.0986122886681098,2.772588722239781,7.632885505395133,0.8125,6.535241271013659,ABOVEGROUND,West,MATERIAL/WELD/EQUIP FAILURE
12,6,9,0.0,0,0,0,0.0,0.2151113796169455,7.824445930877619,0.1935483870967742,7.824445930877619,TANK,South,INCORRECT OPERATION
12,6,15,0.0,0,0,0,0.22314355131420976,1.55814461804655,10.413342705547674,0.7368421052631579,10.190206661487347,TANK,South,MATERIAL/WELD/EQUIP FAILURE
12,0,8,11.0,0,0,0,0.0,8.160803920954665,13.153476311163447,0.9997143673236218,13.153476311163447,ABOVEGROUND,West,MATERIAL/WELD/EQUIP FAILURE
12,4,7,0.0,0,0,0,0.0,0.2151113796169455,6.171700597410915,0.1935483870967742,6.171700597410915,ABOVEGROUND,South,MATERIAL/WELD/EQUIP FAILURE
12,5,9,0.0,0,0,0,4.584967478670572,4.9344739331306915,12.725009285885088,0.2949640287769784,8.140330414803923,UNDERGROUND,South,CORROSION
12,5,9,0.0,0,0,0,3.5263605246161616,3.871201010907891,10.594858155916969,0.2916666666666667,7.069323756943916,UNDERGROUND,South,CORROSION
12,5,20,1.8666666666666667,0,0,0,0.0,1.3862943611198906,8.268988209506656,0.75,8.268988209506656,ABOVEGROUND,South,MATERIAL/WELD/EQUIP FAILURE
12,0,6,0.0,0,0,0,0.0,3.9318256327243257,12.54298407140795,0.9803921568627451,12.54298407140795,TANK,Midwest,NATURAL FORCE DAMAGE
12,1,10,218.66666666666666,0,0,0,6.57507584059962,6.57507584059962,14.375126917328105,0.0,7.800460135675811,ABOVEGROUND,South,ALL OTHER CAUSES
1,2,7,2.7666666666666666,0,0,0,0.0,0.6931471805599453,11.918997055797231,0.5,11.918997055797231,ABOVEGROUND,Midwest,MATERIAL/WELD/EQUIP FAILURE
1,2,8,30.833333333333332,0,0,0,1.3609765531356006,1.3609765531356006,8.063377822367027,0.0,6.703313950847598,UNDERGROUND,South,CORROSION
1,3,9,31.75,0,0,0,0.0,6.089044875446846,12.316531144361328,0.9977324263038548,12.316531144361328,UNDERGROUND,West,CORROSION
1,3,14,0.0,0,0,0,3.828641396489095,3.828641396489095,7.613818684808629,0.0,3.807145464906489,ABOVEGROUND,South,MATERIAL/WELD/EQUIP FAILURE
1,4,10,0.0,0,0,0,0.0,0.3074846997479606,8.679822114864455,0.2647058823529412,8.679822114864455,ABOVEGROUND,Midwest,MATERIAL/WELD/EQUIP FAILURE
1,5,4,0.0,0,0,0,0.0,2.747270914255491,9.144841389743487,0.9358974358974359,9.144841389743487,ABOVEGROUND,South,MATERIAL/WELD/EQUIP FAILURE
1,5,14,4.25,0,0,0,0.0,0.6931471805599453,8.289288323000317,0.5,8.289288323000317,ABOVEGROUND,South,MATERIAL/WELD/EQUIP FAILURE
1,6,21,0.0,0,0,0,2.0794415416798357,4.189654742026425,12.611541086966115,0.8787878787878788,10.53212287826962,ABOVEGROUND,West,MATERIAL/WELD/EQUIP FAILURE
1,0,9,0.0,0,0,0,0.0,0.2151113796169455,8.517393171418904,0.1935483870967742,8.517393171418904,ABOVEGROUND,Northeast,MATERIAL/WELD/EQUIP FAILURE
1,0,11,0.0,0,0,0,0.0,0.4700036292457355,9.113388845899733,0.37499999999999994,9.113388845899733,ABOVEGROUND,South,MATERIAL/WELD/EQUIP FAILURE
1,1,7,0.0,0,0,0,0.0,1.791759469228055,8.612685172875459,0.8333333333333334,8.612685172875459,ABOVEGROUND,South,MATERIAL/WELD/EQUIP FAILURE
1,1,10,0.0,0,0,0,5.2548878086207,7.122140588622448,14.317800455851517,0.8454523444435478,9.06302792039582,UNDERGROUND,South,MATERIAL/WELD/EQUIP FAILURE
1,1,11,0.0,0,0,0,0.0,0.832909122935104,10.574670270717423,0.5652173913043479,10.574670270717423,ABOVEGROUND,Midwest,MATERIAL/WELD/EQUIP FAILURE
1,1,16,0.0,0,0,0,0.0,1.0986122886681098,6.90875477931522,0.6666666666666666,6.90875477931522,ABOVEGROUND,West,MATERIAL/WELD/EQUIP FAILURE
1,2,7,0.0,0,0,0,0.0,3.4339872044851463,10.58281467449521,0.967741935483871,10.58281467449521,ABOVEGROUND,South,NATURAL FORCE DAMAGE
1,2,12,5.7,0,0,0,1.1600209167967532,1.2237754316221157,10.625027807597291,0.061764705882352944,9.465060106725137,ABOVEGROUND,Midwest,NATURAL FORCE DAMAGE
1,3,4,0.0,0,0,0,2.3978952727983707,4.709530201312334,8.987321812850125,0.9009009009009009,6.590675603416746,TANK,Midwest,NATURAL FORCE DAMAGE
1,4,11,0.0,0,0,0,0.0,0.5822156198526637,5.707110264748875,0.44134078212290506,5.707110264748875,ABOVEGROUND,South,MATERIAL/WELD/EQUIP FAILURE
1,4,14,0.0,0,0,0,0.0,1.791759469228055,10.373522431293592,0.8333333333333334,10.373522431293592,ABOVEGROUND,Midwest,INCORRECT OPERATION
1,5,10,131.33333333333334,0,0,0,1.1537315878891892,1.2178757094949273,10.702165234305538,0.0621301775147929,9.548482461926012,UNDERGROUND,Midwest,CORROSION
1,6,11,1.0,0,0,0,0.0,0.4054651081081644,8.545002892055505,0.3333333333333333,8.545002892055505,ABOVEGROUND,South,MATERIAL/WELD/EQUIP FAILURE
1,6,20,96.86666666666666,0,0,0,0.0,5.231108616854587,11.098818120080674,0.9946524064171123,11.098818120080674,ABOVEGROUND,West,INCORRECT OPERATION
1,0,10,0.0,0,0,0,1.791759469228055,2.772588722239781,10.77356679260559,0.625,8.981912047481977,ABOVEGROUND,South,CORROSION
1,0,15,0.0,0,0,0,0.0,0.09531017980432487,0.0,0.09090909090909091,0.0,TANK,Midwest,INCORRECT OPERATION
1,1,23,0.0,0,0,0,0.0,0.6418538861723948,7.880048200971577,0.4736842105263158,7.880048200971577,UNDERGROUND,West,MATERIAL/WELD/EQUIP FAILURE
1,2,8,8.466666666666667,0,0,0,2.772588722239781,3.58351893845611,9.546884034617925,0.5555555555555556,6.775366090936392,ABOVEGROUND,Midwest,MATERIAL/WELD/EQUIP FAILURE
1,2,15,22.916666666666668,0,0,0,0.0,0.4700036292457355,10.815790343132422,0.37499999999999994,10.815790343132422,UNDERGROUND,South,ALL OTHER CAUSES
1,3,1,0.0,0,0,0,0.2151113796169455,0.2151113796169455,3.9318256327243257,0.0,3.721409097411588,ABOVEGROUND,Midwest,MATERIAL/WELD/EQUIP FAILURE
1,4,8,0.0,0,0,0,0.2151113796169455,0.2151113796169455,5.303304908059076,0.0,5.089386846006172,ABOVEGROUND,Midwest,MATERIAL/WELD/EQUIP FAILURE
1,4,9,0.0,0,0,0,0.0,0.11332868530700317,7.353081920515432,0.10714285714285712,7.353081920515432,ABOVEGROUND,Northeast,MATERIAL/WELD/EQUIP FAILURE
1,4,10,21.45,0,0,0,0.0,3.258096538021482,10.327152697288243,0.9615384615384616,10.327152697288243,ABOVEGROUND,South,ALL OTHER CAUSES
1,4,11,7.0,0,0,0,0.0,4.110873864173311,11.104972264124868,0.9836065573770492,11.104972264124868,UNDERGROUND,South,CORROSION
1,5,10,0.0,0,0,0,0.0,1.3862943611198906,9.49016666846238,0.75,9.49016666846238,ABOVEGROUND,Midwest,INCORRECT OPERATION
1,0,9,0.0,0,0,0,1.252762968495368,1.252762968495368,10.322230781590136,0.0,9.06955004385076,ABOVEGROUND,Midwest,MATERIAL/WELD/EQUIP FAILURE
1,0,14,1.6166666666666667,0,0,0,0.0,0.4054651081081644,7.467942332285852,0.3333333333333333,7.467942332285852,ABOVEGROUND,South,MATERIAL/WELD/EQUIP FAILURE
1,1,11,0.0,0,0,0,0.3074846997479606,0.3074846997479606,5.14166355650266,0.0,4.836281906951478,ABOVEGROUND,Midwest,MATERIAL/WELD/EQUIP FAILURE
1,2,16,58.333333333333336,0,0,0,4.897839799950911,5.993961427306569,12.843625188913851,0.6658354114713217,7.946136835910621,UNDERGROUND,South,CORROSION
1,4,12,3.5,0,0,0,0.0,0.4054651081081644,9.551160286590816,0.3333333333333333,9.551160286590816,ABOVEGROUND,South,NATURAL FORCE DAMAGE
1,4,15,2.0,0,0,0,0.0,0.22314355131420976,8.77971129020447,0.2,8.77971129020447,ABOVEGROUND,South,MATERIAL/WELD/EQUIP FAILURE
1,5,11,0.0,0,0,0,0.2151113796169455,0.2151113796169455,3.9318256327243257,0.0,3.721409097411588,ABOVEGROUND,Midwest,MATERIAL/WELD/EQUIP FAILURE
1,6,11,0.0,0,0,0,0.0,1.0986122886681098,8.886823846515187,0.6666666666666666,8.886823846515187,ABOVEGROUND,South,MATERIAL/WELD/EQUIP FAILURE
1,0,7,0.0,0,0,0,0.0,1.0986122886681098,9.239996256883693,0.6666666666666666,9.239996256883693,ABOVEGROUND,South,MATERIAL/WELD/EQUIP FAILURE
1,0,9,0.0,0,0,0,0.4054651081081644,0.6931471805599453,7.346655163176539,0.25,6.94151237578027,ABOVEGROUND,West,MATERIAL/WELD/EQUIP FAILURE
1,1,9,8.883333333333333,0,0,0,0.11332868530700317,0.6931471805599453,9.8536143020404,0.44,9.74029192354065,ABOVEGROUND,Midwest,MATERIAL/WELD/EQUIP FAILURE
1,1,11,0.0,0,0,0,1.4609379041156565,3.044522437723423,11.940712899082884,0.7947619047619048,10.47979657427881,TANK,South,MATERIAL/WELD/EQUIP FAILURE
1,2,7,0.0,0,0,0,0.0,0.11332868530700317,10.30948585180595,0.10714285714285712,10.30948585180595,ABOVEGROUND,South,MATERIAL/WELD/EQUIP FAILURE
1,3,13,0.0,0,0,0,3.258096538021482,6.16541785423142,11.608244735642321,0.9453781512605042,8.350375442459951,UNDERGROUND,South,EXCAVATION DAMAGE
2,5,12,0.0,0,0,0,0.0,2.5649493574615367,10.155024178351555,0.9230769230769231,10.155024178351555,ABOVEGROUND,Northeast,MATERIAL/WELD/EQUIP FAILURE
2,6,19,117.5,0,0,0,0.6931471805599453,0.6931471805599453,11.49952609300711,0.0,10.806389047291267,ABOVEGROUND,West,MATERIAL/WELD/EQUIP FAILURE
2,0,13,0.0,0,0,0,0.0,0.3920420877760237,7.730174795246222,0.32432432432432434,7.730174795246222,ABOVEGROUND,South,MATERIAL/WELD/EQUIP FAILURE
2,1,15,0.0,0,0,0,0.0,0.2151113796169455,9.220686664030326,0.1935483870967742,9.220686664030326,ABOVEGROUND,Midwest,MATERIAL/WELD/EQUIP FAILURE
2,2,7,0.0,0,0,0,0.09531017980432487,0.7419373447293773,10.286059261830983,0.47619047619047616,10.190752492545721,UNDERGROUND,South,MATERIAL/WELD/EQUIP FAILURE
2,2,17,0.6166666666666667,0,0,0,0.0,0.2151113796169455,8.033009498596668,0.1935483870967742,8.033009498596668,ABOVEGROUND,Northeast,MATERIAL/WELD/EQUIP FAILURE
2,3,18,10.366666666666667,0,0,0,0.0,1.791759469228055,11.527823929632195,0.8333333333333334,11.527823929632195,ABOVEGROUND,Midwest,MATERIAL/WELD/EQUIP FAILURE
2,4,7,37.0,0,0,0,0.0,0.019802627296179712,12.232651283334386,0.0196078431372549,12.232651283334386,UNDERGROUND,South,MATERIAL/WELD/EQUIP FAILURE
2,4,12,0.0,0,0,0,0.0,0.12221763272424921,7.943072717277933,0.11504424778761063,7.943072717277933,ABOVEGROUND,South,INCORRECT OPERATION
2,6,5,0.0,0,0,0,0.6780335427498971,2.9428587839469227,10.018422090628228,0.8961518186610438,9.340431781031837,ABOVEGROUND,Midwest,NATURAL FORCE DAMAGE
2,0,11,59.166666666666664,0,0,0,0.0,3.044522437723423,13.401510631691982,0.9523809523809523,13.401510631691982,UNDERGROUND,South,CORROSION
2,2,7,1.5833333333333333,0,0,0,5.776103136235827,5.776103136235827,9.630431332279667,0.0,3.8752303499076652,ABOVEGROUND,South,MATERIAL/WELD/EQUIP FAILURE
2,2,10,0.0,0,0,0,0.0,1.791759469228055,10.315630315397533,0.8333333333333334,10.315630315397533,ABOVEGROUND,South,CORROSION
2,2,14,0.0,0,0,0,0.0,0.18232155679395465,6.641182169740591,0.16666666666666669,6.641182169740591,ABOVEGROUND,Midwest,MATERIAL/WELD/EQUIP FAILURE
2,2,14,15.566666666666666,0,0,0,0.0,2.096790180014449,12.207861045389391,0.877149877149877,12.207861045389391,ABOVEGROUND,Midwest,NATURAL FORCE DAMAGE
2,3,13,38.7,0,0,0,0.0,6.68586094706836,13.69334405393293,0.9987515605493134,13.69334405393293,UNDERGROUND,Midwest,EXCAVATION DAMAGE
2,3,14,0.0,0,0,0,0.0,0.2151113796169455,7.824445930877619,0.1935483870967742,7.824445930877619,ABOVEGROUND,Midwest,MATERIAL/WELD/EQUIP FAILURE
2,4,7,0.0,0,0,0,0.0,0.23111172096338664,8.522379718103538,0.20634920634920637,8.522379718103538,ABOVEGROUND,Midwest,MATERIAL/WELD/EQUIP FAILURE
2,4,9,0.0,0,0,0,0.0,2.3978952727983707,10.381521353477128,0.9090909090909091,10.381521353477128,TANK,South,CORROSION
2,4,13,0.0,0,0,0,0.0,0.2468600779315258,8.754160749323518,0.21875000000000003,8.754160749323518,ABOVEGROUND,Midwest,MATERIAL/WELD/EQUIP FAILURE
2,5,10,0.0,0,0,0,0.0,2.1162555148025524,12.274389955543517,0.8795180722891566,12.274389955543517,TANK,Midwest,NATURAL FORCE DAMAGE
2,6,7,0.0,0,0,0,0.0,1.5040773967762742,6.90875477931522,0.7777777777777778,6.90875477931522,ABOVEGROUND,South,INCORRECT OPERATION
2,0,7,8.0,0,0,0,0.0,0.15700374880966475,8.544224530467268,0.1452991452991453,8.544224530467268,ABOVEGROUND,Midwest,MATERIAL/WELD/EQUIP FAILURE
2,0,9,0.0,0,0,0,1.252762968495368,1.252762968495368,9.225327501784431,0.0,7.972810784121404,ABOVEGROUND,Midwest,NATURAL FORCE DAMAGE
2,0,10,7.25,0,0,0,0.0,1.3862943611198906,10.653345824680116,0.75,10.653345824680116,UNDERGROUND,West,CORROSION
2,1,12,4029.0,0,0,0,0.3920420877760237,0.3920420877760237,8.853808274977197,0.0,8.461834746484985,UNDERGROUND,South,MATERIAL/WELD/EQUIP FAILURE
2,1,18,20.916666666666668,0,0,0,0.0,0.18232155679395465,9.853509182729887,0.16666666666666669,9.853509182729887,ABOVEGROUND,Midwest,INCORRECT OPERATION
2,2,6,0.03333333333333333,0,0,0,0.9162907318741551,1.6094379124341003,9.67464026580524,0.5,8.75844381573948,ABOVEGROUND,South,MATERIAL/WELD/EQUIP FAILURE
2,2,10,1339.3333333333333,0,0,0,0.0,4.189654742026425,11.194110418585193,0.9848484848484849,11.194110418585193,UNDERGROUND,Midwest,EXCAVATION DAMAGE
2,2,18,0.0,0,0,0,1.3862943611198906,2.772588722239781,12.356649805075568,0.75,10.97036834704274,UNDERGROUND,West,CORROSION
2,3,11,0.0,0,0,0,0.0,0.9162907318741551,10.392619562216863,0.6,10.392619562216863,TANK,South,NATURAL FORCE DAMAGE
2,3,14,0.0,0,0,0,0.0,0.6418538861723948,7.450660796211539,0.4736842105263158,7.450660796211539,ABOVEGROUND,Midwest,INCORRECT OPERATION
2,4,2,4.216666666666667,0,0,0,0.0,0.26236426446749106,7.9483852851118995,0.23076923076923075,7.9483852851118995,ABOVEGROUND,South,MATERIAL/WELD/EQUIP FAILURE
2,4,8,0.0,0,0,0,0.0,2.5649493574615367,10.433439104100595,0.9230769230769231,10.433439104100595,UNDERGROUND,South,CORROSION
2,4,9,144.46666666666667,0,0,0,0.43178241642553783,0.43178241642553783,10.389026137075234,0.0,9.95726033538506,UNDERGROUND,South,MATERIAL/WELD/EQUIP FAILURE
2,4,10,0.0,0,0,0,1.791759469228055,2.772588722239781,10.642706921198457,0.625,8.851066816473928,UNDERGROUND,South,CORROSION
2,0,6,4.283333333333333,0,0,0,1.791759469228055,1.791759469228055,9.61587214452889,0.0,7.824445930877619,UNDERGROUND,South,CORROSION
2,0,7,0.0,0,0,0,1.791759469228055,3.4339872044851463,9.928228944424575,0.8064516129032258,8.136713336001982,ABOVEGROUND,South,ALL OTHER CAUSES
2,0,9,0.0,0,0,0,0.0,0.6931471805599453,10.783135046711445,0.5,10.783135046711445,TANK,South,CORROSION
2,0,17,0.0,0,0,0,2.3978952727983707,3.044522437723423,12.237920088969293,0.47619047619047616,9.840073247715367,UNDERGROUND,South,CORROSION
2,1,10,51.9,0,0,0,0.0,6.61833836923664,13.75663596645114,0.998664351542674,13.75663596645114,ABOVEGROUND,Midwest,CORROSION
2,2,14,0.0,0,0,0,0.0,0.6931471805599453,10.275085591132715,0.5,10.275085591132715,UNDERGROUND,South,CORROSION
2,3,9,56.38333333333333,0,0,0,0.0,0.9162907318741551,10.944664918551014,0.6,10.944664918551014,ABOVEGROUND,South,CORROSION
2,4,14,7.183333333333334,0,0,0,0.33647223662121295,0.33647223662121295,5.375278407684165,0.0,5.040656310351114,ABOVEGROUND,Midwest,MATERIAL/WELD/EQUIP FAILURE
3,6,8,245.55,0,0,0,0.0,5.476463551931511,11.669937760751914,0.99581589958159,11.669937760751914,ABOVEGROUND,West,MATERIAL/WELD/EQUIP FAILURE
3,6,10,0.0,0,0,0,0.18232155679395465,1.3862943611198906,8.149312843635345,0.7,7.9670490719386295,ABOVEGROUND,South,MATERIAL/WELD/EQUIP FAILURE
3,6,13,0.0,0,0,0,1.3862943611198906,1.3862943611198906,6.994849985833071,0.0,5.611301621862036,ABOVEGROUND,South,MATERIAL/WELD/EQUIP FAILURE
3,6,13,0.0,0,0,0,0.4700036292457355,0.4700036292457355,7.346655163176539,0.0,6.877038306320077,ABOVEGROUND,South,MATERIAL/WELD/EQUIP FAILURE
3,0,7,0.0,0,0,0,0.0,0.33647223662121295,9.619199713152362,0.28571428571428575,9.619199713152362,ABOVEGROUND,Midwest,MATERIAL/WELD/EQUIP FAILURE
3,1,9,7.0,0,0,0,0.0,0.11332868530700317,8.361007108226909,0.10714285714285712,8.361007108226909,ABOVEGROUND,Midwest,MATERIAL/WELD/EQUIP FAILURE
3,1,10,0.0,0,0,0,0.0,0.8109302162163288,8.744009988096744,0.5555555555555556,8.744009988096744,ABOVEGROUND,West,MATERIAL/WELD/EQUIP FAILURE
3,1,10,0.0,0,0,0,0.35065687161316933,0.5364933705145685,12.4022888891819,0.1695906432748538,12.05163374341969,ABOVEGROUND,Midwest,MATERIAL/WELD/EQUIP FAILURE
3,1,22,0.0,0,0,0,0.6931471805599453,0.6931471805599453,7.0909098220799835,0.0,6.398594934535208,ABOVEGROUND,West,MATERIAL/WELD/EQUIP FAILURE
3,3,11,6.783333333333333,0,0,0,0.0,2.772588722239781,10.709985739582528,0.9375,10.709985739582528,ABOVEGROUND,West,MATERIAL/WELD/EQUIP FAILURE
3,3,15,99.63333333333334,0,0,0,0.0,5.8998973535824915,14.834358239174286,0.9972602739726028,14.834358239174286,UNDERGROUND,South,EXCAVATION DAMAGE
3,3,17,0.0,0,0,0,0.0,0.2151113796169455,6.674561391814426,0.1935483870967742,6.674561391814426,ABOVEGROUND,Midwest,MATERIAL/WELD/EQUIP FAILURE
3,3,19,24.05,0,0,0,0.0,1.3862943611198906,10.628641991731053,0.75,10.628641991731053,ABOVEGROUND,Midwest,MATERIAL/WELD/EQUIP FAILURE
3,4,15,63.25,0,0,0,0.6931471805599453,3.4339872044851463,0.0,0.9354838709677419,0.0,TANK,West,MATERIAL/WELD/EQUIP FAILURE
3,6,12,3.9166666666666665,0,0,0,0.06765864847381481,0.6931471805599453,7.313886831633462,0.465,7.2462748176485245,ABOVEGROUND,South,INCORRECT OPERATION
3,0,9,0.0,0,0,0,0.0,5.8916442118257715,12.018241941212413,0.9972375690607734,12.018241941212413,UNDERGROUND,South,CORROSION
3,1,7,24.0,0,0,0,0.0,2.4849066497880004,10.596659732783579,0.9166666666666666,10.596659732783579,UNDERGROUND,Midwest,MATERIAL/WELD/EQUIP FAILURE
3,1,7,3.05,0,0,0,0.0,2.2192034840549946,9.488047863280759,0.8913043478260869,9.488047863280759,ABOVEGROUND,South,MATERIAL/WELD/EQUIP FAILURE
3,1,11,0.0,0,0,0,0.0,0.2151113796169455,10.78514543091584,0.1935483870967742,10.78514543091584,ABOVEGROUND,South,MATERIAL/WELD/EQUIP FAILURE
3,3,11,0.0,0,0,0,0.0,1.791759469228055,10.308985993422082,0.8333333333333334,10.308985993422082,TANK,Midwest,NATURAL FORCE DAMAGE
3,4,0,0.0,0,0,0,2.238579763018133,3.258096538021482,14.502560186179036,0.6392307692307693,12.263984638778812,UNDERGROUND,Midwest,OTHER OUTSIDE FORCE DAMAGE
3,4,0,0.0,0,0,0,0.0,1.791759469228055,14.512210918497079,0.8333333333333334,14.512210918497079,UNDERGROUND,Midwest,OTHER OUTSIDE FORCE DAMAGE
3,4,13,0.0,0,0,0,0.23901690047049992,0.5596157879354227,7.989899374942939,0.2742857142857143,7.750973964695756,ABOVEGROUND,South,MATERIAL/WELD/EQUIP FAILURE
3,5,9,51.733333333333334,0,0,0,1.0986122886681098,1.0986122886681098,11.71321790708542,0.0,10.61462198811046,ABOVEGROUND,Midwest,MATERIAL/WELD/EQUIP FAILURE
3,5,18,5.483333333333333,0,0,0,0.0,0.4054651081081644,7.957177323459475,0.3333333333333333,7.957177323459475,ABOVEGROUND,South,MATERIAL/WELD/EQUIP FAILURE
3,6,14,0.0,0,0,0,1.0986122886681098,1.0986122886681098,6.2166061010848646,0.0,5.121977881431629,TANK,Midwest,MATERIAL/WELD/EQUIP FAILURE
3,6,14,66.83333333333333,0,0,0,2.302585092994046,4.174387269895637,11.31187358575567,0.8461538461538461,9.00939852864566,ABOVEGROUND,Midwest,MATERIAL/WELD/EQUIP FAILURE
3,6,17,0.0,0,0,0,0.0,0.9360933591703348,8.507344855361422,0.607843137254902,8.507344855361422,UNDERGROUND,South,CORROSION
3,0,17,0.0,0,0,0,0.0,3.6888794541139363,12.901469793015115,0.975,12.901469793015115,UNDERGROUND,West,CORROSION
3,0,20,138.31666666666666,0,0,0,2.1972245773362196,6.111467339502679,15.786104957205657,0.9800443458980045,13.588881494860718,UNDERGROUND,Midwest,MATERIAL/WELD/EQUIP FAILURE
3,1,14,0.0,0,0,0,0.0,0.2151113796169455,8.784009071186633,0.1935483870967742,8.784009071186633,UNDERGROUND,South,MATERIAL/WELD/EQUIP FAILURE
3,1,15,0.0,0,0,0,0.0,1.6094379124341003,8.131824785007195,0.8,8.131824785007195,ABOVEGROUND,South,MATERIAL/WELD/EQUIP FAILURE
3,2,11,0.0,0,0,0,0.9162907318741551,1.252762968495368,7.783640596221253,0.2857142857142857,6.8679744089702925,ABOVEGROUND,West,ALL OTHER CAUSES
3,2,13,0.0,0,0,0,0.0295588022415444,0.4054651081081644,7.846589975291186,0.3133333333333333,7.817042905479839,ABOVEGROUND,South,INCORRECT OPERATION
3,2,16,0.0,0,0,0,0.4054651081081644,3.58351893845611,8.4906438561827,0.9583333333333334,8.08528143329309,TANK,South,MATERIAL/WELD/EQUIP FAILURE
3,3,5,12.5,0,0,0,4.61512051684126,6.16541785423142,14.184558539195834,0.7878151260504201,9.569507159188149,ABOVEGROUND,Midwest,MATERIAL/WELD/EQUIP FAILURE
3,4,15,37.45,0,0,0,0.0,5.303304908059076,14.137414330838658,0.9950248756218906,14.137414330838658,UNDERGROUND,Midwest,CORROSION
3,4,16,27.183333333333334,1,0,0,8.292298107063221,8.292298107063221,12.226683769434283,0.0,3.9537497745884806,UNDERGROUND,South,MATERIAL/WELD/EQUIP FAILURE
3,4,22,0.0,0,0,0,3.250374491927572,3.7376696182833684,13.163507240119458,0.3857142857142857,9.9131803477354,UNDERGROUND,South,MATERIAL/WELD/EQUIP FAILURE
3,4,22,5.033333333333333,0,0,0,0.0,0.36464311358790924,9.065430200180375,0.3055555555555556,9.065430200180375,ABOVEGROUND,South,MATERIAL/WELD/EQUIP FAILURE
3,5,19,28.783333333333335,0,0,0,0.0,1.0986122886681098,10.12667110305036,0.6666666666666666,10.12667110305036,TANK,South,CORROSION
3,0,3,0.0,0,0,0,4.110873864173311,6.478509642208569,11.664366763450701,0.9062980030721967,7.5540084473593705,ABOVEGROUND,South,MATERIAL/WELD/EQUIP FAILURE
3,1,13,0.0,0,0,0,0.0,2.93651291389402,9.805929848941323,0.946949602122016,9.805929848941323,ABOVEGROUND,South,INCORRECT OPERATION
3,2,5,0.0,0,0,0,0.0,2.0794415416798357,11.094390314766315,0.875,11.094390314766315,ABOVEGROUND,Midwest,MATERIAL/WELD/EQUIP FAILURE
3,2,11,0.0,0,0,0,0.07696104113612832,0.07696104113612832,10.868644636153558,0.0,10.791685118709703,ABOVEGROUND,West,MATERIAL/WELD/EQUIP FAILURE
3,3,9,0.0,0,0,0,0.0,0.6931471805599453,7.601402334583733,0.5,7.601402334583733,ABOVEGROUND,South,MATERIAL/WELD/EQUIP FAILURE
3,4,12,0.0,0,0,0,0.09531017980432487,1.6094379124341003,7.309212365692763,0.78,7.213969118052714,ABOVEGROUND,South,INCORRECT OPERATION
3,4,18,0.0,0,0,0,0.0,1.7047480922384253,10.729415844329893,0.8181818181818182,10.729415844329893,ABOVEGROUND,South,MATERIAL/WELD/EQUIP FAILURE
3,5,14,0.0,0,0,0,0.0,0.6931471805599453,9.601571320056523,0.5,9.601571320056523,ABOVEGROUND,Midwest,MATERIAL/WELD/EQUIP FAILURE
3,6,13,0.0,0,0,0,0.0,3.044522437723423,11.127277689932466,0.9523809523809523,11.127277689932466,UNDERGROUND,South,CORROSION
3,0,5,4.75,0,0,0,0.0,0.2151113796169455,10.128469413123979,0.1935483870967742,10.128469413123979,ABOVEGROUND,South,MATERIAL/WELD/EQUIP FAILURE
3,0,13,5.6,0,0,0,0.0,0.5364933705145685,12.887478667662037,0.4152046783625731,12.887478667662037,ABOVEGROUND,South,MATERIAL/WELD/EQUIP FAILURE
4,1,7,0.0,0,0,0,0.0,0.7514160886839212,8.79497643168877,0.5283018867924528,8.79497643168877,ABOVEGROUND,South,MATERIAL/WELD/EQUIP FAILURE
4,1,8,0.0,0,0,0,3.4787755163075302,3.4787755163075302,11.513195428526789,0.0,8.03473397808431,UNDERGROUND,Midwest,MATERIAL/WELD/EQUIP FAILURE
4,1,13,0.0,0,0,0,0.0,0.20701416938432612,4.7535901911063645,0.1869918699186992,4.7535901911063645,ABOVEGROUND,South,INCORRECT OPERATION
4,2,16,25.0,0,0,0,1.791759469228055,5.081404364984463,10.389026137075234,0.9627329192546584,8.597420497435067,UNDERGROUND,South,INCORRECT OPERATION
4,2,16,6.7,0,0,0,1.3862943611198906,1.3862943611198906,8.894121641382213,0.0,7.508238774678663,ABOVEGROUND,South,MATERIAL/WELD/EQUIP FAILURE
4,3,7,0.0,0,0,0,0.173953307123438,0.173953307123438,8.618666160346871,0.0,8.444747185846929,ABOVEGROUND,Midwest,MATERIAL/WELD/EQUIP FAILURE
4,3,10,0.0,0,0,0,0.11332868530700317,0.3920420877760237,10.096213132628804,0.24324324324324323,9.982889395559116,ABOVEGROUND,Northeast,NATURAL FORCE DAMAGE
4,4,17,0.0,0,0,0,0.0,0.6931471805599453,9.9426601876106,0.5,9.9426601876106,TANK,South,MATERIAL/WELD/EQUIP FAILURE
4,5,7,0.0,0,0,0,0.6931471805599453,1.0986122886681098,7.00397413672268,0.3333333333333333,6.311734809152915,ABOVEGROUND,West,MATERIAL/WELD/EQUIP FAILURE
4,5,10,0.0,0,0,0,1.0986122886681098,1.0986122886681098,13.305019878098312,0.0,12.206410921641691,UNDERGROUND,South,ALL OTHER CAUSES
4,1,7,0.5,0,0,0,0.0,0.5822156198526637,10.089593605747774,0.44134078212290506,10.089593605747774,UNDERGROUND,South,MATERIAL/WELD/EQUIP FAILURE
4,1,9,0.0,0,0,0,0.019802627296179712,0.4700036292457355,14.098527013331786,0.36249999999999993,14.078724401105754,UNDERGROUND,Midwest,INCORRECT OPERATION
4,1,10,44.86666666666667,0,0,0,4.394449154672439,4.394449154672439,12.315218487790894,0.0,7.921127908680891,UNDERGROUND,Midwest,CORROSION
4,1,11,0.0,0,0,0,0.0,0.7275486072772778,9.892729895883168,0.5169082125603864,9.892729895883168,UNDERGROUND,Midwest,INCORRECT OPERATION
4,1,18,0.0,0,0,0,0.0,0.3920420877760237,9.803777708387116,0.32432432432432434,9.803777708387116,UNDERGROUND,South,CORROSION
4,2,7,4.75,0,0,0,0.0,3.912023005428146,10.78727575364831,0.98,10.78727575364831,ABOVEGROUND,South,INCORRECT OPERATION
4,4,8,53.75,0,0,0,0.0,1.7047480922384253,8.131824785007195,0.8181818181818182,8.131824785007195,ABOVEGROUND,South,MATERIAL/WELD/EQUIP FAILURE
4,4,14,0.0,0,0,0,0.30010459245033805,0.30010459245033805,6.8001700683022,0.0,6.500455154928243,ABOVEGROUND,South,MATERIAL/WELD/EQUIP FAILURE
4,0,8,0.0,0,0,0,0.09531017980432487,1.0986122886681098,12.429220196836383,0.6333333333333333,12.33391041703038,UNDERGROUND,Northeast,CORROSION
4,0,15,0.5,0,0,0,0.0,6.2166061010848646,12.013894673472844,0.998003992015968,12.013894673472844,TANK,West,MATERIAL/WELD/EQUIP FAILURE
4,1,23,2.75,0,0,0,5.159055299214529,5.159055299214529,12.421127571940763,0.0,7.2627696495294325,UNDERGROUND,South,CORROSION
4,2,10,0.0,0,0,0,0.0,0.6931471805599453,9.224539091375995,0.5,9.224539091375995,ABOVEGROUND,South,INCORRECT OPERATION
4,2,12,152.0,0,0,0,1.1817271953786161,1.791759469228055,11.914061214917163,0.4566666666666667,10.732349151461126,UNDERGROUND,Midwest,MATERIAL/WELD/EQUIP FAILURE
4,2,23,2.4,0,0,0,0.0,0.3074846997479606,9.85450737031441,0.2647058823529412,9.85450737031441,ABOVEGROUND,Midwest,MATERIAL/WELD/EQUIP FAILURE
4,3,9,0.0,0,0,0,0.009950330853168083,0.009950330853168083,0.0,0.0,0.0,ABOVEGROUND,South,ALL OTHER CAUSES
4,4,14,3.3833333333333333,0,0,0,0.6931471805599453,1.3862943611198906,8.412277021466677,0.5,7.719351939741626,ABOVEGROUND,South,MATERIAL/WELD/EQUIP FAILURE
4,1,1,0.43333333333333335,0,0,0,0.0,0.6418538861723948,7.659642954564682,0.4736842105263158,7.659642954564682,ABOVEGROUND,South,MATERIAL/WELD/EQUIP FAILURE
4,1,11,0.0,0,0,0,0.0,1.3862943611198906,9.90353755128617,0.75,9.90353755128617,UNDERGROUND,South,MATERIAL/WELD/EQUIP FAILURE
4,2,21,13.3,0,0,0,0.0,4.61512051684126,10.521399202410167,0.9900990099009901,10.521399202410167,ABOVEGROUND,South,MATERIAL/WELD/EQUIP FAILURE
4,3,8,9.583333333333334,0,0,0,1.3862943611198906,2.5649493574615367,10.438254287073526,0.6923076923076923,9.05204779298159,ABOVEGROUND,South,CORROSION
4,3,10,0.0,0,0,0,0.09531017980432487,1.3862943611198906,10.318803976694667,0.725,10.223497097541726,UNDERGROUND,South,CORROSION
4,4,8,63.18333333333333,0,0,0,0.0,1.7404661748405046,11.232669087012253,0.8245614035087719,11.232669087012253,ABOVEGROUND,South,MATERIAL/WELD/EQUIP FAILURE
4,4,8,0.0,0,0,0,0.0,0.6678293725756554,7.8826922062890254,0.48717948717948717,7.8826922062890254,TANK,Midwest,MATERIAL/WELD/EQUIP FAILURE
4,4,10,0.0,0,0,0,0.4054651081081644,0.4054651081081644,9.662689065983198,0.0,9.25725576398499,ABOVEGROUND,South,MATERIAL/WELD/EQUIP FAILURE
4,4,10,0.0,0,0,0,5.181783550292085,5.993961427306569,15.02194413211114,0.5561097256857855,9.840213549909981,UNDERGROUND,South,CORROSION
4,4,14,0.0,0,0,0,0.6931471805599453,0.6931471805599453,6.86484777797086,0.0,6.172743894323493,UNDERGROUND,West,CORROSION
4,4,20,0.0,0,0,0,0.0,0.3074846997479606,9.619199713152362,0.2647058823529412,9.619199713152362,ABOVEGROUND,South,INCORRECT OPERATION
4,5,6,0.0,0,0,0,0.0,0.18232155679395465,7.60887062919126,0.16666666666666669,7.60887062919126,TANK,South,MATERIAL/WELD/EQUIP FAILURE
4,5,8,13.283333333333333,0,0,0,0.0,4.189654742026425,11.547336553476635,0.9848484848484849,11.547336553476635,ABOVEGROUND,South,OTHER OUTSIDE FORCE DAMAGE
4,5,12,244.0,0,0,0,0.04879016416943201,0.04879016416943201,11.51792295668052,0.0,11.469133290018451,UNDERGROUND,Midwest,EXCAVATION DAMAGE
4,6,13,0.0,0,0,0,0.6931471805599453,1.791759469228055,6.7464121285733745,0.6666666666666666,6.054439346269371,ABOVEGROUND,West,MATERIAL/WELD/EQUIP FAILURE
4,1,6,0.0,0,0,0,1.6094379124341003,1.791759469228055,7.223295679562314,0.16666666666666666,5.616771097666572,ABOVEGROUND,West,MATERIAL/WELD/EQUIP FAILURE
4,1,8,0.0,0,0,0,1.7047480922384253,1.7047480922384253,10.725489582719506,0.0,9.020840384516204,UNDERGROUND,South,CORROSION
4,2,3,6.466666666666667,0,0,0,0.0,0.43178241642553783,7.317212408359839,0.35064935064935066,7.317212408359839,ABOVEGROUND,South,MATERIAL/WELD/EQUIP FAILURE
4,2,6,3.433333333333333,0,0,0,0.0,0.6418538861723948,7.00397413672268,0.4736842105263158,7.00397413672268,ABOVEGROUND,South,INCORRECT OPERATION
4,2,12,52.333333333333336,0,0,0,2.0794415416798357,2.0794415416798357,10.793187872136752,0.0,8.713890092715463,UNDERGROUND,South,MATERIAL/WELD/EQUIP FAILURE
5,3,6,1.75,0,0,0,0.0,0.5364933705145685,5.673323267171493,0.4152046783625731,5.673323267171493,ABOVEGROUND,South,MATERIAL/WELD/EQUIP FAILURE
5,3,8,0.0,0,0,0,0.0,5.993961427306569,11.156264806643742,0.9975062344139651,11.156264806643742,ABOVEGROUND,South,MATERIAL/WELD/EQUIP FAILURE
5,3,13,1.4166666666666667,0,0,0,5.176149732573829,5.176149732573829,8.95944014361693,0.0,3.8056575908037056,ABOVEGROUND,South,INCORRECT OPERATION
5,3,13,0.0,0,0,0,0.0,1.6094379124341003,7.244941546337007,0.8,7.244941546337007,ABOVEGROUND,South,INCORRECT OPERATION
5,4,7,2.1666666666666665,0,0,0,7.633853559681768,7.633853559681768,9.359708203627006,0.0,1.8896173091997828,ABOVEGROUND,South,MATERIAL/WELD/EQUIP FAILURE
5,4,8,0.0,0,0,0,0.009950330853168083,0.009950330853168083,13.998665933701242,0.0,13.988715611174461,TANK,South,MATERIAL/WELD/EQUIP FAILURE
5,4,16,0.0,0,0,0,0.0,0.18232155679395465,7.611347717403621,0.16666666666666669,7.611347717403621,ABOVEGROUND,South,MATERIAL/WELD/EQUIP FAILURE
5,6,9,25.133333333333333,0,0,0,0.0,0.9162907318741551,8.30671904320269,0.6,8.30671904320269,ABOVEGROUND,South,MATERIAL/WELD/EQUIP FAILURE
5,1,11,7.2,0,0,0,1.3862943611198906,1.3862943611198906,11.002116507732017,0.0,9.61587214452889,UNDERGROUND,South,EXCAVATION DAMAGE
5,1,15,141.36666666666667,0,0,0,0.0,5.602118820879701,13.652886917102103,0.996309963099631,13.652886917102103,UNDERGROUND,Midwest,EXCAVATION DAMAGE
5,1,16,54.63333333333333,0,0,0,0.5877866649021191,1.3609765531356006,9.612867836097005,0.5384615384615385,9.025134660002365,ABOVEGROUND,Midwest,MATERIAL/WELD/EQUIP FAILURE
5,2,5,0.0,0,0,0,0.0,2.3978952727983707,11.548958410278544,0.9090909090909091,11.548958410278544,UNDERGROUND,South,CORROSION
5,2,16,972.6166666666667,0,0,0,6.100924150016726,6.613451330221469,14.200773639026796,0.4010200657673981,8.100152347699595,UNDERGROUND,South,CORROSION
5,6,16,0.0,0,0,0,0.0,0.18232155679395465,6.928537818164665,0.16666666666666669,6.928537818164665,ABOVEGROUND,South,MATERIAL/WELD/EQUIP FAILURE
5,0,6,1040.1666666666667,0,0,0,0.09531017980432487,0.09531017980432487,14.187074804051692,0.0,14.091764693212834,,Other/Territory,CORROSION
5,0,13,29.166666666666668,0,0,0,6.100318952020064,6.411818267709897,13.972771538644249,0.2676518883415435,7.872832758406606,UNDERGROUND,South,INCORRECT OPERATION
5,1,5,9.966666666666667,0,0,0,0.0,1.6094379124341003,9.561349294288288,0.8,9.561349294288288,ABOVEGROUND,South,CORROSION
5,1,13,0.0,0,0,0,0.0,0.23111172096338664,8.635864721133736,0.20634920634920637,8.635864721133736,ABOVEGROUND,West,MATERIAL/WELD/EQUIP FAILURE
5,2,8,0.0,0,0,0,0.0,1.252762968495368,11.008429764899107,0.7142857142857143,11.008429764899107,ABOVEGROUND,South,MATERIAL/WELD/EQUIP FAILURE
5,3,0,59.416666666666664,0,0,0,0.0,5.805134968916488,14.943546040974091,0.9969879518072289,14.943546040974091,ABOVEGROUND,West,MATERIAL/WELD/EQUIP FAILURE
5,6,9,0.0,0,0,0,0.4700036292457355,0.4700036292457355,8.439447842791385,0.0,7.969573906821235,ABOVEGROUND,Midwest,MATERIAL/WELD/EQUIP FAILURE
5,6,13,36.7,0,0,0,0.0,3.044522437723423,11.46902582268021,0.9523809523809523,11.46902582268021,ABOVEGROUND,South,INCORRECT OPERATION
5,0,9,0.0,0,0,0,0.6931471805599453,3.58351893845611,6.85751406254539,0.9444444444444444,6.16541785423142,UNDERGROUND,West,CORROSION
5,1,9,8.25,0,0,0,1.0986122886681098,1.0986122886681098,10.762127984908533,0.0,9.663558069121786,ABOVEGROUND,South,CORROSION
5,1,12,0.0,0,0,0,0.0,0.173953307123438,8.439015410352214,0.1596638655462185,8.439015410352214,UNDERGROUND,West,MATERIAL/WELD/EQUIP FAILURE
5,1,13,4.25,0,0,0,0.0,5.5254529391317835,15.828678874777658,0.9960159362549801,15.828678874777658,ABOVEGROUND,South,INCORRECT OPERATION
5,2,9,0.0,0,0,0,0.0,0.6931471805599453,9.758519582283522,0.5,9.758519582283522,ABOVEGROUND,South,MATERIAL/WELD/EQUIP FAILURE
5,3,17,0.0,0,0,0,5.966146739123692,6.897704943128636,12.206077645517674,0.6060606060606061,6.241874007624498,TANK,West,INCORRECT OPERATION
5,5,11,0.0,0,0,0,6.669498089857879,6.792344427470809,14.927779501891981,0.11560044893378227,8.258540153647196,UNDERGROUND,South,EXCAVATION DAMAGE
5,5,17,24.4,0,0,0,0.0,0.2151113796169455,12.780157535035352,0.1935483870967742,12.780157535035352,ABOVEGROUND,West,MATERIAL/WELD/EQUIP FAILURE
5,6,8,0.6666666666666666,0,0,0,3.713572066704308,5.017279836814924,10.764286715905591,0.7284768211920529,7.051559939925945,ABOVEGROUND,South,INCORRECT OPERATION
5,0,18,0.0,0,0,0,0.0,0.3920420877760237,8.527341522468053,0.32432432432432434,8.527341522468053,ABOVEGROUND,South,INCORRECT OPERATION
5,1,9,0.0,0,0,0,0.0,0.6931471805599453,9.55400099583723,0.5,9.55400099583723,TANK,South,MATERIAL/WELD/EQUIP FAILURE
5,2,9,0.0,0,0,0,0.0,1.0986122886681098,8.517393171418904,0.6666666666666666,8.517393171418904,ABOVEGROUND,South,NATURAL FORCE DAMAGE
5,2,14,0.0,0,0,0,0.0,2.826129489167811,13.085701467719382,0.9407582938388624,13.085701467719382,UNDERGROUND,South,CORROSION
5,2,15,0.0,0,0,0,0.0,0.5364933705145685,8.429672593886743,0.4152046783625731,8.429672593886743,UNDERGROUND,Midwest,CORROSION
5,2,19,0.0,0,0,0,0.0,4.442651256490317,12.242409396366712,0.9882352941176471,12.242409396366712,TANK,South,NATURAL FORCE DAMAGE
5,3,13,0.0,0,0,0,0.18232155679395465,0.18232155679395465,9.85298342036236,0.0,9.670672381525188,UNDERGROUND,Midwest,MATERIAL/WELD/EQUIP FAILURE
5,5,10,0.0,0,0,0,0.0,0.3920420877760237,6.90875477931522,0.32432432432432434,6.90875477931522,ABOVEGROUND,South,INCORRECT OPERATION
6,2,13,0.0,0,0,0,0.0,0.0,0.0,0.0,0.0,UNDERGROUND,South,INCORRECT OPERATION
6,3,2,0.0,0,0,0,0.0,2.0918640616783932,7.701200180857446,0.8765432098765432,7.701200180857446,UNDERGROUND,South,NATURAL FORCE DAMAGE
6,6,17,0.0,0,0,0,0.0,0.4054651081081644,8.294299608857235,0.3333333333333333,8.294299608857235,ABOVEGROUND,West,INCORRECT OPERATION
6,0,11,0.0,0,0,0,2.4595888418037104,3.077312260546414,9.65701140089547,0.4608294930875576,7.198106862040821,ABOVEGROUND,Midwest,INCORRECT OPERATION
6,2,11,7.35,0,0,0,1.3862943611198906,3.258096538021482,12.192561783502226,0.8461538461538461,10.806282626304949,ABOVEGROUND,South,MATERIAL/WELD/EQUIP FAILURE
6,5,7,10.6,0,0,0,1.5040773967762742,1.5040773967762742,9.366403507607771,0.0,7.862625492823767,ABOVEGROUND,West,MATERIAL/WELD/EQUIP FAILURE
6,1,9,0.0,0,0,0,0.4700036292457355,0.4700036292457355,9.77571099759397,0.0,9.305741456739435,UNDERGROUND,Midwest,CORROSION
6,2,4,45.85,0,0,0,1.3480731482996928,1.3480731482996928,11.187624595611938,0.0,9.839590903276799,UNDERGROUND,Midwest,MATERIAL/WELD/EQUIP FAILURE
6,2,10,0.0,0,0,0,0.4054651081081644,0.4054651081081644,5.5254529391317835,0.0,5.121977881431629,ABOVEGROUND,West,INCORRECT OPERATION
6,2,19,2.3333333333333335,0,0,0,0.0,0.9555114450274363,10.195895938351995,0.6153846153846154,10.195895938351995,ABOVEGROUND,South,MATERIAL/WELD/EQUIP FAILURE
6,4,2,14.45,0,0,0,0.0,0.26236426446749106,5.726847747587197,0.23076923076923075,5.726847747587197,ABOVEGROUND,South,MATERIAL/WELD/EQUIP FAILURE
6,4,8,34.8,0,0,0,2.2617630984737906,2.5572273113676265,13.192171116796231,0.25581395348837205,10.930424058451113,UNDERGROUND,Midwest,CORROSION
6,5,6,0.0,0,0,0,0.18232155679395465,2.1041341542702074,10.447380380006315,0.853658536585366,10.26506462803675,ABOVEGROUND,West,INCORRECT OPERATION
6,5,10,15.966666666666667,0,0,0,0.0,3.6375861597263857,10.859018228147887,0.9736842105263158,10.859018228147887,ABOVEGROUND,West,INCORRECT OPERATION
6,0,4,3.2,0,0,0,6.161207321695077,6.161207321695077,7.545918151209323,0.0,1.6077487228432557,ABOVEGROUND,South,MATERIAL/WELD/EQUIP FAILURE
6,1,6,0.0,0,0,0,0.0,0.4054651081081644,7.9483852851118995,0.3333333333333333,7.9483852851118995,TANK,South,MATERIAL/WELD/EQUIP FAILURE
6,1,8,164.8,0,0,0,0.11332868530700317,0.11332868530700317,12.130950312932958,0.0,12.017622274435357,UNDERGROUND,West,CORROSION
6,1,9,0.0,0,0,0,0.0,0.30010459245033805,9.476620038167528,0.25925925925925924,9.476620038167528,ABOVEGROUND,South,MATERIAL/WELD/EQUIP FAILURE
6,2,8,0.0,0,0,0,0.0,3.1354942159291497,10.839600519357369,0.9565217391304348,10.839600519357369,ABOVEGROUND,West,CORROSION
6,5,20,17.65,0,0,0,0.0,1.3862943611198906,10.579005242826247,0.75,10.579005242826247,ABOVEGROUND,Midwest,MATERIAL/WELD/EQUIP FAILURE
6,6,5,5.733333333333333,0,0,0,5.700443573390687,6.472346294500901,14.263397020933823,0.5378670788253478,8.563143844630252,ABOVEGROUND,Midwest,CORROSION
6,0,7,0.8,0,0,0,0.0,0.26236426446749106,9.051696278536586,0.23076923076923075,9.051696278536586,ABOVEGROUND,South,MATERIAL/WELD/EQUIP FAILURE
6,0,9,0.0,0,0,0,0.0,3.1780538303479458,11.893851948631239,0.9583333333333334,11.893851948631239,UNDERGROUND,Midwest,NATURAL FORCE DAMAGE
6,0,14,0.0,0,0,0,0.0,4.231494400369335,0.0,0.98546934030805,0.0,UNDERGROUND,South,ALL OTHER CAUSES
7,1,9,52.0,0,0,0,0.6931471805599453,0.6931471805599453,9.680406499268875,0.0,8.987321812850125,UNDERGROUND,South,CORROSION
7,1,15,25.666666666666668,0,0,0,1.6486586255873816,1.6486586255873816,10.491301994830229,0.0,8.842760025864216,UNDERGROUND,South,MATERIAL/WELD/EQUIP FAILURE
7,3,4,8.416666666666666,0,0,0,0.0,2.3978952727983707,9.506808731708581,0.9090909090909091,9.506808731708581,ABOVEGROUND,South,MATERIAL/WELD/EQUIP FAILURE
7,4,0,181.3,0,0,0,0.0,5.420534999272286,12.54682499510009,0.995575221238938,12.54682499510009,UNDERGROUND,West,CORROSION
7,0,16,25.366666666666667,0,0,0,0.0,2.3978952727983707,9.957075711706057,0.9090909090909091,9.957075711706057,ABOVEGROUND,West,MATERIAL/WELD/EQUIP FAILURE
7,1,15,0.0,0,0,0,0.058268908123975775,0.058268908123975775,13.42246945133505,0.0,13.364200632099829,TANK,South,CORROSION
7,1,18,0.0,0,0,0,0.0,0.5128236264286637,8.987321812850125,0.4011976047904192,8.987321812850125,ABOVEGROUND,Northeast,MATERIAL/WELD/EQUIP FAILURE
7,1,18,0.0,0,0,0,0.09531017980432487,0.09531017980432487,5.420534999272286,0.0,5.325667199479599,ABOVEGROUND,Midwest,INCORRECT OPERATION
7,3,1,12.5,0,0,0,0.0,1.3862943611198906,9.33087517360492,0.75,9.33087517360492,ABOVEGROUND,South,MATERIAL/WELD/EQUIP FAILURE
7,3,7,0.0,0,0,0,0.3074846997479606,0.3074846997479606,7.346655163176539,0.0,7.039402544812825,ABOVEGROUND,South,MATERIAL/WELD/EQUIP FAILURE
7,4,11,0.0,0,0,0,0.0,2.3978952727983707,11.691339396933166,0.9090909090909091,11.691339396933166,ABOVEGROUND,Midwest,MATERIAL/WELD/EQUIP FAILURE
7,6,18,0.0,0,0,0,0.0,4.795790545596741,11.127277689932466,0.9917355371900827,11.127277689932466,UNDERGROUND,West,CORROSION
7,6,20,0.0,0,0,0,0.0,6.2166061010848646,8.699681400989514,0.998003992015968,8.699681400989514,TANK,West,NATURAL FORCE DAMAGE
7,1,15,47.7,0,0,0,0.0,0.11332868530700317,8.615408238913192,0.10714285714285712,8.615408238913192,ABOVEGROUND,South,INCORRECT OPERATION
7,5,14,8.2,0,0,0,5.303304908059076,6.68586094706836,11.921332906832516,0.7490636704119851,6.619356531869963,TRANSITION AREA,South,MATERIAL/WELD/EQUIP FAILURE
7,6,8,11.966666666666667,0,0,0,0.0,0.173953307123438,8.14177220465645,0.1596638655462185,8.14177220465645,ABOVEGROUND,West,MATERIAL/WELD/EQUIP FAILURE
7,0,14,197.5,0,0,0,0.0,5.860786223465865,13.68767832281738,0.9971509971509972,13.68767832281738,ABOVEGROUND,West,MATERIAL/WELD/EQUIP FAILURE
7,1,7,0.0,0,0,0,0.0,0.5306282510621704,8.517393171418904,0.4117647058823529,8.517393171418904,UNDERGROUND,South,EXCAVATION DAMAGE
7,1,13,0.0,0,0,0,0.18232155679395465,0.18232155679395465,7.336936913707618,0.0,7.154745556770627,ABOVEGROUND,Midwest,MATERIAL/WELD/EQUIP FAILURE
7,2,13,145.68333333333334,0,0,0,0.9122827104766162,0.9122827104766162,10.132613175527885,0.0,9.220389707829185,,Other/Territory,CORROSION
7,2,15,0.0,0,0,0,0.0,0.6931471805599453,9.860110212566559,0.5,9.860110212566559,ABOVEGROUND,West,MATERIAL/WELD/EQUIP FAILURE
7,2,21,132.45,0,0,0,0.0,1.2178757094949273,10.308985993422082,0.7041420118343196,10.308985993422082,UNDERGROUND,West,CORROSION
7,3,15,29.95,0,0,0,0.0,0.6931471805599453,9.165656764349542,0.5,9.165656764349542,ABOVEGROUND,South,MATERIAL/WELD/EQUIP FAILURE
7,4,9,0.0,0,0,0,0.0,0.5877866649021191,9.401456476451633,0.4444444444444445,9.401456476451633,ABOVEGROUND,Midwest,MATERIAL/WELD/EQUIP FAILURE
7,4,17,494.0,0,0,0,0.019802627296179712,0.019802627296179712,13.152446314108065,0.0,13.132643725626487,UNDERGROUND,South,CORROSION
7,4,18,0.0,0,0,0,0.0,0.04879016416943201,12.421188057397055,0.047619047619047616,12.421188057397055,ABOVEGROUND,Northeast,NATURAL FORCE DAMAGE
7,4,18,0.0,0,0,0,2.70805020110221,2.70805020110221,8.323365694436081,0.0,5.618708613409522,ABOVEGROUND,South,MATERIAL/WELD/EQUIP FAILURE
7,5,0,0.0,0,0,0,0.0,0.5364933705145685,7.313886831633462,0.4152046783625731,7.313886831633462,ABOVEGROUND,South,MATERIAL/WELD/EQUIP FAILURE
7,5,5,0.0,0,0,0,1.6094379124341003,1.6094379124341003,8.77971129020447,0.0,7.170888478512505,ABOVEGROUND,Midwest,INCORRECT OPERATION
7,5,10,0.0,0,0,0,0.0,0.18232155679395465,7.507141079727608,0.16666666666666669,7.507141079727608,ABOVEGROUND,West,MATERIAL/WELD/EQUIP FAILURE
7,6,11,5.5,0,0,0,0.0,2.1972245773362196,9.392745258631441,0.8888888888888888,9.392745258631441,UNDERGROUND,West,CORROSION
7,0,1,0.0,0,0,0,0.0,2.833213344056216,11.832113471896832,0.9411764705882353,11.832113471896832,UNDERGROUND,West,CORROSION
7,3,15,0.0,0,0,0,0.0,0.18232155679395465,12.562088372232962,0.16666666666666669,12.562088372232962,UNDERGROUND,South,MATERIAL/WELD/EQUIP FAILURE
8,4,17,0.0,0,0,0,0.2468600779315258,0.2468600779315258,8.529319371214077,0.0,8.282514616786758,ABOVEGROUND,South,MATERIAL/WELD/EQUIP FAILURE
8,5,11,0.0,0,0,0,2.0412203288596382,2.3978952727983707,11.472113887062386,0.3,9.430963346707152,TANK,Midwest,CORROSION
8,5,17,0.0,0,0,0,0.0,0.18232155679395465,7.611347717403621,0.16666666666666669,7.611347717403621,ABOVEGROUND,South,MATERIAL/WELD/EQUIP FAILURE
8,2,13,1798.5,0,0,0,0.0,1.6094379124341003,11.017004873924424,0.8,11.017004873924424,UNDERGROUND,South,CORROSION
8,2,14,0.0,0,0,0,0.0,0.1906203596086497,11.211455440742062,0.17355371900826447,11.211455440742062,ABOVEGROUND,Midwest,INCORRECT OPERATION
8,3,10,0.0,0,0,0,0.0,0.5306282510621704,9.380167531188448,0.4117647058823529,9.380167531188448,ABOVEGROUND,South,INCORRECT OPERATION
8,3,14,0.6666666666666666,0,0,0,0.0,0.7419373447293773,10.985309671896763,0.5238095238095238,10.985309671896763,ABOVEGROUND,South,MATERIAL/WELD/EQUIP FAILURE
8,3,16,0.0,0,0,0,0.0,0.09531017980432487,12.061630518155123,0.09090909090909091,12.061630518155123,ABOVEGROUND,South,NATURAL FORCE DAMAGE
8,3,19,35.166666666666664,0,0,0,0.0,1.0986122886681098,13.41831268192452,0.6666666666666666,13.41831268192452,UNDERGROUND,West,NATURAL FORCE DAMAGE
8,5,8,26.0,0,0,0,0.6931471805599453,1.9459101490553132,9.546026585476431,0.7142857142857143,8.852950887099581,ABOVEGROUND,South,INCORRECT OPERATION
8,5,15,0.0,0,0,0,0.4054651081081644,1.0986122886681098,7.201170883281678,0.5,6.796078561757515,ABOVEGROUND,Midwest,MATERIAL/WELD/EQUIP FAILURE
8,6,18,0.0,0,0,0,0.0,0.23111172096338664,9.669472621333282,0.20634920634920637,9.669472621333282,TANK,Midwest,MATERIAL/WELD/EQUIP FAILURE
8,0,9,195.0,0,0,0,0.0,0.4637340162321401,11.142600640991803,0.37106918238993714,11.142600640991803,UNDERGROUND,Midwest,CORROSION
8,2,16,46.31666666666667,0,0,0,3.258096538021482,3.4339872044851463,12.369818571959241,0.16129032258064516,9.111828148018985,ABOVEGROUND,West,INCORRECT OPERATION
8,3,11,1109.8333333333333,0,0,0,1.33500106673234,2.8713021951758138,12.678657316021384,0.7848244620611551,11.34366497669597,UNDERGROUND,Midwest,MATERIAL/WELD/EQUIP FAILURE
8,6,17,102.0,0,0,0,0.09531017980432487,0.09531017980432487,13.551343168844157,0.0,13.45603311927444,,South,ALL OTHER CAUSES
8,0,6,0.0,0,0,0,0.0,1.252762968495368,12.493977193232501,0.7142857142857143,12.493977193232501,ABOVEGROUND,Midwest,ALL OTHER CAUSES
8,0,9,95.5,0,0,0,0.009950330853168083,0.3074846997479606,9.952325334619427,0.2573529411764706,9.942375479933949,ABOVEGROUND,South,CORROSION
8,1,10,0.5,0,0,0,0.5364933705145685,0.5364933705145685,6.51025834052315,0.0,5.9748209598740205,ABOVEGROUND,South,MATERIAL/WELD/EQUIP FAILURE
8,2,8,0.0,0,0,0,2.6390573296152584,4.969813299576001,13.791468858483993,0.9027777777777778,11.152424845109477,UNDERGROUND,Northeast,CORROSION
8,3,9,0.0,0,0,0,0.0,0.18232155679395465,9.856448354530341,0.16666666666666669,9.856448354530341,TRANSITION AREA,South,CORROSION
8,3,18,72.81666666666666,0,0,0,0.0,0.2151113796169455,9.067393362656249,0.1935483870967742,9.067393362656249,ABOVEGROUND,Midwest,MATERIAL/WELD/EQUIP FAILURE
8,3,21,0.0,0,0,0,6.366470447731438,6.824373670043086,14.867730156224624,0.3673913043478261,8.501462550976917,UNDERGROUND,South,MATERIAL/WELD/EQUIP FAILURE
8,4,13,0.0,0,0,0,0.0,0.15700374880966475,7.83241092718792,0.1452991452991453,7.83241092718792,UNDERGROUND,South,CORROSION
8,0,11,7.45,0,0,0,0.0,1.1378330018213911,10.308985993422082,0.6794871794871795,10.308985993422082,UNDERGROUND,South,MATERIAL/WELD/EQUIP FAILURE
8,0,21,12.0,0,0,0,3.970291913552122,3.970291913552122,8.829372735468406,0.0,4.866663243779308,ABOVEGROUND,South,INCORRECT OPERATION
8,1,13,8.516666666666667,0,0,0,0.6575200029167942,0.6575200029167942,10.81478584288724,0.0,10.157284532887328,ABOVEGROUND,South,MATERIAL/WELD/EQUIP FAILURE
8,1,14,0.0,0,0,0,0.6931471805599453,0.6931471805599453,6.7464121285733745,0.0,6.054439346269371,UNDERGROUND,West,CORROSION
8,3,9,0.0,0,0,0,0.0,0.09531017980432487,9.708141544619421,0.09090909090909091,9.708141544619421,ABOVEGROUND,South,NATURAL FORCE DAMAGE
8,4,11,0.0,0,0,0,0.0,0.6931471805599453,8.536407410340042,0.5,8.536407410340042,TANK,South,MATERIAL/WELD/EQUIP FAILURE
8,4,12,0.0,0,0,0,0.6043159668533296,0.6043159668533296,5.993961427306569,0.0,5.391713146752232,ABOVEGROUND,Midwest,MATERIAL/WELD/EQUIP FAILURE
8,4,18,24.0,0,0,0,0.0,1.0986122886681098,11.036517370851499,0.6666666666666666,11.036517370851499,UNDERGROUND,South,CORROSION
8,4,19,0.0,0,0,0,0.0,1.9459101490553132,8.79497643168877,0.8571428571428571,8.79497643168877,ABOVEGROUND,West,MATERIAL/WELD/EQUIP FAILURE
8,5,14,0.0,0,0,0,0.0,1.2237754316221157,7.313886831633462,0.7058823529411765,7.313886831633462,ABOVEGROUND,Northeast,INCORRECT OPERATION
8,6,14,0.0,0,0,0,4.875197323201151,5.303304908059076,13.758923275115613,0.3482587064676617,8.883863510919555,UNDERGROUND,West,OTHER OUTSIDE FORCE DAMAGE
8,6,15,0.0,0,0,0,0.019802627296179712,0.019802627296179712,8.987321812850125,0.0,8.96752168523836,TANK,South,MATERIAL/WELD/EQUIP FAILURE
9,0,7,0.0,0,0,0,0.0,0.6931471805599453,8.630700432209832,0.5,8.630700432209832,UNDERGROUND,West,CORROSION
9,0,7,0.0,0,0,0,0.0,1.0986122886681098,9.680406499268875,0.6666666666666666,9.680406499268875,ABOVEGROUND,South,CORROSION
9,0,8,529.0,0,0,0,1.0986122886681098,1.791759469228055,9.03013657115323,0.5,7.931763746087797,ABOVEGROUND,West,MATERIAL/WELD/EQUIP FAILURE
9,0,8,384.0,0,0,0,0.0,2.3978952727983707,14.038654909278163,0.9090909090909091,14.038654909278163,UNDERGROUND,South,MATERIAL/WELD/EQUIP FAILURE
9,2,3,0.0,0,0,0,0.0,0.3920420877760237,8.216358332386156,0.32432432432432434,8.216358332386156,ABOVEGROUND,Northeast,MATERIAL/WELD/EQUIP FAILURE
9,3,6,1.3333333333333333,0,0,0,1.0647107369924282,1.0647107369924282,10.239995502805316,0.0,9.175352618230335,ABOVEGROUND,South,MATERIAL/WELD/EQUIP FAILURE
9,3,10,8.833333333333334,0,0,0,0.6931471805599453,3.713572066704308,10.465984899076615,0.9512195121951219,9.77286620732769,UNDERGROUND,Midwest,EXCAVATION DAMAGE
9,3,11,0.0,0,0,0,1.4816045409242156,1.4816045409242156,8.202756381655638,0.0,6.7220826590974205,ABOVEGROUND,South,MATERIAL/WELD/EQUIP FAILURE
9,4,9,0.0,0,0,0,0.0,1.791759469228055,10.609081944147828,0.8333333333333334,10.609081944147828,ABOVEGROUND,South,MATERIAL/WELD/EQUIP FAILURE
9,4,20,0.0,0,0,0,1.791759469228055,2.772588722239781,8.294299608857235,0.625,6.503789046997708,ABOVEGROUND,West,MATERIAL/WELD/EQUIP FAILURE
9,0,14,48.5,0,0,0,0.0,3.4339872044851463,9.912496846693715,0.967741935483871,9.912496846693715,ABOVEGROUND,West,INCORRECT OPERATION
9,2,11,9.05,0,0,0,2.89591193827178,2.89591193827178,11.908804775774795,0.0,9.013007928915002,UNDERGROUND,South,CORROSION
9,2,14,0.0,0,0,0,0.0,0.2151113796169455,10.774843678016403,0.1935483870967742,10.774843678016403,ABOVEGROUND,Midwest,MATERIAL/WELD/EQUIP FAILURE
9,3,18,0.0,0,0,0,0.0,0.18232155679395465,7.438971592395862,0.16666666666666669,7.438971592395862,ABOVEGROUND,South,INCORRECT OPERATION
9,4,19,0.0,0,0,0,0.0,0.6678293725756554,9.336796795928741,0.48717948717948717,9.336796795928741,ABOVEGROUND,South,INCORRECT OPERATION
9,5,14,0.0,0,0,0,0.0,2.8094026953624973,12.283598342033265,0.9397590361445782,12.283598342033265,UNDERGROUND,Midwest,MATERIAL/WELD/EQUIP FAILURE
9,6,6,0.0,0,0,0,0.0,2.6217658325051976,11.301809293868738,0.9273255813953488,11.301809293868738,ABOVEGROUND,West,INCORRECT OPERATION
9,6,12,3.816666666666667,0,0,0,0.0,0.2151113796169455,8.010027528481734,0.1935483870967742,8.010027528481734,ABOVEGROUND,West,MATERIAL/WELD/EQUIP FAILURE
9,1,12,74.75,0,0,0,0.0,0.019802627296179712,11.472113887062386,0.0196078431372549,11.472113887062386,ABOVEGROUND,South,CORROSION
9,2,12,6.666666666666667,0,0,0,0.0,1.1410330045520618,8.517393171418904,0.6805111821086262,8.517393171418904,UNDERGROUND,West,MATERIAL/WELD/EQUIP FAILURE
9,3,17,0.0,0,0,0,0.0,5.5254529391317835,13.744552542560509,0.9960159362549801,13.744552542560509,UNDERGROUND,South,EXCAVATION DAMAGE
9,5,21,89.0,0,0,0,0.7884573603642702,0.7884573603642702,11.513435334964429,0.0,10.724989968411352,UNDERGROUND,South,MATERIAL/WELD/EQUIP FAILURE
9,2,3,0.0,0,0,0,0.6931471805599453,0.6931471805599453,9.746014693711563,0.0,9.052926038888328,UNDERGROUND,South,MATERIAL/WELD/EQUIP FAILURE
9,2,10,0.0,0,0,0,2.302585092994046,2.772588722239781,13.54370314700388,0.375,11.241129864948206,UNDERGROUND,South,CORROSION
9,3,8,3.4833333333333334,0,0,0,0.8878912573524571,0.8878912573524571,8.556606193773073,0.0,7.668989845755134,ABOVEGROUND,Midwest,INCORRECT OPERATION
9,3,9,0.0,0,0,0,0.0,1.5953389880545987,13.831617147634416,0.797160243407708,13.831617147634416,UNDERGROUND,Midwest,MATERIAL/WELD/EQUIP FAILURE
9,3,10,0.0,0,0,0,0.09531017980432487,0.09531017980432487,11.859637947982224,0.0,11.764328475186225,UNDERGROUND,South,MATERIAL/WELD/EQUIP FAILURE
9,3,13,28.5,0,0,0,0.0,0.6931471805599453,9.62185381861855,0.5,9.62185381861855,UNDERGROUND,South,OTHER OUTSIDE FORCE DAMAGE
9,3,15,5.333333333333333,0,0,0,0.0,4.859812404361672,13.23658630561408,0.9922480620155039,13.23658630561408,UNDERGROUND,South,CORROSION
9,3,16,0.0,0,0,0,0.6931471805599453,0.6931471805599453,7.601402334583733,0.0,6.90875477931522,ABOVEGROUND,Midwest,MATERIAL/WELD/EQUIP FAILURE
9,4,7,4.45,0,0,0,0.0,3.044522437723423,9.210440366976517,0.9523809523809523,9.210440366976517,ABOVEGROUND,West,MATERIAL/WELD/EQUIP FAILURE
9,4,11,4.333333333333333,0,0,0,0.13976194237515868,0.13976194237515868,8.522379718103538,0.0,8.382647620090035,ABOVEGROUND,Midwest,MATERIAL/WELD/EQUIP FAILURE
9,4,16,0.0,0,0,0,2.302585092994046,2.3978952727983707,11.135974924760266,0.09090909090909091,8.833521028057925,TANK,Northeast,ALL OTHER CAUSES
9,4,16,3.0,0,0,0,0.0,0.37156355643248307,9.693445303141573,0.3103448275862069,9.693445303141573,ABOVEGROUND,South,MATERIAL/WELD/EQUIP FAILURE
9,6,18,0.3333333333333333,0,0,0,3.044522437723423,4.7535901911063645,9.210440366976517,0.8189655172413793,6.167915732334906,TANK,South,MATERIAL/WELD/EQUIP FAILURE
9,0,8,4.266666666666667,0,0,0,0.0,3.109060958860994,12.03822779374763,0.9553571428571429,12.03822779374763,ABOVEGROUND,Midwest,MATERIAL/WELD/EQUIP FAILURE
9,1,6,4.883333333333334,0,0,0,0.0,2.3978952727983707,13.23658630561408,0.9090909090909091,13.23658630561408,UNDERGROUND,South,CORROSION
9,1,15,12475.133333333333,0,0,0,0.0,0.6931471805599453,13.584053797481598,0.5,13.584053797481598,UNDERGROUND,South,CORROSION
10,3,8,0.0,0,0,0,0.0,2.2925347571405443,11.92371636583374,0.898989898989899,11.92371636583374,ABOVEGROUND,South,CORROSION
10,3,12,0.0,0,0,0,0.0,0.2151113796169455,6.827629234502852,0.1935483870967742,6.827629234502852,UNDERGROUND,West,CORROSION
10,3,15,0.0,0,0,0,0.4054651081081644,2.0149030205422647,13.946766864542068,0.8,13.54130219493029,UNDERGROUND,South,CORROSION
10,3,17,0.0,0,0,0,0.0,1.2178757094949273,5.017279836814924,0.7041420118343196,5.017279836814924,ABOVEGROUND,South,INCORRECT OPERATION
10,4,2,0.0,0,0,0,3.572345637857985,3.572345637857985,7.313886831633462,0.0,3.764330825268658,ABOVEGROUND,South,NATURAL FORCE DAMAGE
10,0,1,0.0,0,0,0,0.173953307123438,0.36464311358790924,9.619199713152362,0.1736111111111111,9.445259029695176,ABOVEGROUND,South,CORROSION
10,0,13,0.0,0,0,0,0.0,0.18232155679395465,6.947937068614969,0.16666666666666669,6.947937068614969,UNDERGROUND,Midwest,MATERIAL/WELD/EQUIP FAILURE
10,0,16,0.0,0,0,0,0.09531017980432487,0.09531017980432487,12.014009796033054,0.0,11.918700222101883,UNDERGROUND,South,MATERIAL/WELD/EQUIP FAILURE
10,0,23,0.0,0,0,0,0.0,0.6205764877251099,9.690912952571152,0.4623655913978495,9.690912952571152,ABOVEGROUND,West,INCORRECT OPERATION
10,2,7,0.0,0,0,0,0.0,3.828641396489095,6.803505257608338,0.9782608695652174,6.803505257608338,ABOVEGROUND,West,ALL OTHER CAUSES
10,2,7,0.5,0,0,0,0.12221763272424921,0.12221763272424921,7.392031567514591,0.0,7.269894030165493,ABOVEGROUND,West,INCORRECT OPERATION
10,3,14,4.0,0,0,0,0.6931471805599453,0.6931471805599453,8.997518369733845,0.0,8.304494897963567,ABOVEGROUND,South,CORROSION
10,4,12,408.0,0,0,0,1.9459101490553132,1.9459101490553132,17.006952861380945,0.0,15.061042959000789,UNDERGROUND,South,MATERIAL/WELD/EQUIP FAILURE
10,5,9,0.0,0,0,0,0.0,1.3862943611198906,9.087155271405804,0.75,9.087155271405804,ABOVEGROUND,South,MATERIAL/WELD/EQUIP FAILURE
10,6,11,1.25,0,0,0,0.0,0.3920420877760237,9.580178302441196,0.32432432432432434,9.580178302441196,ABOVEGROUND,South,MATERIAL/WELD/EQUIP FAILURE
10,0,8,313.8,1,0,0,6.089044875446846,8.414052432496725,16.27533766197958,0.9022172949002217,10.186330383704338,UNDERGROUND,South,MATERIAL/WELD/EQUIP FAILURE
10,1,11,0.0,0,0,0,1.3862943611198906,1.3862943611198906,6.967909201801884,0.0,5.584435717023635,ABOVEGROUND,West,CORROSION
10,5,4,7.066666666666666,0,0,0,0.4054651081081644,1.0986122886681098,10.518700218288165,0.5,10.113248623236991,ABOVEGROUND,South,CORROSION
10,5,12,5.583333333333333,0,0,0,1.3862943611198906,2.772588722239781,8.785539527561276,0.75,7.399703846978438,ABOVEGROUND,South,MATERIAL/WELD/EQUIP FAILURE
10,1,7,25.5,0,0,0,0.0,0.5364933705145685,9.86609716331757,0.4152046783625731,9.86609716331757,ABOVEGROUND,Midwest,MATERIAL/WELD/EQUIP FAILURE
10,1,12,0.5,0,0,0,0.0,1.6094379124341003,10.203629181337648,0.8,10.203629181337648,ABOVEGROUND,South,MATERIAL/WELD/EQUIP FAILURE
10,2,9,0.7333333333333333,0,0,0,0.0,0.22314355131420976,9.61587214452889,0.2,9.61587214452889,UNDERGROUND,South,MATERIAL/WELD/EQUIP FAILURE
10,3,9,0.0,0,0,0,1.0986122886681098,2.1972245773362196,10.00672080717778,0.6666666666666666,8.908198706099919,UNDERGROUND,West,CORROSION
10,3,14,0.0,0,0,0,0.0,1.2237754316221157,8.537191877922927,0.7058823529411765,8.537191877922927,ABOVEGROUND,South,INCORRECT OPERATION
10,4,5,1.6,0,0,0,0.4700036292457355,0.4700036292457355,5.5254529391317835,0.0,5.05783689558055,ABOVEGROUND,West,MATERIAL/WELD/EQUIP FAILURE
10,4,14,0.0,0,0,0,0.0,0.3074846997479606,9.90353755128617,0.2647058823529412,9.90353755128617,ABOVEGROUND,South,INCORRECT OPERATION
10,5,9,0.0,0,0,0,0.15700374880966475,0.15700374880966475,8.529319371214077,0.0,8.37234921203984,ABOVEGROUND,South,MATERIAL/WELD/EQUIP FAILURE
10,0,20,0.0,0,0,0,4.51085950651685,4.51085950651685,7.437206366871292,0.0,2.9779934492166094,ABOVEGROUND,South,MATERIAL/WELD/EQUIP FAILURE
10,1,3,0.0,0,0,0,0.0,0.0,14.623325259333722,0.0,14.623325259333722,UNDERGROUND,Midwest,OTHER OUTSIDE FORCE DAMAGE
10,1,3,1.65,0,0,0,0.6931471805599453,1.0986122886681098,7.650168700845001,0.3333333333333333,6.957497370876951,ABOVEGROUND,South,INCORRECT OPERATION
11,5,15,143.25,0,0,0,0.0,2.772588722239781,12.95749109270188,0.9375,12.95749109270188,UNDERGROUND,South,MATERIAL/WELD/EQUIP FAILURE
11,5,17,0.0,0,0,0,0.0,0.11332868530700317,8.00736706798333,0.10714285714285712,8.00736706798333,ABOVEGROUND,Midwest,MATERIAL/WELD/EQUIP FAILURE
11,0,13,4.033333333333333,0,0,0,0.0,0.6931471805599453,10.82139697362574,0.5,10.82139697362574,UNDERGROUND,South,CORROSION
11,0,19,24.9,0,0,0,0.0,3.713572066704308,12.591678524740319,0.975609756097561,12.591678524740319,ABOVEGROUND,South,CORROSION
11,1,6,0.0,0,0,0,0.0,1.6094379124341003,6.2166061010848646,0.8,6.2166061010848646,ABOVEGROUND,South,INCORRECT OPERATION
11,4,7,1.9166666666666667,0,0,0,0.0,0.3074846997479606,10.385666757711997,0.2647058823529412,10.385666757711997,ABOVEGROUND,Midwest,MATERIAL/WELD/EQUIP FAILURE
11,5,5,0.0,0,0,0,0.0,6.673297967767654,13.190165940755545,0.9987357774968394,13.190165940755545,ABOVEGROUND,South,INCORRECT OPERATION
11,0,11,81.28333333333333,1,0,0,8.076204527239026,8.076204527239026,12.34384565476675,0.0,4.281554335251514,UNDERGROUND,Midwest,EXCAVATION DAMAGE
11,0,16,0.0,0,0,0,0.2151113796169455,0.2151113796169455,7.104144092987527,0.0,6.88922990017285,TANK,West,MATERIAL/WELD/EQUIP FAILURE
11,0,17,23.316666666666666,0,0,0,0.0,2.138889000323256,14.26116642140315,0.8822143698468787,14.26116642140315,UNDERGROUND,West,MATERIAL/WELD/EQUIP FAILURE
11,2,7,38.833333333333336,0,0,0,1.4539530095937054,1.791759469228055,12.562000810699038,0.2866666666666667,11.108059289615563,UNDERGROUND,West,CORROSION
11,2,7,0.0,0,0,0,0.0,0.27002713721306015,8.169902647359145,0.23664122137404578,8.169902647359145,ABOVEGROUND,West,MATERIAL/WELD/EQUIP FAILURE
11,2,16,0.0,0,0,0,0.0,0.26236426446749106,8.014996894348302,0.23076923076923075,8.014996894348302,ABOVEGROUND,South,MATERIAL/WELD/EQUIP FAILURE
11,2,16,2.95,0,0,0,0.0,3.044522437723423,14.563383111586136,0.9523809523809523,14.563383111586136,ABOVEGROUND,South,INCORRECT OPERATION
11,3,7,0.0,0,0,0,0.0,3.4339872044851463,10.595609207424333,0.967741935483871,10.595609207424333,ABOVEGROUND,South,MATERIAL/WELD/EQUIP FAILURE
11,3,13,0.0,0,0,0,0.0,1.0986122886681098,9.90353755128617,0.6666666666666666,9.90353755128617,UNDERGROUND,West,MATERIAL/WELD/EQUIP FAILURE
11,6,8,34.05,0,0,0,0.0,0.0,6.90875477931522,0.0,6.90875477931522,ABOVEGROUND,South,INCORRECT OPERATION
11,0,9,0.0,0,0,0,0.6523251860396903,1.791759469228055,7.534228326274089,0.68,6.882394735041944,ABOVEGROUND,West,MATERIAL/WELD/EQUIP FAILURE
11,0,13,23.733333333333334,0,0,0,4.282620578207235,4.7879083226672625,12.056615102355392,0.39666805497709284,7.774409162242759,ABOVEGROUND,West,INCORRECT OPERATION
11,1,9,3.3,0,0,0,0.0,0.48858001481867097,10.53855530701924,0.3865030674846626,10.53855530701924,ABOVEGROUND,South,INCORRECT OPERATION
11,1,11,0.0,0,0,0,0.0,0.6931471805599453,9.908524844053396,0.5,9.908524844053396,TANK,South,MATERIAL/WELD/EQUIP FAILURE
11,2,15,0.0,0,0,0,0.4054651081081644,0.9162907318741551,10.809909750211677,0.4,10.404454741226404,UNDERGROUND,South,INCORRECT OPERATION
11,2,15,25.0,0,0,0,0.0,2.6390573296152584,8.337109129562474,0.9285714285714286,8.337109129562474,ABOVEGROUND,South,INCORRECT OPERATION
11,3,9,0.0,0,0,0,0.0,0.173953307123438,9.161255164285691,0.1596638655462185,9.161255164285691,ABOVEGROUND,Northeast,MATERIAL/WELD/EQUIP FAILURE
11,0,7,0.0,0,0,0,2.302585092994046,3.258096538021482,10.633472802314019,0.6153846153846154,8.33110454805304,UNDERGROUND,West,CORROSION
11,0,9,0.0,0,0,0,0.0,0.8960880245566356,9.805819595357969,0.5918367346938775,9.805819595357969,ABOVEGROUND,Midwest,MATERIAL/WELD/EQUIP FAILURE
11,1,9,7.0,0,0,0,1.6094379124341003,4.143134726391533,9.217216675915616,0.9206349206349206,7.608175943508581,ABOVEGROUND,West,MATERIAL/WELD/EQUIP FAILURE
11,1,22,0.0,0,0,0,0.0,0.18232155679395465,7.908754738783246,0.16666666666666669,7.908754738783246,ABOVEGROUND,South,MATERIAL/WELD/EQUIP FAILURE
11,2,10,0.0,0,0,0,0.0,0.33647223662121295,6.246106765481563,0.28571428571428575,6.246106765481563,ABOVEGROUND,South,INCORRECT OPERATION
11,2,22,2.933333333333333,0,0,0,0.0,3.9318256327243257,10.738589920723442,0.9803921568627451,10.738589920723442,ABOVEGROUND,South,INCORRECT OPERATION
11,6,7,7.516666666666667,0,0,0,0.0,1.0986122886681098,8.764209507142004,0.6666666666666666,8.764209507142004,ABOVEGROUND,West,MATERIAL/WELD/EQUIP FAILURE
11,6,14,0.5,0,0,0,0.2151113796169455,0.2151113796169455,5.929589143389895,0.0,5.715115858019847,ABOVEGROUND,South,INCORRECT OPERATION
12,1,18,17.1,0,0,0,0.0,1.6094379124341003,9.544023006988647,0.8,9.544023006988647,ABOVEGROUND,West,MATERIAL/WELD/EQUIP FAILURE
12,2,8,0.0,0,0,0,0.0,1.9387416595767009,10.642539786953455,0.8561151079136691,10.642539786953455,ABOVEGROUND,Midwest,INCORRECT OPERATION
12,4,12,1.3833333333333333,0,0,0,0.0,0.35065687161316933,7.784473235736469,0.29577464788732394,7.784473235736469,ABOVEGROUND,Midwest,MATERIAL/WELD/EQUIP FAILURE
12,5,2,0.0,0,0,0,0.0,0.4382549309311553,8.936035096566041,0.3548387096774194,8.936035096566041,ABOVEGROUND,South,MATERIAL/WELD/EQUIP FAILURE
12,5,5,0.0,0,0,0,3.4904285153900982,3.4904285153900982,7.403670290012373,0.0,3.932423254208676,ABOVEGROUND,South,MATERIAL/WELD/EQUIP FAILURE
12,6,18,264.26666666666665,0,0,0,0.0,0.2151113796169455,7.621195162809845,0.1935483870967742,7.621195162809845,ABOVEGROUND,South,INCORRECT OPERATION
12,0,9,30.0,0,0,0,0.0,0.0,12.276069679344003,0.0,12.276069679344003,UNDERGROUND,Midwest,MATERIAL/WELD/EQUIP FAILURE
12,0,12,8.683333333333334,0,0,0,2.995732273553991,3.044522437723423,11.49171204297103,0.047619047619047616,8.496173824192162,UNDERGROUND,South,CORROSION
12,0,16,86.18333333333334,0,0,0,8.248790733696413,9.082620630373812,15.16046221610212,0.5656175434609704,6.912666817797647,UNDERGROUND,South,INCORRECT OPERATION
12,0,18,0.0,0,0,0,0.0,3.58351893845611,10.461702359555922,0.9722222222222222,10.461702359555922,ABOVEGROUND,South,MATERIAL/WELD/EQUIP FAILURE
12,1,0,19.416666666666668,0,0,0,0.0,1.9021075263969205,12.108162087671543,0.8507462686567164,12.108162087671543,ABOVEGROUND,Midwest,MATERIAL/WELD/EQUIP FAILURE
12,1,9,0.2,0,0,0,0.0,0.009950330853168083,11.921731652119314,0.009900990099009901,11.921731652119314,TANK,West,MATERIAL/WELD/EQUIP FAILURE
12,2,0,24.666666666666668,0,0,0,0.0,0.5822156198526637,11.051699201695522,0.44134078212290506,11.051699201695522,UNDERGROUND,West,CORROSION
12,2,14,3.45,0,0,0,0.0,0.6931471805599453,9.648659816955295,0.5,9.648659816955295,ABOVEGROUND,Midwest,INCORRECT OPERATION
12,2,14,0.0,0,0,0,3.0726933146901194,3.1612467120315646,11.052301706866754,0.0847457627118644,7.9799348617283234,ABOVEGROUND,South,MATERIAL/WELD/EQUIP FAILURE
12,3,6,0.0,0,0,0,0.0,0.0,0.0,0.0,0.0,ABOVEGROUND,South,INCORRECT OPERATION
12,3,8,1.8666666666666667,0,0,0,0.0,0.6931471805599453,9.396902923027392,0.5,9.396902923027392,ABOVEGROUND,South,MATERIAL/WELD/EQUIP FAILURE
12,3,9,0.0,0,0,0,0.11332868530700317,0.11332868530700317,7.346655163176539,0.0,7.233403844315746,ABOVEGROUND,Midwest,MATERIAL/WELD/EQUIP FAILURE
12,3,10,0.0,0,0,0,0.0,1.791759469228055,6.2166061010848646,0.8333333333333334,6.2166061010848646,ABOVEGROUND,West,ALL OTHER CAUSES
12,5,16,0.0,0,0,0,0.7839015438284094,0.7839015438284094,9.880474778227056,0.0,9.096634117682084,ABOVEGROUND,Midwest,MATERIAL/WELD/EQUIP FAILURE
12,0,13,0.0,0,0,0,0.0,0.3074846997479606,11.156479066341598,0.2647058823529412,11.156479066341598,UNDERGROUND,South,MATERIAL/WELD/EQUIP FAILURE
12,2,9,0.0,0,0,0,0.3920420877760237,1.2178757094949273,10.184937747111391,0.5621301775147929,9.792913771695392,TANK,Midwest,MATERIAL/WELD/EQUIP FAILURE
12,2,13,0.0,0,0,0,0.0,0.2151113796169455,9.547954813176172,0.1935483870967742,9.547954813176172,UNDERGROUND,West,MATERIAL/WELD/EQUIP FAILURE
12,3,10,58.416666666666664,0,0,0,0.7419373447293773,3.044522437723423,13.692758572499026,0.8999999999999999,12.950822471433252,UNDERGROUND,Midwest,CORROSION
12,3,14,0.0,0,0,0,0.4054651081081644,0.4054651081081644,10.822594315669765,0.0,10.417139179391182,UNDERGROUND,West,ALL OTHER CAUSES
12,6,4,0.0,0,0,0,0.0,0.3852624007906449,8.703838719690246,0.31972789115646255,8.703838719690246,ABOVEGROUND,West,MATERIAL/WELD/EQUIP FAILURE
12,0,21,20.0,0,0,0,0.0,1.9459101490553132,9.332646496360152,0.8571428571428571,9.332646496360152,ABOVEGROUND,South,INCORRECT OPERATION
12,1,20,3.95,0,0,0,0.0,0.0,10.308985993422082,0.0,10.308985993422082,TANK,South,NATURAL FORCE DAMAGE
12,2,21,1021.0166666666667,1,0,0,7.562681246721884,7.562681246721884,13.846534306065937,0.0,6.285716548675262,ABOVEGROUND,Northeast,MATERIAL/WELD/EQUIP FAILURE
12,3,8,13.466666666666667,1,0,0,2.2823823856765264,2.341805806147327,12.817198704312052,0.05769230769230769,10.534840198882602,ABOVEGROUND,Midwest,MATERIAL/WELD/EQUIP FAILURE
12,5,3,0.0,0,0,0,0.6931471805599453,4.61512051684126,11.141876276228,0.9801980198019802,10.448743588106625,TANK,South,MATERIAL/WELD/EQUIP FAILURE
12,1,12,0.0,0,0,0,0.0,2.302585092994046,11.277215789596893,0.9,11.277215789596893,UNDERGROUND,South,MATERIAL/WELD/EQUIP FAILURE
12,1,16,5.566666666666666,0,0,0,5.204006687076795,5.204006687076795,9.34145634983372,0.0,4.153200760708939,ABOVEGROUND,South,MATERIAL/WELD/EQUIP FAILURE
1,3,12,458.28333333333336,0,0,0,4.189654742026425,6.2166061010848646,12.83974313889455,0.8682634730538922,8.650260840164552,UNDERGROUND,South,EXCAVATION DAMAGE
1,0,8,0.0,0,0,0,2.3532782073095637,2.3532782073095637,12.700771936142122,0.0,10.347522752713116,TANK,South,MATERIAL/WELD/EQUIP FAILURE
1,0,13,0.0,0,0,0,0.0,0.6931471805599453,6.957497370876951,0.5,6.957497370876951,ABOVEGROUND,South,MATERIAL/WELD/EQUIP FAILURE
1,1,11,0.0,0,0,0,0.09531017980432487,1.0986122886681098,9.546884034617925,0.6333333333333333,9.45158099713507,TANK,South,MATERIAL/WELD/EQUIP FAILURE
1,1,12,0.0,0,0,0,0.0,0.4054651081081644,8.417593826193484,0.3333333333333333,8.417593826193484,ABOVEGROUND,South,INCORRECT OPERATION
1,2,16,0.0,0,0,0,0.0,0.2151113796169455,11.002116507732017,0.1935483870967742,11.002116507732017,UNDERGROUND,South,CORROSION
1,3,12,86.11666666666666,0,0,0,4.61512051684126,5.707110264748875,12.914726474161517,0.6644518272425249,8.299852080269757,UNDERGROUND,South,CORROSION
1,4,7,9.283333333333333,0,0,0,1.791759469228055,4.61512051684126,10.735243837295545,0.9405940594059405,8.943593183179841,ABOVEGROUND,Midwest,MATERIAL/WELD/EQUIP FAILURE
1,4,8,55.95,0,0,0,0.0,0.6931471805599453,13.171250679712841,0.5,13.171250679712841,UNDERGROUND,South,CORROSION
1,5,20,419.4166666666667,0,0,0,10.208174223803733,10.208174223803733,13.569943723432898,0.0,3.3958545196956034,UNDERGROUND,South,MATERIAL/WELD/EQUIP FAILURE
1,0,21,73.0,0,0,0,0.0,4.092676505121403,13.218578602077418,0.9833055091819699,13.218578602077418,ABOVEGROUND,West,MATERIAL/WELD/EQUIP FAILURE
1,1,13,0.0,0,0,0,0.0,1.791759469228055,11.093934290680341,0.8333333333333334,11.093934290680341,UNDERGROUND,Midwest,NATURAL FORCE DAMAGE
1,2,14,7.116666666666666,0,0,0,0.3920420877760237,0.3920420877760237,8.795733605950735,0.0,8.403764176752087,ABOVEGROUND,Midwest,MATERIAL/WELD/EQUIP FAILURE
1,2,16,195.16666666666666,1,0,0,3.4339872044851463,3.4339872044851463,13.415034483903348,0.0,9.981092054468357,ABOVEGROUND,South,MATERIAL/WELD/EQUIP FAILURE
1,3,9,3.5,0,0,0,0.6931471805599453,0.6931471805599453,7.300472814267799,0.0,6.608000625296087,ABOVEGROUND,South,MATERIAL/WELD/EQUIP FAILURE
1,3,14,0.0,0,0,0,1.252762968495368,3.044522437723423,14.642669703155516,0.8333333333333334,13.38990782788405,UNDERGROUND,Midwest,NATURAL FORCE DAMAGE
1,3,15,20.616666666666667,0,0,0,0.0,3.258096538021482,10.844490409005417,0.9615384615384616,10.844490409005417,UNDERGROUND,South,CORROSION
1,4,9,0.0,0,0,0,0.0,0.18232155679395465,5.351858133476067,0.16666666666666669,5.351858133476067,ABOVEGROUND,South,INCORRECT OPERATION
1,4,10,73.56666666666666,0,0,0,0.0,0.04879016416943201,9.681967682338016,0.047619047619047616,9.681967682338016,ABOVEGROUND,South,CORROSION
1,5,10,1271.0833333333333,0,0,0,6.542471960506805,6.63200177739563,15.902307978707055,0.08563899868247694,9.359922004638145,UNDERGROUND,West,NATURAL FORCE DAMAGE
1,5,15,9.616666666666667,0,0,0,0.0,0.058268908123975775,12.042735734517896,0.056603773584905655,12.042735734517896,UNDERGROUND,Midwest,MATERIAL/WELD/EQUIP FAILURE
1,0,7,0.0,0,0,0,0.0,0.5306282510621704,7.035268599281097,0.4117647058823529,7.035268599281097,ABOVEGROUND,South,MATERIAL/WELD/EQUIP FAILURE
1,0,11,48.45,0,0,0,1.3029127521808397,1.5195132049061133,13.037696159815809,0.19474835886214442,11.734789241199795,UNDERGROUND,West,MATERIAL/WELD/EQUIP FAILURE
1,0,12,0.0,0,0,0,0.0,1.0116009116784799,11.186516424119828,0.6363636363636364,11.186516424119828,UNDERGROUND,South,MATERIAL/WELD/EQUIP FAILURE
1,1,6,11.0,0,0,0,0.0,0.4054651081081644,7.685243607975833,0.3333333333333333,7.685243607975833,ABOVEGROUND,South,MATERIAL/WELD/EQUIP FAILURE
1,1,10,0.0,0,0,0,0.0,0.6312717768418579,10.242670397850311,0.46808510638297873,10.242670397850311,ABOVEGROUND,Northeast,MATERIAL/WELD/EQUIP FAILURE
1,1,12,0.9333333333333333,0,0,0,2.066862759472976,2.066862759472976,6.218600119691729,0.0,4.165388774121811,ABOVEGROUND,South,INCORRECT OPERATION
1,1,14,0.0,0,0,0,0.0,0.4054651081081644,9.352794339771116,0.3333333333333333,9.352794339771116,TANK,South,MATERIAL/WELD/EQUIP FAILURE
1,2,6,2.783333333333333,0,0,0,0.0,1.0986122886681098,10.60750048640638,0.6666666666666666,10.60750048640638,ABOVEGROUND,Midwest,MATERIAL/WELD/EQUIP FAILURE
1,2,12,0.0,0,0,0,6.175867270105761,7.170888478512505,14.850828351373643,0.6302843966179862,8.67513152122709,TANK,West,CORROSION
1,3,7,0.0,0,0,0,0.0,1.3862943611198906,7.8343923029104365,0.75,7.8343923029104365,ABOVEGROUND,South,MATERIAL/WELD/EQUIP FAILURE
1,3,9,0.0,0,0,0,0.0,1.0986122886681098,9.036106025364846,0.6666666666666666,9.036106025364846,ABOVEGROUND,South,MATERIAL/WELD/EQUIP FAILURE
1,4,6,0.0,0,0,0,0.0,1.0986122886681098,8.101980731853192,0.6666666666666666,8.101980731853192,ABOVEGROUND,West,MATERIAL/WELD/EQUIP FAILURE
1,5,12,13.5,0,0,0,0.09531017980432487,0.09531017980432487,12.48560031099168,0.0,12.390290509257689,ABOVEGROUND,South,MATERIAL/WELD/EQUIP FAILURE
1,6,15,71.2,0,0,0,0.06765864847381481,0.06765864847381481,9.999024979245192,0.0,9.931369511861522,UNDERGROUND,South,MATERIAL/WELD/EQUIP FAILURE
1,0,9,459.85,1,0,0,10.327643559087782,10.327643559087782,15.748565865011907,0.0,5.4253354741972615,UNDERGROUND,South,MATERIAL/WELD/EQUIP FAILURE
1,0,11,0.0,0,0,0,0.0,0.33647223662121295,11.314730591019984,0.28571428571428575,11.314730591019984,ABOVEGROUND,South,MATERIAL/WELD/EQUIP FAILURE
1,0,12,0.9166666666666666,0,0,0,0.3920420877760237,0.7466879474879752,10.135352957662207,0.2985781990521327,9.74332990297362,TANK,South,MATERIAL/WELD/EQUIP FAILURE
1,0,12,1293.0,0,0,0,3.2188758248682006,3.2188758248682006,12.431218191515056,0.0,9.212438170058329,UNDERGROUND,West,MATERIAL/WELD/EQUIP FAILURE
1,1,5,1.5166666666666666,0,0,0,0.0,0.2151113796169455,11.931642378754141,0.1935483870967742,11.931642378754141,ABOVEGROUND,Northeast,MATERIAL/WELD/EQUIP FAILURE
1,3,15,0.0,0,0,0,0.0,0.33647223662121295,6.293419278846481,0.28571428571428575,6.293419278846481,TANK,Midwest,NATURAL FORCE DAMAGE
1,4,7,0.7,0,0,0,0.0,1.3506671834767394,9.720345659358271,0.7409326424870466,9.720345659358271,ABOVEGROUND,South,INCORRECT OPERATION
1,4,7,0.0,0,0,0,0.0,0.6931471805599453,6.90875477931522,0.5,6.90875477931522,ABOVEGROUND,South,CORROSION
1,4,9,171.35,0,0,0,0.0,6.634633357861686,15.303910367754927,0.9986859395532195,15.303910367754927,UNDERGROUND,South,MATERIAL/WELD/EQUIP FAILURE
1,5,1,2.6,0,0,0,0.0,0.3074846997479606,9.385301574363845,0.2647058823529412,9.385301574363845,ABOVEGROUND,Midwest,MATERIAL/WELD/EQUIP FAILURE
2,6,2,6.0,0,0,0,0.0,3.58351893845611,10.55323128448846,0.9722222222222222,10.55323128448846,ABOVEGROUND,South,MATERIAL/WELD/EQUIP FAILURE
2,6,10,7297.5,0,0,0,0.0,5.733341276897746,12.415518814554119,0.9967637540453075,12.415518814554119,TANK,Midwest,CORROSION
2,0,10,15.75,0,0,0,0.0,0.009950330853168083,10.226657417917462,0.009900990099009901,10.226657417917462,ABOVEGROUND,Midwest,MATERIAL/WELD/EQUIP FAILURE
2,0,12,0.8333333333333334,0,0,0,0.0,0.4054651081081644,6.439350371100098,0.3333333333333333,6.439350371100098,ABOVEGROUND,West,MATERIAL/WELD/EQUIP FAILURE
2,0,13,51.8,0,0,0,0.0,4.663439094112067,10.599779782240146,0.9905660377358491,10.599779782240146,UNDERGROUND,West,MATERIAL/WELD/EQUIP FAILURE
2,1,8,9.716666666666667,0,0,0,0.18232155679395465,0.18232155679395465,6.985641817639208,0.0,6.803505257608338,ABOVEGROUND,South,MATERIAL/WELD/EQUIP FAILURE
2,1,14,22.05,0,0,0,0.0,0.5364933705145685,9.911505324129712,0.4152046783625731,9.911505324129712,ABOVEGROUND,Midwest,MATERIAL/WELD/EQUIP FAILURE
2,2,14,0.0,0,0,0,0.0,2.772588722239781,12.455667262449618,0.9375,12.455667262449618,TANK,South,MATERIAL/WELD/EQUIP FAILURE
2,3,11,0.0,0,0,0,0.09531017980432487,0.6931471805599453,8.704668113450987,0.45,8.609374514507374,ABOVEGROUND,West,INCORRECT OPERATION
2,4,12,0.0,0,0,0,0.32208349916911333,0.32208349916911333,4.330733340286331,0.0,4.013637382628257,ABOVEGROUND,West,MATERIAL/WELD/EQUIP FAILURE
2,1,15,17.683333333333334,0,0,0,0.0,0.009950330853168083,11.799877270842266,0.009900990099009901,11.799877270842266,UNDERGROUND,Midwest,MATERIAL/WELD/EQUIP FAILURE
2,2,16,23.75,0,0,0,4.836281906951478,5.303304908059076,12.503733513776528,0.373134328358209,7.667915594866194,UNDERGROUND,South,CORROSION
2,2,18,1458.1,1,0,0,3.9512437185814275,3.9512437185814275,9.923437227843749,0.0,5.9746900227845305,ABOVEGROUND,Northeast,INCORRECT OPERATION
2,3,11,4.2,0,0,0,1.0986122886681098,1.3862943611198906,10.563827410119956,0.25,9.465266787687971,UNDERGROUND,Midwest,CORROSION
2,4,18,41.28333333333333,0,0,0,0.0,1.3609765531356006,10.278871388605838,0.7435897435897436,10.278871388605838,UNDERGROUND,South,CORROSION
2,0,8,0.0,0,0,0,0.0,1.0986122886681098,9.190545744648004,0.6666666666666666,9.190545744648004,ABOVEGROUND,West,CORROSION
2,1,15,0.6666666666666666,0,0,0,0.0,0.2151113796169455,12.138869243416009,0.1935483870967742,12.138869243416009,ABOVEGROUND,Northeast,MATERIAL/WELD/EQUIP FAILURE
2,1,16,72.45,0,0,0,3.8918202981106265,5.081404364984463,14.712822730904628,0.6956521739130435,10.821022000470647,UNDERGROUND,South,OTHER OUTSIDE FORCE DAMAGE
2,2,11,7366.0,0,0,0,0.0,1.252762968495368,10.92415631759022,0.7142857142857143,10.92415631759022,ABOVEGROUND,South,CORROSION
2,4,14,0.0,0,0,0,0.0,0.4054651081081644,9.512369038134885,0.3333333333333333,9.512369038134885,TANK,South,MATERIAL/WELD/EQUIP FAILURE
2,5,10,2.5166666666666666,0,0,0,0.0,2.3978952727983707,11.779136168550774,0.9090909090909091,11.779136168550774,ABOVEGROUND,West,MATERIAL/WELD/EQUIP FAILURE
2,5,18,0.0,0,0,0,0.0,0.18232155679395465,10.127071007078722,0.16666666666666669,10.127071007078722,TANK,South,ALL OTHER CAUSES
2,6,8,0.0,0,0,0,0.0,1.3787660946990992,9.012011377036412,0.7481108312342569,9.012011377036412,ABOVEGROUND,South,CORROSION
2,0,9,0.0,0,0,0,0.4054651081081644,4.189654742026425,6.716594773520978,0.9772727272727273,6.311734809152915,ABOVEGROUND,West,CORROSION
2,0,11,0.0,0,0,0,0.0,0.10436001532424277,12.09028012747851,0.09909909909909909,12.09028012747851,TANK,West,MATERIAL/WELD/EQUIP FAILURE
2,1,11,0.0,0,0,0,1.6094379124341003,4.454347296253507,12.002124919798158,0.9418604651162791,10.392711531744357,UNDERGROUND,South,CORROSION
2,2,0,27.766666666666666,0,0,0,2.772588722239781,3.4339872044851463,13.17302417180593,0.4838709677419355,10.400463967191468,UNDERGROUND,South,CORROSION
2,4,6,9.033333333333333,0,0,0,0.15700374880966475,0.4824261492442927,10.00581848363359,0.2777777777777778,9.848822408005951,ABOVEGROUND,Midwest,MATERIAL/WELD/EQUIP FAILURE
2,4,7,0.0,0,0,0,0.0,0.5306282510621704,10.887960160462653,0.4117647058823529,10.887960160462653,UNDERGROUND,South,MATERIAL/WELD/EQUIP FAILURE
2,4,11,0.0,0,0,0,0.0,0.16551443847757338,8.51919119407891,0.15254237288135594,8.51919119407891,ABOVEGROUND,South,INCORRECT OPERATION
2,4,15,0.0,0,0,0,0.0,1.3862943611198906,9.018089684104343,0.75,9.018089684104343,ABOVEGROUND,South,MATERIAL/WELD/EQUIP FAILURE
2,4,17,0.0,0,0,0,3.1780538303479458,3.1780538303479458,7.3796321526095525,0.0,4.21582445975981,ABOVEGROUND,South,MATERIAL/WELD/EQUIP FAILURE
3,6,18,2.25,0,0,0,0.0,0.11332868530700317,8.165079258805068,0.10714285714285712,8.165079258805068,ABOVEGROUND,Northeast,MATERIAL/WELD/EQUIP FAILURE
3,6,19,3.35,0,0,0,0.009950330853168083,0.009950330853168083,10.278527816830314,0.0,10.26857782960789,ABOVEGROUND,Northeast,MATERIAL/WELD/EQUIP FAILURE
3,0,8,0.0,0,0,0,0.0,1.7509374747078,11.00011453846092,0.8263888888888888,11.00011453846092,ABOVEGROUND,Midwest,MATERIAL/WELD/EQUIP FAILURE
3,0,9,29.583333333333332,0,0,0,0.2851789422336624,0.2851789422336624,9.952325334619427,0.0,9.66716210579976,ABOVEGROUND,South,MATERIAL/WELD/EQUIP FAILURE
3,0,10,40.96666666666667,0,0,0,0.18232155679395465,0.18232155679395465,9.212936997823448,0.0,9.030635388965383,ABOVEGROUND,South,CORROSION
3,0,11,0.0,0,0,0,0.0,5.697093486505405,10.623787731088578,0.9966442953020134,10.623787731088578,ABOVEGROUND,Northeast,NATURAL FORCE DAMAGE
3,0,12,0.0,0,0,0,0.3920420877760237,0.3920420877760237,9.617870014133226,0.0,9.225859859850383,ABOVEGROUND,West,MATERIAL/WELD/EQUIP FAILURE
3,0,14,22.333333333333332,0,0,0,0.0,2.772588722239781,11.066028801597401,0.9375,11.066028801597401,UNDERGROUND,West,CORROSION
3,0,18,0.0,0,0,0,0.18232155679395465,0.18232155679395465,13.50080392270517,0.0,13.318482639882655,UNDERGROUND,South,MATERIAL/WELD/EQUIP FAILURE
3,1,9,26.5,0,0,0,0.0,0.6931471805599453,7.912423121473705,0.5,7.912423121473705,ABOVEGROUND,South,MATERIAL/WELD/EQUIP FAILURE
3,2,5,9.0,0,0,0,0.0,4.394449154672439,12.110117757946444,0.9876543209876543,12.110117757946444,ABOVEGROUND,South,MATERIAL/WELD/EQUIP FAILURE
3,2,21,115.56666666666666,0,0,0,2.3978952727983707,4.61512051684126,12.399404202552438,0.8910891089108911,10.001550139337773,UNDERGROUND,West,MATERIAL/WELD/EQUIP FAILURE
3,3,15,0.0,0,0,0,0.0,0.173953307123438,9.836813419268136,0.1596638655462185,9.836813419268136,ABOVEGROUND,Midwest,MATERIAL/WELD/EQUIP FAILURE
3,4,8,10.383333333333333,0,0,0,1.791759469228055,5.968707559985366,10.84885153189599,0.9846547314578005,9.057189192482008,UNDERGROUND,Midwest,EXCAVATION DAMAGE
3,6,6,18.483333333333334,0,0,0,2.5649493574615367,2.5649493574615367,11.464291788555949,0.0,8.899468403443649,UNDERGROUND,South,MATERIAL/WELD/EQUIP FAILURE
3,6,10,34.8,0,0,0,0.0,4.442651256490317,12.711687717920274,0.9882352941176471,12.711687717920274,ABOVEGROUND,Midwest,MATERIAL/WELD/EQUIP FAILURE
3,0,11,28.85,0,0,0,0.09531017980432487,0.09531017980432487,13.52922883789459,0.0,13.433918791237007,ABOVEGROUND,Midwest,MATERIAL/WELD/EQUIP FAILURE
3,0,16,0.0,0,0,0,0.058268908123975775,0.14842000511827327,10.130662964963708,0.08620689655172414,10.072396447179889,ABOVEGROUND,Midwest,INCORRECT OPERATION
3,1,11,39.06666666666667,0,0,0,0.2851789422336624,0.2851789422336624,7.8328075165248645,0.0,7.54775941426419,ABOVEGROUND,Midwest,MATERIAL/WELD/EQUIP FAILURE
3,1,21,0.0,0,0,0,0.0,0.18232155679395465,9.208638925336425,0.16666666666666669,9.208638925336425,ABOVEGROUND,South,MATERIAL/WELD/EQUIP FAILURE
3,2,19,1078.3,0,0,0,1.791759469228055,3.258096538021482,13.385444308082155,0.7692307692307693,11.593692525621407,UNDERGROUND,South,CORROSION
3,2,19,1078.3,0,0,0,1.791759469228055,3.258096538021482,13.385759417100955,0.7692307692307693,11.594007632218426,UNDERGROUND,South,CORROSION
3,3,11,49.38333333333333,0,0,0,5.707110264748875,5.707110264748875,12.5306747095809,0.0,6.824648079883123,ABOVEGROUND,West,INCORRECT OPERATION
3,3,14,33.7,0,0,0,1.791759469228055,1.791759469228055,11.850832386224807,0.0,10.059108579444555,UNDERGROUND,South,MATERIAL/WELD/EQUIP FAILURE
3,3,19,8.45,0,0,0,0.0,0.4700036292457355,8.740176729929082,0.37499999999999994,8.740176729929082,ABOVEGROUND,Midwest,MATERIAL/WELD/EQUIP FAILURE
3,4,16,31.666666666666668,0,0,0,0.0,3.1822118404966093,11.964007453736912,0.9585062240663901,11.964007453736912,TRANSITION AREA,South,MATERIAL/WELD/EQUIP FAILURE
3,5,10,32.0,0,0,0,0.0,0.26236426446749106,7.95892649305011,0.23076923076923075,7.95892649305011,ABOVEGROUND,West,EXCAVATION DAMAGE
3,5,10,8.833333333333334,0,0,0,0.0,0.2151113796169455,11.58676125722922,0.1935483870967742,11.58676125722922,UNDERGROUND,Midwest,NATURAL FORCE DAMAGE
3,6,12,0.0,0,0,0,0.18232155679395465,0.18232155679395465,8.621733370690162,0.0,8.439447842791385,ABOVEGROUND,South,MATERIAL/WELD/EQUIP FAILURE
3,6,21,7.75,0,0,0,0.09531017980432487,0.09531017980432487,12.34605630245528,0.0,12.250746557337083,ABOVEGROUND,South,MATERIAL/WELD/EQUIP FAILURE
3,0,15,0.0,0,0,0,0.0,0.4700036292457355,10.339999029049618,0.37499999999999994,10.339999029049618,UNDERGROUND,Midwest,MATERIAL/WELD/EQUIP FAILURE
3,0,15,0.0,0,0,0,0.0,1.0986122886681098,8.055475141757274,0.6666666666666666,8.055475141757274,ABOVEGROUND,Midwest,MATERIAL/WELD/EQUIP FAILURE
3,0,16,0.0,0,0,0,0.0,0.9162907318741551,8.112527763478637,0.6,8.112527763478637,TANK,South,MATERIAL/WELD/EQUIP FAILURE
3,1,11,0.0,0,0,0,0.0,0.5364933705145685,6.90875477931522,0.4152046783625731,6.90875477931522,ABOVEGROUND,South,INCORRECT OPERATION
3,2,22,54.65,0,0,0,3.367295829986474,4.394449154672439,14.4854919722106,0.6419753086419753,11.118210470227954,UNDERGROUND,South,CORROSION
3,4,1,0.0,0,0,0,0.0,0.4054651081081644,8.522379718103538,0.3333333333333333,8.522379718103538,ABOVEGROUND,South,INCORRECT OPERATION
3,4,13,3.25,0,0,0,0.0,0.6678293725756554,10.045551191799596,0.48717948717948717,10.045551191799596,ABOVEGROUND,Midwest,MATERIAL/WELD/EQUIP FAILURE
3,6,12,0.0,0,0,0,0.0,2.1972245773362196,8.294299608857235,0.8888888888888888,8.294299608857235,TANK,South,MATERIAL/WELD/EQUIP FAILURE
3,6,15,0.0,0,0,0,1.3862943611198906,1.3862943611198906,5.017279836814924,0.0,3.6506582412937387,ABOVEGROUND,South,MATERIAL/WELD/EQUIP FAILURE
3,1,5,78.11666666666666,0,0,0,0.0,0.1906203596086497,8.415381925269553,0.17355371900826447,8.415381925269553,ABOVEGROUND,Northeast,MATERIAL/WELD/EQUIP FAILURE
3,1,8,0.0,0,0,0,0.0,0.4054651081081644,6.587550014824796,0.3333333333333333,6.587550014824796,ABOVEGROUND,West,CORROSION
3,1,10,5.783333333333333,0,0,0,0.0,0.4054651081081644,9.914724184462116,0.3333333333333333,9.914724184462116,ABOVEGROUND,South,MATERIAL/WELD/EQUIP FAILURE
3,3,8,0.0,0,0,0,0.0,0.23111172096338664,9.81961669349898,0.20634920634920637,9.81961669349898,TANK,South,MATERIAL/WELD/EQUIP FAILURE
3,3,9,3.4833333333333334,0,0,0,0.0,0.33647223662121295,8.169336395928386,0.28571428571428575,8.169336395928386,ABOVEGROUND,Northeast,MATERIAL/WELD/EQUIP FAILURE
3,3,10,0.0,0,0,0,0.09531017980432487,0.6151856390902335,7.844240718141811,0.4054054054054054,7.748969737882777,TANK,South,MATERIAL/WELD/EQUIP FAILURE
3,5,3,3.3333333333333335,0,0,0,0.0,1.2237754316221157,10.463131911491967,0.7058823529411765,10.463131911491967,UNDERGROUND,South,MATERIAL/WELD/EQUIP FAILURE
3,6,20,0.0,0,0,0,0.0,0.8754687373538999,4.564348191467836,0.5833333333333334,4.564348191467836,,Other/Territory,MATERIAL/WELD/EQUIP FAILURE
3,0,17,0.0,0,0,0,0.0,1.791759469228055,11.863589378812122,0.8333333333333334,11.863589378812122,UNDERGROUND,Midwest,MATERIAL/WELD/EQUIP FAILURE
4,2,8,0.3333333333333333,0,0,0,1.6863989535702288,1.6863989535702288,7.43307534889858,0.0,5.749275026604076,ABOVEGROUND,South,MATERIAL/WELD/EQUIP FAILURE
4,2,10,0.0,0,0,0,0.0,0.9783261227936076,8.934059722248843,0.6240601503759398,8.934059722248843,ABOVEGROUND,West,MATERIAL/WELD/EQUIP FAILURE
4,3,17,18.8,0,0,0,0.0,2.1972245773362196,8.633908991112198,0.8888888888888888,8.633908991112198,ABOVEGROUND,South,MATERIAL/WELD/EQUIP FAILURE
4,0,8,0.0,0,0,0,0.0,1.2178757094949273,8.81001204797317,0.7041420118343196,8.81001204797317,ABOVEGROUND,South,INCORRECT OPERATION
4,0,16,24.616666666666667,0,0,0,0.13976194237515868,0.32208349916911333,9.839375607068884,0.16666666666666669,9.699621661249875,ABOVEGROUND,Midwest,MATERIAL/WELD/EQUIP FAILURE
4,0,18,0.0,0,0,0,0.0,1.3862943611198906,6.957497370876951,0.75,6.957497370876951,ABOVEGROUND,South,MATERIAL/WELD/EQUIP FAILURE
4,2,10,11.9,0,0,0,5.25227342804663,5.993961427306569,13.199326270390594,0.5236907730673317,7.947404631659122,UNDERGROUND,South,CORROSION
4,2,15,0.0,0,0,0,0.0,0.3074846997479606,8.517393171418904,0.2647058823529412,8.517393171418904,ABOVEGROUND,South,INCORRECT OPERATION
4,2,15,1.0,0,0,0,0.0,0.6931471805599453,10.597908920973804,0.5,10.597908920973804,ABOVEGROUND,South,INCORRECT OPERATION
4,4,8,0.0,0,0,0,0.5822156198526637,0.5822156198526637,10.891428954153636,0.0,10.309228041717857,ABOVEGROUND,South,MATERIAL/WELD/EQUIP FAILURE
4,4,12,12.383333333333333,0,0,0,0.0,1.7011051009599243,12.612040960341938,0.8175182481751825,12.612040960341938,UNDERGROUND,Midwest,MATERIAL/WELD/EQUIP FAILURE
4,4,15,33.7,0,0,0,0.0,0.33647223662121295,13.105369801027758,0.28571428571428575,13.105369801027758,UNDERGROUND,Northeast,CORROSION
4,5,13,81.53333333333333,0,0,0,1.791759469228055,1.791759469228055,11.2922912626048,0.0,9.500594134795781,UNDERGROUND,South,CORROSION
4,6,12,38.43333333333333,0,0,0,0.0,4.157319361383489,14.48385313216278,0.9843505477308294,14.48385313216278,UNDERGROUND,South,MATERIAL/WELD/EQUIP FAILURE
4,6,14,1.15,0,0,0,0.0,0.3074846997479606,8.161375023197486,0.2647058823529412,8.161375023197486,ABOVEGROUND,South,MATERIAL/WELD/EQUIP FAILURE
4,2,6,484.8333333333333,0,0,0,0.0,3.9318256327243257,11.60386245996233,0.9803921568627451,11.60386245996233,ABOVEGROUND,West,INCORRECT OPERATION
4,2,7,0.0,0,0,0,0.0,0.23111172096338664,9.805654192187365,0.20634920634920637,9.805654192187365,ABOVEGROUND,South,MATERIAL/WELD/EQUIP FAILURE
4,2,8,0.0,0,0,0,0.0,1.6695918352538475,10.625027807597291,0.8116760828625236,10.625027807597291,ABOVEGROUND,West,MATERIAL/WELD/EQUIP FAILURE
4,3,7,0.0,0,0,0,1.1939224684724346,1.1939224684724346,4.61512051684126,0.0,3.4437149076531584,ABOVEGROUND,South,INCORRECT OPERATION
4,4,3,7.366666666666666,0,0,0,0.0,0.6678293725756554,8.531293315795018,0.48717948717948717,8.531293315795018,ABOVEGROUND,West,MATERIAL/WELD/EQUIP FAILURE
4,4,6,30.7,1,0,0,7.8383433155571165,7.8383433155571165,12.04355959836804,0.0,4.220017873774701,ABOVEGROUND,South,MATERIAL/WELD/EQUIP FAILURE
4,4,14,0.0,0,0,0,0.0,0.33647223662121295,7.955425088912672,0.28571428571428575,7.955425088912672,ABOVEGROUND,South,MATERIAL/WELD/EQUIP FAILURE
4,0,7,0.0,0,0,0,0.0,0.26236426446749106,6.274762021241939,0.23076923076923075,6.274762021241939,ABOVEGROUND,Northeast,INCORRECT OPERATION
4,0,16,0.08333333333333333,0,0,0,0.0,1.6094379124341003,10.614007941153417,0.8,10.614007941153417,ABOVEGROUND,South,INCORRECT OPERATION
4,0,17,0.11666666666666667,0,0,0,0.0,0.4824261492442927,9.716012740501373,0.38271604938271603,9.716012740501373,ABOVEGROUND,Midwest,MATERIAL/WELD/EQUIP FAILURE
4,2,8,0.0,0,0,0,0.0,0.18232155679395465,9.144841389743487,0.16666666666666669,9.144841389743487,ABOVEGROUND,West,MATERIAL/WELD/EQUIP FAILURE
4,3,7,4.066666666666666,0,0,0,0.0,0.4054651081081644,6.829793737512425,0.3333333333333333,6.829793737512425,ABOVEGROUND,South,MATERIAL/WELD/EQUIP FAILURE
4,3,10,7.433333333333334,0,0,0,0.0,2.3978952727983707,11.60755359404901,0.9090909090909091,11.60755359404901,ABOVEGROUND,Midwest,MATERIAL/WELD/EQUIP FAILURE
4,3,11,4.25,0,0,0,0.37156355643248307,0.37156355643248307,8.294299608857235,0.0,7.922848517982294,ABOVEGROUND,South,MATERIAL/WELD/EQUIP FAILURE
4,5,9,0.8333333333333334,0,0,0,0.0,0.5364933705145685,8.532278828834277,0.4152046783625731,8.532278828834277,ABOVEGROUND,Midwest,CORROSION
4,5,18,0.0,0,0,0,0.0,2.3978952727983707,9.810878720803466,0.9090909090909091,9.810878720803466,TANK,South,MATERIAL/WELD/EQUIP FAILURE
4,5,21,0.0,0,0,0,0.0,0.2151113796169455,8.734881892047483,0.1935483870967742,8.734881892047483,ABOVEGROUND,South,MATERIAL/WELD/EQUIP FAILURE
4,6,19,13.833333333333334,0,0,0,0.04879016416943201,0.8878912573524571,10.15681107235147,0.5679012345679012,10.108022848721955,ABOVEGROUND,South,MATERIAL/WELD/EQUIP FAILURE
4,0,7,0.0,0,0,0,0.0,0.37156355643248307,9.26302769425519,0.3103448275862069,9.26302769425519,TANK,South,MATERIAL/WELD/EQUIP FAILURE
4,0,7,0.0,0,0,0,0.0,3.258096538021482,10.589005705931582,0.9615384615384616,10.589005705931582,ABOVEGROUND,South,MATERIAL/WELD/EQUIP FAILURE
4,0,13,25.883333333333333,0,0,0,0.0,1.6094379124341003,11.563913212683147,0.8,11.563913212683147,UNDERGROUND,Midwest,MATERIAL/WELD/EQUIP FAILURE
4,2,9,0.0,0,0,0,0.0,0.09531017980432487,8.517393171418904,0.09090909090909091,8.517393171418904,ABOVEGROUND,South,INCORRECT OPERATION
4,2,11,0.0,0,0,0,0.0,0.2151113796169455,11.831931770664035,0.1935483870967742,11.831931770664035,TANK,South,MATERIAL/WELD/EQUIP FAILURE
4,2,11,0.0,0,0,0,0.0,0.4700036292457355,10.34306419027306,0.37499999999999994,10.34306419027306,ABOVEGROUND,Midwest,MATERIAL/WELD/EQUIP FAILURE
4,2,11,8.566666666666666,0,0,0,0.0,0.2151113796169455,8.704668113450987,0.1935483870967742,8.704668113450987,ABOVEGROUND,Midwest,INCORRECT OPERATION
4,2,17,0.0,0,0,0,0.0,1.0986122886681098,10.716659698193956,0.6666666666666666,10.716659698193956,ABOVEGROUND,South,MATERIAL/WELD/EQUIP FAILURE
5,5,12,0.0,0,0,0,0.0,0.3920420877760237,7.85979918056211,0.32432432432432434,7.85979918056211,ABOVEGROUND,South,MATERIAL/WELD/EQUIP FAILURE
5,6,16,7.5,0,0,0,0.0,1.547562508716013,9.982252521171782,0.7872340425531915,9.982252521171782,ABOVEGROUND,West,MATERIAL/WELD/EQUIP FAILURE
5,0,4,421.4,0,0,0,4.48863636973214,7.529406457837013,14.809107826839542,0.952201933404941,10.320504037910574,UNDERGROUND,Midwest,CORROSION
5,0,11,29.416666666666668,0,0,0,0.0,4.61512051684126,10.92415631759022,0.9900990099009901,10.92415631759022,ABOVEGROUND,West,MATERIAL/WELD/EQUIP FAILURE
5,0,13,56.1,0,0,0,1.7047480922384253,1.7047480922384253,9.394826251599515,0.0,7.690452278626359,UNDERGROUND,South,CORROSION
5,2,14,0.0,0,0,0,0.0,0.11332868530700317,8.086717920303906,0.10714285714285712,8.086717920303906,UNDERGROUND,South,MATERIAL/WELD/EQUIP FAILURE
5,3,9,0.0,0,0,0,0.0,0.18232155679395465,7.844240718141811,0.16666666666666669,7.844240718141811,TANK,South,INCORRECT OPERATION
5,4,14,0.0,0,0,0,1.3862943611198906,1.3862943611198906,13.16951410319066,0.0,11.783225465716008,UNDERGROUND,South,CORROSION
5,4,18,1.3333333333333333,0,0,0,0.0,0.33647223662121295,10.702142737876844,0.28571428571428575,10.702142737876844,ABOVEGROUND,South,MATERIAL/WELD/EQUIP FAILURE
5,4,19,0.0,0,0,0,0.0,1.6094379124341003,9.009569671513699,0.8,9.009569671513699,ABOVEGROUND,South,NATURAL FORCE DAMAGE
5,5,14,1.8333333333333333,0,0,0,0.0,0.18232155679395465,9.335297611380566,0.16666666666666669,9.335297611380566,ABOVEGROUND,South,CORROSION
5,6,6,0.0,0,0,0,0.0,6.100318952020064,9.60177416667137,0.9977578475336323,9.60177416667137,TANK,South,INCORRECT OPERATION
5,0,5,0.0,0,0,0,3.044522437723423,6.478509642208569,14.609779633909474,0.967741935483871,11.565266234373748,TANK,South,NATURAL FORCE DAMAGE
5,0,10,0.0,0,0,0,0.09531017980432487,0.09531017980432487,11.362114203075018,0.0,11.266805186047193,UNDERGROUND,South,MATERIAL/WELD/EQUIP FAILURE
5,1,9,0.0,0,0,0,0.09531017980432487,0.09531017980432487,9.852246888342531,0.0,9.75694197140526,TANK,South,NATURAL FORCE DAMAGE
5,2,8,0.0,0,0,0,0.0,0.6931471805599453,8.15908865466791,0.5,8.15908865466791,ABOVEGROUND,South,OTHER OUTSIDE FORCE DAMAGE
5,3,15,0.0,0,0,0,0.0,0.4637340162321401,8.031385330625534,0.37106918238993714,8.031385330625534,ABOVEGROUND,Northeast,MATERIAL/WELD/EQUIP FAILURE
5,4,17,14.166666666666666,0,0,0,0.0,0.5877866649021191,10.465984899076615,0.4444444444444445,10.465984899076615,UNDERGROUND,Midwest,MATERIAL/WELD/EQUIP FAILURE
5,0,2,4.0,0,0,0,0.0,0.6931471805599453,10.646995092435022,0.5,10.646995092435022,ABOVEGROUND,South,MATERIAL/WELD/EQUIP FAILURE
5,0,5,18.033333333333335,0,0,0,0.6931471805599453,1.0986122886681098,12.789965628771702,0.3333333333333333,12.096821236822512,UNDERGROUND,Midwest,MATERIAL/WELD/EQUIP FAILURE
5,1,6,0.0,0,0,0,0.0,0.18232155679395465,6.2166061010848646,0.16666666666666669,6.2166061010848646,ABOVEGROUND,South,ALL OTHER CAUSES
5,1,10,0.0,1,0,0,7.51479976048867,7.984462732262196,18.777878746072314,0.3747870528109029,11.263091816788057,UNDERGROUND,West,CORROSION
5,2,8,2.0,0,0,0,0.0,0.9162907318741551,8.09132127353041,0.6,8.09132127353041,ABOVEGROUND,South,MATERIAL/WELD/EQUIP FAILURE
5,2,18,0.0,0,0,0,6.647688373563329,6.647688373563329,10.373522431293592,0.0,3.749610883379529,ABOVEGROUND,South,MATERIAL/WELD/EQUIP FAILURE
5,3,9,6.5,0,0,0,0.0,2.3978952727983707,9.648659816955295,0.9090909090909091,9.648659816955295,UNDERGROUND,South,CORROSION
5,3,10,0.0,0,0,0,0.0,1.791759469228055,9.426338455129521,0.8333333333333334,9.426338455129521,ABOVEGROUND,Midwest,MATERIAL/WELD/EQUIP FAILURE
5,3,15,0.0,0,0,0,0.0,0.6931471805599453,8.37816098272068,0.5,8.37816098272068,ABOVEGROUND,South,MATERIAL/WELD/EQUIP FAILURE
5,5,5,6.183333333333334,0,0,0,0.0,0.6043159668533296,8.626764827845529,0.45355191256830596,8.626764827845529,ABOVEGROUND,West,MATERIAL/WELD/EQUIP FAILURE
5,0,7,13.85,0,0,0,1.9740810260220096,2.1815467646169897,13.820837345407492,0.18735891647855532,11.846762486428188,ABOVEGROUND,West,MATERIAL/WELD/EQUIP FAILURE
5,0,14,1.75,0,0,0,0.0,0.18232155679395465,7.83241092718792,0.16666666666666669,7.83241092718792,ABOVEGROUND,South,MATERIAL/WELD/EQUIP FAILURE
5,1,7,0.0,0,0,0,0.0,5.153291594497779,12.254958043259984,0.9942196531791907,12.254958043259984,TANK,South,NATURAL FORCE DAMAGE
5,2,12,5.333333333333333,0,0,0,0.0,0.2151113796169455,9.61587214452889,0.1935483870967742,9.61587214452889,ABOVEGROUND,South,MATERIAL/WELD/EQUIP FAILURE
5,3,7,0.0,0,0,0,1.3862943611198906,3.044522437723423,10.314404439322537,0.8095238095238095,8.928209529562727,ABOVEGROUND,South,INCORRECT OPERATION
5,3,13,12.5,0,0,0,0.4054651081081644,0.4054651081081644,7.313886831633462,0.0,6.90875477931522,UNDERGROUND,South,MATERIAL/WELD/EQUIP FAILURE
5,4,17,0.0,0,0,0,0.0,0.2151113796169455,15.112973978601556,0.1935483870967742,15.112973978601556,UNDERGROUND,West,NATURAL FORCE DAMAGE
5,6,1,37.55,0,0,0,0.0,3.58351893845611,10.702592570321846,0.9722222222222222,10.702592570321846,ABOVEGROUND,West,NATURAL FORCE DAMAGE
5,6,13,0.0,0,0,0,2.3978952727983707,4.110873864173311,11.752391083649291,0.819672131147541,9.35457451258712,UNDERGROUND,South,CORROSION
6,0,4,69.28333333333333,0,0,0,1.0296194171811583,2.300583090323373,11.125143091714373,0.719438877755511,10.095550200943942,UNDERGROUND,South,MATERIAL/WELD/EQUIP FAILURE
6,0,11,0.0,0,0,0,0.0,0.5364933705145685,8.517393171418904,0.4152046783625731,8.517393171418904,ABOVEGROUND,South,MATERIAL/WELD/EQUIP FAILURE
6,1,4,53.5,0,0,0,0.0,2.617395832834079,11.57796386114945,0.927007299270073,11.57796386114945,UNDERGROUND,West,CORROSION
6,1,17,0.4166666666666667,0,0,0,0.0,0.23111172096338664,8.688790784847216,0.20634920634920637,8.688790784847216,ABOVEGROUND,South,MATERIAL/WELD/EQUIP FAILURE
6,1,21,44.766666666666666,0,0,0,0.0,0.6471032420585385,11.290356748406861,0.47643979057591623,11.290356748406861,UNDERGROUND,West,CORROSION
6,4,8,0.0,0,0,0,0.0,0.5128236264286637,9.367429587218957,0.4011976047904192,9.367429587218957,ABOVEGROUND,South,ALL OTHER CAUSES
6,4,23,69.05,0,0,0,0.9162907318741551,0.9162907318741551,9.31325790598287,0.0,8.39710249515811,ABOVEGROUND,South,MATERIAL/WELD/EQUIP FAILURE
6,5,2,0.0,0,0,0,0.0,0.3852624007906449,8.996651979432729,0.31972789115646255,8.996651979432729,ABOVEGROUND,South,CORROSION
6,5,17,2.0,0,0,0,0.22314355131420976,0.22314355131420976,8.617219505483362,0.0,8.394121193826242,ABOVEGROUND,West,ALL OTHER CAUSES
6,6,20,35.5,0,0,0,0.4054651081081644,0.6931471805599453,10.309985460456241,0.25,9.904537001671699,UNDERGROUND,South,CORROSION
6,6,20,5.683333333333334,0,0,0,0.0,0.4700036292457355,8.517393171418904,0.37499999999999994,8.517393171418904,ABOVEGROUND,South,MATERIAL/WELD/EQUIP FAILURE
6,0,15,0.0,0,0,0,0.0,0.16551443847757338,9.164191715950203,0.15254237288135594,9.164191715950203,UNDERGROUND,South,MATERIAL/WELD/EQUIP FAILURE
6,1,9,0.0,0,0,0,0.0,3.713572066704308,7.972810784121404,0.975609756097561,7.972810784121404,TANK,West,MATERIAL/WELD/EQUIP FAILURE
6,2,14,0.0,0,0,0,0.0,0.33647223662121295,7.696667081526462,0.28571428571428575,7.696667081526462,ABOVEGROUND,South,MATERIAL/WELD/EQUIP FAILURE
6,3,13,5.2,0,0,0,0.0,1.5040773967762742,9.62911649414402,0.7777777777777778,9.62911649414402,UNDERGROUND,West,CORROSION
6,4,14,69.16666666666667,0,0,0,0.0,1.5195132049061133,10.149761521239192,0.7811816192560174,10.149761521239192,ABOVEGROUND,Northeast,MATERIAL/WELD/EQUIP FAILURE
6,6,22,38.483333333333334,0,0,0,0.33647223662121295,0.33647223662121295,7.840312983320164,0.0,7.503998152649221,ABOVEGROUND,Midwest,MATERIAL/WELD/EQUIP FAILURE
6,0,23,6.733333333333333,0,0,0,0.0,1.9021075263969205,8.517393171418904,0.8507462686567164,8.517393171418904,ABOVEGROUND,Northeast,MATERIAL/WELD/EQUIP FAILURE
6,1,2,0.0,0,0,0,1.6193882432872684,1.6193882432872684,8.990316947998217,0.0,7.371433250303608,ABOVEGROUND,South,MATERIAL/WELD/EQUIP FAILURE
6,1,13,29.75,0,0,0,0.0,1.3862943611198906,11.792078770667635,0.75,11.792078770667635,ABOVEGROUND,Midwest,INCORRECT OPERATION
6,1,17,80.91666666666667,1,0,0,7.383989457978509,7.383989457978509,11.916241599020113,0.0,4.542944516097179,UNDERGROUND,South,EXCAVATION DAMAGE
6,3,4,0.0,0,0,0,8.987321812850125,8.987321812850125,13.857082351315118,0.0,4.877405484953909,UNDERGROUND,South,CORROSION
6,3,8,0.0,0,0,0,5.755742213586912,5.755742213586912,12.992202298885266,0.0,7.237177405421248,UNDERGROUND,South,CORROSION
6,4,8,0.0,0,0,0,1.0986122886681098,1.0986122886681098,9.332646496360152,0.0,8.234211167522622,UNDERGROUND,West,MATERIAL/WELD/EQUIP FAILURE
6,4,22,25.316666666666666,0,0,0,5.303304908059076,8.101980731853192,13.40716931775061,0.9391093607997576,8.104165228522653,ABOVEGROUND,South,MATERIAL/WELD/EQUIP FAILURE
6,0,12,108.71666666666667,0,0,0,1.742219023667919,1.742219023667919,14.030622744032508,0.0,12.288407518741408,ABOVEGROUND,South,OTHER OUTSIDE FORCE DAMAGE
6,0,13,98.25,0,0,1,6.884486652042782,6.884486652042782,13.562878976904088,0.0,6.6796480471823445,ABOVEGROUND,South,OTHER OUTSIDE FORCE DAMAGE
6,1,4,0.0,0,0,0,0.6931471805599453,0.6931471805599453,5.802118375377063,0.0,5.111987788356544,ABOVEGROUND,West,MATERIAL/WELD/EQUIP FAILURE
6,1,7,34.0,0,0,0,0.0,0.09531017980432487,11.127424735781627,0.09090909090909091,11.127424735781627,UNDERGROUND,Northeast,MATERIAL/WELD/EQUIP FAILURE
6,1,8,97.0,0,0,0,0.009950330853168083,0.009950330853168083,11.289794413577894,0.0,11.279844207723157,UNDERGROUND,West,MATERIAL/WELD/EQUIP FAILURE
6,1,16,0.0,0,0,0,0.3074846997479606,0.3074846997479606,10.404959567375004,0.0,10.09748576906052,ABOVEGROUND,South,INCORRECT OPERATION
6,3,15,0.0,0,0,0,1.9459101490553132,1.9459101490553132,5.484796933490655,0.0,3.563478187572664,ABOVEGROUND,West,MATERIAL/WELD/EQUIP FAILURE
6,4,12,0.0,0,0,0,0.0,0.14842000511827327,9.202409001649903,0.13793103448275865,9.202409001649903,ABOVEGROUND,Midwest,MATERIAL/WELD/EQUIP FAILURE
6,0,10,29.716666666666665,0,0,0,0.039220713153281295,0.039220713153281295,11.918410572878395,0.0,11.879190126386412,ABOVEGROUND,South,INCORRECT OPERATION
6,1,12,17.9,0,0,0,0.0,6.52649485957079,12.936036208848487,0.9985358711566618,12.936036208848487,UNDERGROUND,West,EXCAVATION DAMAGE
6,1,13,50.13333333333333,0,0,0,0.0,5.564520407322694,10.71103427340457,0.9961685823754789,10.71103427340457,UNDERGROUND,West,OTHER OUTSIDE FORCE DAMAGE
7,3,10,23.416666666666668,0,0,0,0.0,0.4054651081081644,9.435162513668947,0.3333333333333333,9.435162513668947,UNDERGROUND,Midwest,CORROSION
7,6,12,27.116666666666667,0,0,0,0.0,0.9162907318741551,7.212294468500341,0.6,7.212294468500341,ABOVEGROUND,West,MATERIAL/WELD/EQUIP FAILURE
7,0,8,0.0,0,0,0,0.0,0.11332868530700317,10.434586281141675,0.10714285714285712,10.434586281141675,UNDERGROUND,South,MATERIAL/WELD/EQUIP FAILURE
7,1,7,5.7,1,0,0,0.0,0.6931471805599453,11.51293546492023,0.5,11.51293546492023,ABOVEGROUND,South,INCORRECT OPERATION
7,1,9,0.0,0,0,0,0.0,0.06765864847381481,12.765711290347234,0.06542056074766356,12.765711290347234,TANK,South,ALL OTHER CAUSES
7,1,13,0.0,0,0,0,0.2151113796169455,0.2151113796169455,9.755625391793744,0.0,9.540527924316997,ABOVEGROUND,South,MATERIAL/WELD/EQUIP FAILURE
7,3,9,72.0,0,0,0,1.7047480922384253,1.7047480922384253,10.637704696869411,0.0,8.93306457202494,UNDERGROUND,South,CORROSION
7,3,9,0.0,0,0,0,1.791759469228055,3.4339872044851463,8.741136422901011,0.8064516129032258,6.950175994866089,ABOVEGROUND,West,CORROSION
7,4,7,193.56666666666666,0,0,0,3.8066624897703196,4.61512051684126,15.653072717429046,0.5544554455445545,11.84641723265727,ABOVEGROUND,Midwest,MATERIAL/WELD/EQUIP FAILURE
7,5,10,7.166666666666667,0,0,0,0.0,0.4054651081081644,8.249575150000199,0.3333333333333333,8.249575150000199,TANK,South,INCORRECT OPERATION
7,6,8,2.9833333333333334,0,0,0,0.0,1.0260415958332743,9.918425424900335,0.6415770609318997,9.918425424900335,ABOVEGROUND,South,MATERIAL/WELD/EQUIP FAILURE
7,6,15,18.0,0,0,0,0.0,0.6729444732424258,10.528516479019784,0.4897959183673469,10.528516479019784,ABOVEGROUND,South,NATURAL FORCE DAMAGE
7,0,5,0.0,0,0,0,1.0986122886681098,1.0986122886681098,7.429520842786462,0.0,6.332094793877859,TANK,West,MATERIAL/WELD/EQUIP FAILURE
7,0,9,2573.7,0,0,0,2.5257286443082556,3.960813169597578,14.310262895787947,0.7619047619047619,11.784541263256886,UNDERGROUND,Midwest,NATURAL FORCE DAMAGE
7,1,19,5.966666666666667,0,0,0,0.0,0.4700036292457355,10.463131911491967,0.37499999999999994,10.463131911491967,ABOVEGROUND,South,INCORRECT OPERATION
7,2,8,2.183333333333333,0,0,0,0.8878912573524571,0.8878912573524571,9.907678757154596,0.0,9.019858698223457,ABOVEGROUND,West,MATERIAL/WELD/EQUIP FAILURE
7,2,8,0.0,0,0,0,0.0,0.6931471805599453,10.822195360925887,0.5,10.822195360925887,ABOVEGROUND,Midwest,MATERIAL/WELD/EQUIP FAILURE
7,2,14,6.0,0,0,0,0.0,2.3978952727983707,9.892527712299787,0.9090909090909091,9.892527712299787,UNDERGROUND,South,CORROSION
7,3,2,8.6,0,0,0,0.0,5.093750200806762,11.536163361437406,0.9938650306748467,11.536163361437406,UNDERGROUND,West,CORROSION
7,3,11,7.0,0,0,0,0.0,0.6931471805599453,7.937731775260109,0.5,7.937731775260109,ABOVEGROUND,South,INCORRECT OPERATION
7,0,0,8.5,0,0,0,0.4700036292457355,0.4700036292457355,4.795790545596741,0.0,4.330733340286331,ABOVEGROUND,South,MATERIAL/WELD/EQUIP FAILURE
7,0,7,60.75,0,0,0,1.884034745337226,4.983606621708336,12.600554322654286,0.9549315068493149,10.716538382558088,ABOVEGROUND,West,INCORRECT OPERATION
7,0,7,29.75,0,0,0,4.61512051684126,5.993961427306569,12.1131401368243,0.7481296758104738,7.498568163339948,UNDERGROUND,South,CORROSION
7,0,12,4.583333333333333,0,0,0,0.0,1.9487632180377197,11.373261017842253,0.8575498575498576,11.373261017842253,ABOVEGROUND,Midwest,CORROSION
7,0,20,2.9,0,0,0,3.332204510175204,3.332204510175204,6.398594934535208,0.0,3.1103356562929947,ABOVEGROUND,South,MATERIAL/WELD/EQUIP FAILURE
7,2,11,0.0,0,0,0,5.342334251964811,5.579729825986222,12.594300034152003,0.21132075471698114,7.252670921939167,UNDERGROUND,West,CORROSION
7,2,13,15.416666666666666,0,0,0,0.0,2.7013612129514133,12.54909836112123,0.9328859060402684,12.54909836112123,UNDERGROUND,Midwest,NATURAL FORCE DAMAGE
7,2,18,56.166666666666664,0,0,0,1.791759469228055,1.791759469228055,11.918230560277028,0.0,10.126504429160772,UNDERGROUND,South,MATERIAL/WELD/EQUIP FAILURE
7,4,14,1.0333333333333334,0,0,0,0.0,1.0647107369924282,8.517393171418904,0.6551724137931034,8.517393171418904,UNDERGROUND,South,EXCAVATION DAMAGE
7,6,9,0.0,0,0,0,0.0,0.6931471805599453,8.517393171418904,0.5,8.517393171418904,TANK,South,MATERIAL/WELD/EQUIP FAILURE
7,0,6,0.0,0,0,0,0.0,0.20701416938432612,7.00397413672268,0.1869918699186992,7.00397413672268,TANK,Northeast,MATERIAL/WELD/EQUIP FAILURE
7,0,7,64.66666666666667,0,0,0,0.0,0.009950330853168083,11.447373096729992,0.009900990099009901,11.447373096729992,UNDERGROUND,Midwest,MATERIAL/WELD/EQUIP FAILURE
7,0,20,0.0,0,0,0,0.9555114450274363,0.9555114450274363,8.11701408773731,0.0,7.161979998169741,ABOVEGROUND,Midwest,INCORRECT OPERATION
7,1,11,2.6333333333333333,0,0,0,0.0,0.3920420877760237,9.21890360263667,0.32432432432432434,9.21890360263667,ABOVEGROUND,Midwest,MATERIAL/WELD/EQUIP FAILURE
7,1,13,0.0,0,0,0,2.9069010598473755,2.9069010598473755,9.854979848471084,0.0,6.94898637013882,UNDERGROUND,West,MATERIAL/WELD/EQUIP FAILURE
7,1,14,0.0,0,0,0,0.0,1.3862943611198906,9.822873848541882,0.75,9.822873848541882,ABOVEGROUND,West,CORROSION
7,1,16,0.0,0,0,0,0.0,0.6678293725756554,9.28470545393149,0.48717948717948717,9.28470545393149,ABOVEGROUND,Midwest,INCORRECT OPERATION
7,3,16,0.0,0,0,0,0.6931471805599453,0.832909122935104,10.308985993422082,0.13043478260869565,9.61587214452889,ABOVEGROUND,South,NATURAL FORCE DAMAGE
7,4,0,0.0,0,0,0,0.0,1.7509374747078,11.082157933374816,0.8263888888888888,11.082157933374816,ABOVEGROUND,Northeast,MATERIAL/WELD/EQUIP FAILURE
7,4,12,0.5,0,0,0,0.0,0.9162907318741551,7.8636512654486515,0.6,7.8636512654486515,ABOVEGROUND,South,MATERIAL/WELD/EQUIP FAILURE
8,5,11,0.0,0,0,0,0.0,1.6094379124341003,10.848968086540825,0.8,10.848968086540825,UNDERGROUND,South,INCORRECT OPERATION
8,5,14,0.0,0,0,0,0.9555114450274363,0.9555114450274363,6.587550014824796,0.0,5.634240001616531,ABOVEGROUND,South,MATERIAL/WELD/EQUIP FAILURE
8,6,7,53.25,0,0,0,5.056245805348308,5.7745515455444085,11.042249609831288,0.5124223602484472,5.988498368908223,TANK,South,MATERIAL/WELD/EQUIP FAILURE
8,1,5,6.033333333333333,0,0,0,0.0,1.4586150226995167,9.455323689894849,0.7674418604651163,9.455323689894849,UNDERGROUND,South,MATERIAL/WELD/EQUIP FAILURE
8,1,7,57.833333333333336,0,0,0,3.3775875160230218,4.93662988078576,13.082097478234388,0.7896625987078247,9.704568886031318,ABOVEGROUND,South,MATERIAL/WELD/EQUIP FAILURE
8,2,8,0.0,0,0,0,0.0,2.300583090323373,8.987321812850125,0.8997995991983968,8.987321812850125,TANK,South,CORROSION
8,3,0,0.0,0,0,0,0.3852624007906449,0.5364933705145685,8.527341522468053,0.14035087719298245,8.142172168229457,ABOVEGROUND,South,MATERIAL/WELD/EQUIP FAILURE
8,3,11,0.0,0,0,0,1.0986122886681098,3.58351893845611,12.679682265369893,0.9166666666666666,11.581076204185537,UNDERGROUND,West,EXCAVATION DAMAGE
8,3,14,78.0,0,0,0,7.170888478512505,7.170888478512505,13.345508528717259,0.0,6.176697886678633,UNDERGROUND,West,EXCAVATION DAMAGE
8,6,8,6.85,0,0,0,4.552296696381023,4.552296696381023,8.699681400989514,0.0,4.162902734895169,ABOVEGROUND,Midwest,MATERIAL/WELD/EQUIP FAILURE
8,0,12,0.0,0,0,0,0.0,2.772588722239781,10.464559422726214,0.9375,10.464559422726214,UNDERGROUND,South,CORROSION
8,1,10,0.0,0,0,0,0.0,0.11332868530700317,0.0,0.10714285714285712,0.0,TANK,South,ALL OTHER CAUSES
8,1,15,0.0,0,0,0,0.0,1.791759469228055,9.825580063659602,0.8333333333333334,9.825580063659602,UNDERGROUND,West,CORROSION
8,1,17,3.4833333333333334,0,0,0,0.4700036292457355,0.4700036292457355,10.169652278400532,0.0,9.699671638277112,ABOVEGROUND,South,MATERIAL/WELD/EQUIP FAILURE
8,2,9,20.333333333333332,0,0,0,1.3862943611198906,1.3862943611198906,8.748463629942055,0.0,7.362645270417825,ABOVEGROUND,Midwest,MATERIAL/WELD/EQUIP FAILURE
8,3,11,11.833333333333334,0,0,0,3.258096538021482,4.969118613893322,12.184598722396833,0.8193189715079917,8.926629889489094,ABOVEGROUND,South,EXCAVATION DAMAGE
8,5,10,0.0,0,0,0,0.0,0.5364933705145685,10.244876254937159,0.4152046783625731,10.244876254937159,UNDERGROUND,Midwest,MATERIAL/WELD/EQUIP FAILURE
8,0,13,5.0,0,0,0,0.0,0.41871033485818504,10.521587858773161,0.34210526315789475,10.521587858773161,ABOVEGROUND,South,INCORRECT OPERATION
8,1,9,0.0,0,0,0,0.0,0.1906203596086497,6.091309882077698,0.17355371900826447,6.091309882077698,ABOVEGROUND,South,INCORRECT OPERATION
8,2,13,0.0,0,0,0,0.0,0.4054651081081644,6.710523109452428,0.3333333333333333,6.710523109452428,UNDERGROUND,West,CORROSION
8,2,14,25.666666666666668,0,0,0,6.852876617472147,6.933423025730715,13.341212922656183,0.0773879142300195,6.489854622584336,UNDERGROUND,South,OTHER OUTSIDE FORCE DAMAGE
8,2,16,2.8833333333333333,0,0,0,0.09531017980432487,0.09531017980432487,9.035867930125628,0.0,8.940569656429732,ABOVEGROUND,South,NATURAL FORCE DAMAGE
8,3,4,3.2,0,0,0,0.0,0.2151113796169455,7.3632795869630385,0.1935483870967742,7.3632795869630385,ABOVEGROUND,Midwest,INCORRECT OPERATION
8,4,6,2.3,0,0,0,0.0,2.2925347571405443,10.842537321530799,0.898989898989899,10.842537321530799,ABOVEGROUND,South,MATERIAL/WELD/EQUIP FAILURE
8,4,13,46.25,0,0,0,0.06765864847381481,0.06765864847381481,10.915161188842836,0.0,10.847503813002929,UNDERGROUND,South,CORROSION
8,4,17,0.0,0,0,0,0.0,0.6931471805599453,9.99884318585288,0.5,9.99884318585288,UNDERGROUND,South,CORROSION
8,0,9,0.0,0,0,0,0.09531017980432487,0.09531017980432487,0.0,0.0,0.0,TANK,Midwest,ALL OTHER CAUSES
8,0,15,0.0,0,0,0,0.6931471805599453,1.0986122886681098,7.048386408721883,0.3333333333333333,6.3561076606958915,TRANSITION AREA,West,CORROSION
8,1,5,0.0,0,0,0,0.4054651081081644,0.6931471805599453,6.710523109452428,0.25,6.305666829369159,TANK,West,CORROSION
8,1,10,32.45,0,0,0,0.0,0.5306282510621704,10.65563450614867,0.4117647058823529,10.65563450614867,UNDERGROUND,Northeast,NATURAL FORCE DAMAGE
8,1,10,0.0,0,0,0,3.367295829986474,3.367295829986474,9.216918687336305,0.0,5.852400636913734,UNDERGROUND,South,CORROSION
8,1,11,0.0,0,0,0,0.0,0.5538851132264376,9.029178142902074,0.42528735632183906,9.029178142902074,ABOVEGROUND,West,MATERIAL/WELD/EQUIP FAILURE
8,1,13,1.2166666666666666,0,0,0,3.295836866004329,3.295836866004329,6.704414354964107,0.0,3.439943148237998,ABOVEGROUND,South,INCORRECT OPERATION
8,3,17,220.08333333333334,0,0,0,0.9162907318741551,1.791759469228055,12.808052552585956,0.5833333333333334,11.891765928649226,UNDERGROUND,South,CORROSION
8,4,9,4.4,0,0,0,0.0,3.713572066704308,10.802652471248297,0.975609756097561,10.802652471248297,ABOVEGROUND,West,MATERIAL/WELD/EQUIP FAILURE
8,4,15,5.916666666666667,0,0,0,0.0,3.044522437723423,7.313886831633462,0.9523809523809523,7.313886831633462,UNDERGROUND,South,MATERIAL/WELD/EQUIP FAILURE
8,0,7,3.75,0,0,0,0.30010459245033805,0.3852624007906449,8.904901577935142,0.08163265306122448,8.604844487071027,TANK,South,MATERIAL/WELD/EQUIP FAILURE
8,0,8,0.0,0,0,0,0.0,3.4339872044851463,12.02993791082274,0.967741935483871,12.02993791082274,ABOVEGROUND,South,MATERIAL/WELD/EQUIP FAILURE
9,1,6,0.0,0,0,0,0.6931471805599453,0.6931471805599453,8.526351129201004,0.0,7.833402105780317,UNDERGROUND,South,CORROSION
9,1,8,7784.25,0,0,0,0.0,0.009950330853168083,13.179044232786943,0.009900990099009901,13.179044232786943,TANK,South,NATURAL FORCE DAMAGE
9,1,14,5.5,0,0,0,0.0,2.772588722239781,12.188931573152257,0.9375,12.188931573152257,UNDERGROUND,South,CORROSION
9,2,8,12.166666666666666,0,0,0,0.0,0.3920420877760237,8.235095497258357,0.32432432432432434,8.235095497258357,ABOVEGROUND,South,MATERIAL/WELD/EQUIP FAILURE
9,2,8,6.666666666666667,0,0,0,0.0,0.18232155679395465,8.043663352393944,0.16666666666666669,8.043663352393944,ABOVEGROUND,Midwest,MATERIAL/WELD/EQUIP FAILURE
9,2,9,1.7833333333333334,0,0,0,0.0,1.3862943611198906,10.718542583329407,0.75,10.718542583329407,ABOVEGROUND,West,MATERIAL/WELD/EQUIP FAILURE
9,2,12,0.0,0,0,0,0.0,2.2300144001592104,11.657034466915164,0.8924731182795699,11.657034466915164,UNDERGROUND,Northeast,CORROSION
9,3,13,34.916666666666664,0,0,0,0.09531017980432487,0.09531017980432487,11.918403906322839,0.0,11.823094393176069,ABOVEGROUND,South,OTHER OUTSIDE FORCE DAMAGE
9,5,3,2.0,0,0,0,0.0,0.6931471805599453,7.842278779117352,0.5,7.842278779117352,ABOVEGROUND,South,CORROSION
9,1,12,215.95,0,0,0,0.0,1.9459101490553132,10.041116787524166,0.8571428571428571,10.041116787524166,TANK,Midwest,MATERIAL/WELD/EQUIP FAILURE
9,1,16,42.55,0,0,0,0.0,1.791759469228055,11.549941827249432,0.8333333333333334,11.549941827249432,TRANSITION AREA,Midwest,OTHER OUTSIDE FORCE DAMAGE
9,2,9,57.55,0,0,0,4.330733340286331,4.330733340286331,11.187555370859908,0.0,6.857859899023518,ABOVEGROUND,South,INCORRECT OPERATION
9,2,23,44.85,0,0,0,3.044522437723423,5.303304908059076,13.208542908506082,0.8955223880597015,10.164057167289707,UNDERGROUND,South,OTHER OUTSIDE FORCE DAMAGE
9,3,0,0.0,0,0,0,1.3862943611198906,4.61512051684126,10.472685852626894,0.9603960396039604,9.086476384753796,TANK,Midwest,INCORRECT OPERATION
9,4,8,0.0,0,0,0,1.1817271953786161,1.220829921392359,11.436303566318786,0.038348082595870206,10.254600770366116,ABOVEGROUND,Midwest,MATERIAL/WELD/EQUIP FAILURE
9,4,9,75.75,0,0,0,0.0,1.0986122886681098,9.059633754551479,0.6666666666666666,9.059633754551479,ABOVEGROUND,South,MATERIAL/WELD/EQUIP FAILURE
9,6,18,20.083333333333332,0,0,0,0.0,3.1354942159291497,12.52343851241165,0.9565217391304348,12.52343851241165,ABOVEGROUND,Midwest,MATERIAL/WELD/EQUIP FAILURE
9,1,3,15.2,0,0,0,4.7535901911063645,5.017279836814924,9.350189267092581,0.23178807947019867,4.606548545958213,ABOVEGROUND,South,ALL OTHER CAUSES
9,1,12,0.0,0,0,0,0.0,4.2626798770413155,9.648659816955295,0.9859154929577465,9.648659816955295,ABOVEGROUND,West,MATERIAL/WELD/EQUIP FAILURE
9,2,21,118.15,0,0,0,4.61512051684126,6.803505257608338,13.997832948091215,0.8879023307436182,9.382795761041821,UNDERGROUND,West,MATERIAL/WELD/EQUIP FAILURE
9,3,1,0.0,0,0,0,0.0,0.009950330853168083,11.775297421715827,0.009900990099009901,11.775297421715827,ABOVEGROUND,South,CORROSION
9,5,7,10.333333333333334,0,0,0,0.08617769624105233,0.1906203596086497,8.704668113450987,0.09917355371900827,8.618505339996947,UNDERGROUND,South,MATERIAL/WELD/EQUIP FAILURE
9,5,19,0.0,0,0,0,0.0,2.6539459421090092,10.87806606028079,0.9296270232230823,10.87806606028079,UNDERGROUND,South,CORROSION
9,0,8,104.85,0,0,0,0.4700036292457355,3.2188758248682006,10.637680702532075,0.9359999999999999,10.167691469957829,UNDERGROUND,West,CORROSION
9,0,11,836.8333333333334,0,0,0,0.0,0.09531017980432487,11.01448943885016,0.09090909090909091,11.01448943885016,ABOVEGROUND,South,ALL OTHER CAUSES
9,0,20,91.71666666666667,0,0,0,3.7054907199191334,4.566845071666424,16.499445714651497,0.5774106400665004,12.793957703946818,UNDERGROUND,South,ALL OTHER CAUSES
9,1,15,25.516666666666666,0,0,0,0.0,1.9080599249242156,13.549291172056037,0.8516320474777448,13.549291172056037,UNDERGROUND,Midwest,MATERIAL/WELD/EQUIP FAILURE
9,1,17,0.0,0,0,0,1.0986122886681098,1.0986122886681098,8.184792654165078,0.0,7.086737934510577,ABOVEGROUND,South,MATERIAL/WELD/EQUIP FAILURE
9,2,14,0.0,0,0,0,0.0,1.3609765531356006,12.967915320031418,0.7435897435897436,12.967915320031418,UNDERGROUND,Northeast,CORROSION
9,3,4,0.0,0,0,0,0.0,1.791759469228055,9.235130540783402,0.8333333333333334,9.235130540783402,TANK,South,ALL OTHER CAUSES
9,3,9,3.6666666666666665,0,0,0,0.0,1.3862943611198906,10.283669040109793,0.75,10.283669040109793,UNDERGROUND,South,CORROSION
9,3,12,70.85,0,0,0,1.9459101490553132,1.9459101490553132,11.80775691957522,0.0,9.861891448946936,UNDERGROUND,South,CORROSION
9,4,23,2.1166666666666667,0,0,0,0.18232155679395465,3.681351187693145,12.611541086966115,0.9697732997481108,12.429220196836383,ABOVEGROUND,South,MATERIAL/WELD/EQUIP FAILURE
9,5,9,39.5,0,0,0,0.0,1.791759469228055,10.677061982208688,0.8333333333333334,10.677061982208688,UNDERGROUND,South,CORROSION
9,5,13,0.0,0,0,0,0.3293037471426004,0.3293037471426004,6.928537818164665,0.0,6.599615976539366,,Other/Territory,CORROSION
9,6,23,33.833333333333336,0,0,0,3.044522437723423,3.044522437723423,7.3783837129967145,0.0,4.346276084012253,ABOVEGROUND,South,MATERIAL/WELD/EQUIP FAILURE
9,0,9,7.75,0,0,0,0.0,2.8622008809294686,9.239996256883693,0.9428571428571428,9.239996256883693,ABOVEGROUND,West,OTHER OUTSIDE FORCE DAMAGE
9,0,10,5.0,0,0,0,0.4054651081081644,0.6931471805599453,11.156550476040493,0.25,10.751092508621763,ABOVEGROUND,West,CORROSION
9,1,11,22.25,0,0,0,0.0,4.290459441148391,12.281184756225146,0.9863013698630136,12.281184756225146,UNDERGROUND,West,EXCAVATION DAMAGE
9,2,1,18.083333333333332,0,0,0,0.0,0.18232155679395465,10.7148843265641,0.16666666666666669,10.7148843265641,ABOVEGROUND,Midwest,MATERIAL/WELD/EQUIP FAILURE
9,2,10,0.0,0,0,0,0.0,1.9810014688665833,8.575650760987806,0.8620689655172413,8.575650760987806,ABOVEGROUND,South,INCORRECT OPERATION
10,4,18,20.333333333333332,0,0,0,0.0,1.6094379124341003,9.359449794564023,0.8,9.359449794564023,ABOVEGROUND,South,INCORRECT OPERATION
10,6,10,0.0,0,0,0,0.0,0.32208349916911333,8.014996894348302,0.2753623188405797,8.014996894348302,TANK,South,MATERIAL/WELD/EQUIP FAILURE
10,0,11,0.0,0,0,0,0.0,0.18232155679395465,13.975366645242527,0.16666666666666669,13.975366645242527,TANK,South,INCORRECT OPERATION
10,1,21,6.35,0,0,0,0.0,0.18232155679395465,9.306922469822426,0.16666666666666669,9.306922469822426,ABOVEGROUND,West,MATERIAL/WELD/EQUIP FAILURE
10,2,9,0.0,0,0,0,0.8671004876833833,1.2178757094949273,11.80170693286531,0.2958579881656805,10.934616783755994,ABOVEGROUND,South,MATERIAL/WELD/EQUIP FAILURE
10,2,14,0.0,0,0,0,0.0,0.13976194237515868,4.04305126783455,0.13043478260869565,4.04305126783455,TANK,West,MATERIAL/WELD/EQUIP FAILURE
10,2,16,19.916666666666668,0,0,0,0.4054651081081644,2.1972245773362196,6.018593214496234,0.8333333333333334,5.61434391200896,UNDERGROUND,West,EXCAVATION DAMAGE
10,3,17,92.66666666666667,0,0,0,1.791759469228055,1.791759469228055,3.713572066704308,0.0,2.03688192726104,ABOVEGROUND,Northeast,INCORRECT OPERATION
10,4,7,4.583333333333333,0,0,0,0.0,1.6094379124341003,7.7664168980196555,0.8,7.7664168980196555,ABOVEGROUND,South,CORROSION
10,5,10,9.333333333333334,0,0,0,0.0,2.772588722239781,8.37816098272068,0.9375,8.37816098272068,UNDERGROUND,South,EXCAVATION DAMAGE
10,6,1,0.0,0,0,0,0.0,0.11332868530700317,6.698268054115413,0.10714285714285712,6.698268054115413,TANK,West,CORROSION
10,6,12,0.7166666666666667,0,0,0,0.0,0.4054651081081644,8.688790784847216,0.3333333333333333,8.688790784847216,ABOVEGROUND,West,MATERIAL/WELD/EQUIP FAILURE
10,0,2,39.333333333333336,0,0,0,1.0986122886681098,3.332204510175204,12.835033243015083,0.8928571428571429,11.73642628578942,ABOVEGROUND,Midwest,MATERIAL/WELD/EQUIP FAILURE
10,0,9,0.0,0,0,0,0.6931471805599453,0.6931471805599453,7.714677473800927,0.0,7.02197642307216,UNDERGROUND,West,CORROSION
10,0,11,52.18333333333333,0,0,0,2.1972245773362196,2.8903717578961645,12.071357695635129,0.5,9.874178885674787,UNDERGROUND,South,CORROSION
10,1,10,0.0,0,0,0,0.0,0.4700036292457355,8.522578663692576,0.37499999999999994,8.522578663692576,UNDERGROUND,South,EXCAVATION DAMAGE
10,1,20,0.0,0,0,0,0.0,5.375278407684165,10.776724634932783,0.9953703703703703,10.776724634932783,TANK,Northeast,INCORRECT OPERATION
10,3,7,11.2,0,0,0,2.3978952727983707,2.3978952727983707,11.7246844574178,0.0,9.326870097314675,ABOVEGROUND,South,CORROSION
10,3,16,0.0,0,0,0,0.18232155679395465,0.18232155679395465,12.624786269856633,0.0,12.442465370955034,TANK,Northeast,MATERIAL/WELD/EQUIP FAILURE
10,3,16,0.0,0,0,0,0.18232155679395465,0.18232155679395465,12.834683971615659,0.0,12.652362948153474,TANK,Northeast,MATERIAL/WELD/EQUIP FAILURE
10,3,16,25.233333333333334,0,0,0,0.0,0.3435897043900769,10.770272864506444,0.2907801418439716,10.770272864506444,UNDERGROUND,South,MATERIAL/WELD/EQUIP FAILURE
10,4,12,0.0,0,0,0,0.0,0.6931471805599453,10.376268571262472,0.5,10.376268571262472,UNDERGROUND,South,CORROSION
10,4,14,25.783333333333335,0,0,0,2.5649493574615367,3.2188758248682006,12.9872329927875,0.48,10.422311107413181,UNDERGROUND,Midwest,EXCAVATION DAMAGE
10,0,5,0.0,0,0,0,1.0986122886681098,1.0986122886681098,9.634365505605258,0.0,8.535884089859726,ABOVEGROUND,South,MATERIAL/WELD/EQUIP FAILURE
10,0,10,0.0,0,0,0,0.04879016416943201,0.04879016416943201,11.995363959817325,0.0,11.946574104286011,ABOVEGROUND,South,MATERIAL/WELD/EQUIP FAILURE
10,1,7,0.0,0,0,0,0.0,0.636576829071551,10.149409690739677,0.4708994708994709,10.149409690739677,ABOVEGROUND,South,MATERIAL/WELD/EQUIP FAILURE
10,2,9,0.0,0,0,0,0.0,2.681021528714291,11.798111925972618,0.9315068493150684,11.798111925972618,ABOVEGROUND,South,MATERIAL/WELD/EQUIP FAILURE
10,2,9,32.55,0,0,0,0.0,0.20701416938432612,10.742486788680049,0.1869918699186992,10.742486788680049,UNDERGROUND,Midwest,CORROSION
10,3,6,32.416666666666664,0,0,0,0.0,4.61512051684126,12.7777920313617,0.9900990099009901,12.7777920313617,UNDERGROUND,South,CORROSION
10,3,10,0.0,0,0,0,0.4054651081081644,0.4054651081081644,4.2626798770413155,0.0,3.8642323415917974,ABOVEGROUND,South,MATERIAL/WELD/EQUIP FAILURE
10,3,11,21.75,0,0,0,0.0,4.61512051684126,11.22681548945956,0.9900990099009901,11.22681548945956,UNDERGROUND,South,CORROSION
10,4,11,0.0,0,0,0,1.791759469228055,6.259581464064923,11.580593459194764,0.988527724665392,9.788880717410212,UNDERGROUND,South,CORROSION
10,4,19,67.81666666666666,0,0,0,0.0,0.9932517730102833,9.90098442231801,0.6296296296296295,9.90098442231801,ABOVEGROUND,South,MATERIAL/WELD/EQUIP FAILURE
10,5,6,15.166666666666666,0,0,0,0.0,3.713572066704308,9.88078171500049,0.975609756097561,9.88078171500049,TANK,South,INCORRECT OPERATION
10,0,9,0.0,0,0,0,3.044522437723423,6.970730078143525,14.389784671499442,0.9802816901408451,11.34527349598214,TANK,South,NATURAL FORCE DAMAGE
10,0,12,0.0,0,0,0,0.0,0.4054651081081644,9.692828247710418,0.3333333333333333,9.692828247710418,TANK,South,ALL OTHER CAUSES
10,1,12,0.0,0,0,0,0.0,2.70805020110221,10.75062111371267,0.9333333333333333,10.75062111371267,UNDERGROUND,South,CORROSION
10,1,14,3.3,0,0,0,0.0,0.4054651081081644,8.006700845440367,0.3333333333333333,8.006700845440367,UNDERGROUND,South,CORROSION
10,1,16,0.0,0,0,0,0.0,3.828641396489095,9.671050954310326,0.9782608695652174,9.671050954310326,TANK,South,MATERIAL/WELD/EQUIP FAILURE
10,2,13,1078.2666666666667,0,0,0,1.3862943611198906,1.791759469228055,12.523933473643726,0.3333333333333333,11.137650028025122,UNDERGROUND,South,CORROSION
10,2,15,2.35,0,0,0,0.30010459245033805,0.30010459245033805,8.756367559802975,0.0,8.456318075265754,ABOVEGROUND,West,MATERIAL/WELD/EQUIP FAILURE
10,3,5,0.0,0,0,0,0.0,0.25464221837358075,8.79497643168877,0.22480620155038758,8.79497643168877,ABOVEGROUND,South,INCORRECT OPERATION
10,3,10,21.0,0,0,0,1.6094379124341003,2.302585092994046,6.966967138613983,0.5,5.3612921657094255,TRANSITION AREA,West,CORROSION
10,3,11,0.0,0,0,0,0.0,0.3074846997479606,6.90875477931522,0.2647058823529412,6.90875477931522,UNDERGROUND,South,MATERIAL/WELD/EQUIP FAILURE
10,4,10,0.0,0,0,0,1.6094379124341003,1.6094379124341003,6.634633357861686,0.0,5.030437921392435,UNDERGROUND,West,CORROSION
10,4,11,0.0,0,0,0,1.6094379124341003,3.044522437723423,10.76111049674444,0.7619047619047619,9.151757414543885,UNDERGROUND,West,CORROSION
11,6,1,2.15,0,0,0,2.995732273553991,3.2188758248682006,9.942756341456828,0.2,6.947937068614969,ABOVEGROUND,South,MATERIAL/WELD/EQUIP FAILURE
11,6,8,11.666666666666666,0,0,0,3.6635616461296463,4.59511985013459,10.05573642507379,0.6060606060606061,6.39380512081891,UNDERGROUND,South,CORROSION
11,0,7,8.666666666666666,0,0,0,0.0,4.204394067366058,12.051609416864615,0.9850701702000597,12.051609416864615,UNDERGROUND,South,CORROSION
11,0,9,0.0,0,0,0,2.3978952727983707,3.044522437723423,9.556480013999533,0.47619047619047616,7.1592919047975645,UNDERGROUND,West,CORROSION
11,0,10,0.0,0,0,0,0.0,0.26236426446749106,9.852773037991627,0.23076923076923075,9.852773037991627,ABOVEGROUND,South,MATERIAL/WELD/EQUIP FAILURE
11,1,10,0.75,0,0,0,3.2188758248682006,3.2188758248682006,6.306275286948016,0.0,3.130263166511597,ABOVEGROUND,South,MATERIAL/WELD/EQUIP FAILURE
11,1,11,17.916666666666668,0,0,0,1.9459101490553132,1.9459101490553132,9.210440366976517,0.0,7.265129978035143,UNDERGROUND,South,CORROSION
11,1,15,0.3333333333333333,0,0,0,0.0,0.11332868530700317,6.398594934535208,0.10714285714285712,6.398594934535208,ABOVEGROUND,Northeast,MATERIAL/WELD/EQUIP FAILURE
11,1,23,27.766666666666666,0,0,0,0.0,1.2237754316221157,9.878426121940757,0.7058823529411765,9.878426121940757,UNDERGROUND,West,MATERIAL/WELD/EQUIP FAILURE
11,2,11,23.066666666666666,0,0,0,0.18232155679395465,0.18232155679395465,10.224882408848067,0.0,10.042568103396517,UNDERGROUND,West,MATERIAL/WELD/EQUIP FAILURE
11,2,16,0.0,0,0,0,0.0,1.0986122886681098,9.210440366976517,0.6666666666666666,9.210440366976517,ABOVEGROUND,West,INCORRECT OPERATION
11,2,23,16.75,0,0,0,3.4339872044851463,3.58351893845611,9.242807562113684,0.1388888888888889,5.811720311328328,ABOVEGROUND,South,NATURAL FORCE DAMAGE
11,3,17,0.0,0,0,0,0.0,0.009950330853168083,12.190761018578423,0.009900990099009901,12.190761018578423,ABOVEGROUND,South,MATERIAL/WELD/EQUIP FAILURE
11,3,17,46.21666666666667,0,0,0,3.9512437185814275,6.450470422144176,13.053283359263075,0.9178515007898894,9.102148929947944,UNDERGROUND,South,EXCAVATION DAMAGE
11,3,18,0.0,0,0,0,0.09531017980432487,0.09531017980432487,6.910750787961936,0.0,6.815540304085115,ABOVEGROUND,South,INCORRECT OPERATION
11,4,3,0.0,0,0,0,0.0,0.4054651081081644,7.048386408721883,0.3333333333333333,7.048386408721883,UNDERGROUND,South,MATERIAL/WELD/EQUIP FAILURE
11,4,13,405.4166666666667,0,0,0,0.18232155679395465,0.18232155679395465,10.224882408848067,0.0,10.042568103396517,UNDERGROUND,West,MATERIAL/WELD/EQUIP FAILURE
11,5,12,0.0,0,0,0,0.18232155679395465,0.18232155679395465,10.224882408848067,0.0,10.042568103396517,UNDERGROUND,West,MATERIAL/WELD/EQUIP FAILURE
11,0,8,0.0,0,0,0,0.0,0.009950330853168083,12.73603008341219,0.009900990099009901,12.73603008341219,UNDERGROUND,Midwest,MATERIAL/WELD/EQUIP FAILURE
11,0,15,70.33333333333333,0,0,0,0.0,2.468099531471619,12.439910805109836,0.9152542372881356,12.439910805109836,UNDERGROUND,Midwest,EXCAVATION DAMAGE
11,1,6,28.0,0,0,0,0.019802627296179712,0.019802627296179712,12.442333783869854,0.0,12.422531235531117,,Other/Territory,CORROSION
11,1,14,0.0,0,0,0,0.0,0.9162907318741551,8.20685642839965,0.6,8.20685642839965,ABOVEGROUND,South,MATERIAL/WELD/EQUIP FAILURE
11,1,16,0.0,0,0,0,0.6931471805599453,0.6931471805599453,11.127880440551628,0.0,10.4347479566886,ABOVEGROUND,South,INCORRECT OPERATION
11,2,9,0.0,0,0,0,1.791759469228055,3.4339872044851463,8.732465848349879,0.8064516129032258,6.94151237578027,TANK,South,MATERIAL/WELD/EQUIP FAILURE
11,2,12,0.0,0,0,0,0.18232155679395465,0.18232155679395465,10.224882408848067,0.0,10.042568103396517,UNDERGROUND,West,MATERIAL/WELD/EQUIP FAILURE
11,2,21,5.0,0,0,0,0.0,0.18232155679395465,8.989194823324645,0.16666666666666669,8.989194823324645,ABOVEGROUND,Midwest,MATERIAL/WELD/EQUIP FAILURE
11,3,13,0.0,0,0,0,0.0,1.791759469228055,9.210440366976517,0.8333333333333334,9.210440366976517,TANK,South,INCORRECT OPERATION
11,5,7,6.25,0,0,0,0.5306282510621704,0.8754687373538999,8.032035314398824,0.2916666666666667,7.501634457883413,ABOVEGROUND,South,INCORRECT OPERATION
11,0,21,0.0,0,0,0,0.0,0.2468600779315258,8.351610750626559,0.21875000000000003,8.351610750626559,UNDERGROUND,South,MATERIAL/WELD/EQUIP FAILURE
11,1,11,414.48333333333335,0,0,0,5.3981627015177525,5.3981627015177525,14.407688124289352,0.0,9.009647102101363,,South,NATURAL FORCE DAMAGE
11,1,17,49.833333333333336,0,0,0,0.3852624007906449,3.9976500913955832,10.877160006648388,0.9730126675234074,10.49190648161387,UNDERGROUND,South,INCORRECT OPERATION
11,2,8,0.0,0,0,0,0.6931471805599453,1.0986122886681098,10.711858942190789,0.3333333333333333,10.018734040540515,UNDERGROUND,South,CORROSION
11,2,13,0.0,0,0,0,1.0986122886681098,1.0986122886681098,9.39897529082673,0.0,8.300528606199737,ABOVEGROUND,South,MATERIAL/WELD/EQUIP FAILURE
11,4,9,0.0,0,0,0,7.074963197966044,7.074963197966044,7.946617563244473,0.0,1.220834912670101,ABOVEGROUND,South,MATERIAL/WELD/EQUIP FAILURE
11,5,7,2.5,0,0,0,0.0,3.713572066704308,10.320387038269956,0.975609756097561,10.320387038269956,TANK,Midwest,MATERIAL/WELD/EQUIP FAILURE
11,0,10,8.333333333333334,0,0,0,0.0,1.545432582458188,11.88663155212989,0.7867803837953092,11.88663155212989,UNDERGROUND,South,MATERIAL/WELD/EQUIP FAILURE
11,2,23,0.0,0,0,0,0.0,0.6931471805599453,9.513477398982824,0.5,9.513477398982824,ABOVEGROUND,South,MATERIAL/WELD/EQUIP FAILURE
11,4,7,0.0,0,0,0,0.0,6.683360945766275,12.91097051552278,0.9987484355444305,12.91097051552278,ABOVEGROUND,South,MATERIAL/WELD/EQUIP FAILURE
11,0,11,0.0,0,0,0,2.70805020110221,5.420534999272286,10.718874489469398,0.9336283185840708,8.01113396807237,UNDERGROUND,South,CORROSION
12,1,7,1.0,0,0,0,1.6094379124341003,2.995732273553991,9.539716058977092,0.75,7.930565854233965,ABOVEGROUND,South,MATERIAL/WELD/EQUIP FAILURE
12,1,9,0.0,0,0,0,0.0,0.76080582903376,10.597659208142261,0.5327102803738318,10.597659208142261,ABOVEGROUND,Midwest,INCORRECT OPERATION
12,1,22,14.833333333333334,0,0,0,0.0,6.90875477931522,12.584163131005575,0.999000999000999,12.584163131005575,UNDERGROUND,South,CORROSION
12,2,13,0.0,0,0,0,0.0,0.09531017980432487,8.520388082312756,0.09090909090909091,8.520388082312756,ABOVEGROUND,South,MATERIAL/WELD/EQUIP FAILURE
12,3,10,0.0,0,0,0,6.095824562432225,6.095824562432225,10.821017516245234,0.0,4.7340030578310595,ABOVEGROUND,South,OTHER OUTSIDE FORCE DAMAGE
12,4,7,19.133333333333333,0,0,0,0.0,0.5596157879354227,7.877017895622398,0.42857142857142855,7.877017895622398,ABOVEGROUND,South,MATERIAL/WELD/EQUIP FAILURE
12,1,1,56.36666666666667,0,0,0,0.6931471805599453,5.356586274672012,13.172487889031334,0.9905660377358491,12.479342610691566,UNDERGROUND,West,EXCAVATION DAMAGE
12,3,9,9.416666666666666,0,0,0,0.0,1.780024213009634,10.308985993422082,0.8313659359190556,10.308985993422082,ABOVEGROUND,West,INCORRECT OPERATION
12,4,10,2.0,0,0,0,0.0,0.9162907318741551,9.11007795003779,0.6,9.11007795003779,UNDERGROUND,West,CORROSION
12,0,13,8.75,0,0,0,0.0,2.3978952727983707,10.069044362997353,0.9090909090909091,10.069044362997353,ABOVEGROUND,South,CORROSION
12,0,22,0.0,0,0,0,0.0,0.4054651081081644,7.8343923029104365,0.3333333333333333,7.8343923029104365,ABOVEGROUND,South,MATERIAL/WELD/EQUIP FAILURE
12,1,17,0.0,0,0,0,0.3852624007906449,0.6678293725756554,12.230916466200222,0.24615384615384614,11.84565635774323,ABOVEGROUND,West,INCORRECT OPERATION
12,2,11,25.75,0,0,0,3.091042453358316,3.091042453358316,9.363576347875041,0.0,6.274333920717399,UNDERGROUND,South,MATERIAL/WELD/EQUIP FAILURE
12,3,13,61.5,0,0,0,0.019802627296179712,0.019802627296179712,11.856188874997338,0.0,11.836386389591409,UNDERGROUND,South,CORROSION
12,4,7,6.416666666666667,0,0,0,0.0,1.0986122886681098,9.190137664658664,0.6666666666666666,9.190137664658664,TANK,South,CORROSION
12,0,14,0.0,0,0,0,0.0,2.3758355547336385,13.017387232311115,0.9070631970260223,13.017387232311115,UNDERGROUND,South,CORROSION
12,2,20,0.0,0,0,0,2.1972245773362196,2.3978952727983707,12.158462035413251,0.18181818181818182,9.96127940768507,TANK,Midwest,ALL OTHER CAUSES
12,3,15,0.0,0,0,0,0.5877866649021191,0.5877866649021191,6.2422232654551655,0.0,5.655991810819852,ABOVEGROUND,South,MATERIAL/WELD/EQUIP FAILURE
12,4,10,8.616666666666667,0,0,0,0.0,1.3862943611198906,9.499346567390095,0.75,9.499346567390095,ABOVEGROUND,South,MATERIAL/WELD/EQUIP FAILURE
1,4,11,23.25,0,0,0,0.30010459245033805,0.4637340162321401,10.034559673629849,0.1509433962264151,9.734470431265636,UNDERGROUND,South,CORROSION
1,6,18,42.833333333333336,0,0,0,5.5254529391317835,7.523481312573497,13.02132904585825,0.864397622906537,7.496429111102658,ABOVEGROUND,South,OTHER OUTSIDE FORCE DAMAGE
1,0,12,0.0,0,0,0,0.30010459245033805,0.30010459245033805,4.709530201312334,0.0,4.412573801253038,ABOVEGROUND,South,MATERIAL/WELD/EQUIP FAILURE
1,0,13,0.0,0,0,0,0.0,1.0296194171811583,11.356189780228181,0.6428571428571429,11.356189780228181,ABOVEGROUND,Midwest,INCORRECT OPERATION
1,1,8,0.0,0,0,0,0.0,0.7275486072772778,12.181247024094517,0.5169082125603864,12.181247024094517,TANK,South,MATERIAL/WELD/EQUIP FAILURE
1,4,5,5.583333333333333,0,0,0,0.0,1.6094379124341003,8.987321812850125,0.8,8.987321812850125,TANK,South,INCORRECT OPERATION
1,4,6,74.55,0,0,0,0.0,5.303304908059076,10.040026916674956,0.9950248756218906,10.040026916674956,TANK,South,MATERIAL/WELD/EQUIP FAILURE
1,4,8,42.9,0,0,0,7.949797216161852,7.956651975404314,15.250595321348806,0.006831318970047294,7.301472639381708,UNDERGROUND,South,MATERIAL/WELD/EQUIP FAILURE
1,4,14,0.0,0,0,0,0.0,2.3978952727983707,10.687411927154141,0.9090909090909091,10.687411927154141,ABOVEGROUND,South,CORROSION
1,0,11,18.75,0,0,0,4.948759890378168,4.948759890378168,10.822993111312226,0.0,5.8770203462277495,ABOVEGROUND,Midwest,MATERIAL/WELD/EQUIP FAILURE
1,1,3,12.666666666666666,0,0,0,0.6931471805599453,2.4849066497880004,10.043292972227004,0.8333333333333334,9.350189267092581,ABOVEGROUND,South,MATERIAL/WELD/EQUIP FAILURE
1,1,10,20.25,0,0,0,0.009950330853168083,0.27002713721306015,10.1668897397139,0.22900763358778625,10.156939793077049,ABOVEGROUND,Northeast,MATERIAL/WELD/EQUIP FAILURE
1,1,11,64.1,0,0,0,0.18232155679395465,0.18232155679395465,2.70805020110221,0.0,2.538973871058276,ABOVEGROUND,South,MATERIAL/WELD/EQUIP FAILURE
1,2,6,5.5,0,0,0,0.0,1.0986122886681098,8.177796683277778,0.6666666666666666,8.177796683277778,ABOVEGROUND,West,MATERIAL/WELD/EQUIP FAILURE
1,2,9,5.166666666666667,0,0,0,0.0,0.4054651081081644,7.323830566202317,0.3333333333333333,7.323830566202317,ABOVEGROUND,West,INCORRECT OPERATION
1,2,13,0.0,0,0,0,0.0,0.6931471805599453,9.928765359720396,0.5,9.928765359720396,ABOVEGROUND,South,CORROSION
1,4,4,334.56666666666666,0,0,0,5.0106352940962555,5.135798437050262,13.240715140193661,0.11764705882352941,8.230344549342632,UNDERGROUND,Midwest,MATERIAL/WELD/EQUIP FAILURE
1,4,17,4.25,0,0,0,0.7419373447293773,0.7419373447293773,7.0909098220799835,0.0,6.349887961580832,ABOVEGROUND,West,NATURAL FORCE DAMAGE
1,4,19,41.5,0,0,0,0.2151113796169455,0.2151113796169455,11.644400995758268,0.0,11.42929172046086,ABOVEGROUND,West,MATERIAL/WELD/EQUIP FAILURE
1,6,14,0.0,0,0,0,5.768320995793772,6.253828811575473,11.263219742028738,0.38461538461538464,5.498985221097062,ABOVEGROUND,Northeast,CORROSION
1,0,10,1.75,0,0,0,0.0,0.3920420877760237,6.2166061010848646,0.32432432432432434,6.2166061010848646,ABOVEGROUND,West,MATERIAL/WELD/EQUIP FAILURE
1,1,15,2.566666666666667,0,0,0,0.0,0.6931471805599453,8.926783114101351,0.5,8.926783114101351,ABOVEGROUND,Midwest,MATERIAL/WELD/EQUIP FAILURE
1,2,7,0.0,0,0,0,0.0,0.8754687373538999,9.519074291124575,0.5833333333333334,9.519074291124575,ABOVEGROUND,Northeast,NATURAL FORCE DAMAGE
1,2,8,0.0,0,0,0,0.6151856390902335,0.9555114450274363,9.359363643368622,0.28846153846153844,8.744251233267624,ABOVEGROUND,Midwest,MATERIAL/WELD/EQUIP FAILURE
1,3,15,0.0,0,0,0,0.6931471805599453,0.6931471805599453,5.303304908059076,0.0,4.61512051684126,ABOVEGROUND,South,MATERIAL/WELD/EQUIP FAILURE
1,4,9,430.5,0,0,0,0.0,0.6931471805599453,10.025749432069084,0.5,10.025749432069084,ABOVEGROUND,Midwest,MATERIAL/WELD/EQUIP FAILURE
1,4,15,0.0,0,0,0,0.6931471805599453,6.186208623900494,13.907013499425645,0.9958847736625515,13.213867231423915,UNDERGROUND,South,CORROSION
1,4,16,33.4,0,0,0,0.019802627296179712,0.019802627296179712,11.229952288246182,0.0,11.21014992636388,UNDERGROUND,South,CORROSION
1,4,17,2.7,0,0,0,0.0,1.3001916620664788,10.098272780745283,0.7275204359673024,10.098272780745283,ABOVEGROUND,South,CORROSION
1,5,7,0.0,0,0,0,0.0,0.6931471805599453,10.127670563425001,0.5,10.127670563425001,TANK,South,OTHER OUTSIDE FORCE DAMAGE
1,5,10,0.0,0,0,0,3.044522437723423,5.198497031265826,13.509554529203218,0.8839779005524862,10.465059249562925,UNDERGROUND,South,CORROSION
1,1,8,0.0,0,0,0,0.0,1.33500106673234,8.57376254290413,0.7368421052631579,8.57376254290413,ABOVEGROUND,South,INCORRECT OPERATION
1,1,8,0.0,0,0,0,3.9889840465642745,6.280395838960195,11.913867023906258,0.898876404494382,7.925237849641899,TANK,Midwest,MATERIAL/WELD/EQUIP FAILURE
1,1,10,0.0,0,0,0,0.0,2.4849066497880004,12.08589737576211,0.9166666666666666,12.08589737576211,TANK,South,MATERIAL/WELD/EQUIP FAILURE
1,2,14,0.0,0,0,0,0.0,2.4849066497880004,10.83370091325064,0.9166666666666666,10.83370091325064,ABOVEGROUND,South,MATERIAL/WELD/EQUIP FAILURE
1,2,14,11.65,0,0,0,0.0,3.139832617527748,9.61587214452889,0.9567099567099567,9.61587214452889,ABOVEGROUND,Midwest,MATERIAL/WELD/EQUIP FAILURE
1,3,8,0.0,0,0,0,0.0,0.09531017980432487,9.616272037895989,0.09090909090909091,9.616272037895989,UNDERGROUND,South,MATERIAL/WELD/EQUIP FAILURE
1,3,21,259.0,0,0,0,0.0,3.044522437723423,10.328787967145063,0.9523809523809523,10.328787967145063,ABOVEGROUND,South,ALL OTHER CAUSES
1,4,10,0.0,0,0,0,0.0,0.3074846997479606,7.62608275807238,0.2647058823529412,7.62608275807238,ABOVEGROUND,West,CORROSION
1,4,10,0.0,0,0,0,0.0,0.7030975114131134,9.158099260130491,0.504950495049505,9.158099260130491,TANK,South,MATERIAL/WELD/EQUIP FAILURE
1,4,14,0.0,0,0,0,0.0,0.4637340162321401,11.22545670309946,0.37106918238993714,11.22545670309946,ABOVEGROUND,Midwest,CORROSION
1,5,8,19.916666666666668,0,0,0,0.11332868530700317,1.3912819026309298,13.494342020090386,0.7213930348258707,13.38101350023192,UNDERGROUND,South,MATERIAL/WELD/EQUIP FAILURE
1,6,13,2.0833333333333335,0,0,0,0.0,0.009950330853168083,7.497207223203318,0.009900990099009901,7.497207223203318,ABOVEGROUND,West,MATERIAL/WELD/EQUIP FAILURE
2,0,11,0.0,0,0,0,0.0,4.653960350157523,10.032979547768882,0.9904761904761905,10.032979547768882,UNDERGROUND,Midwest,ALL OTHER CAUSES
2,2,8,0.0,0,0,0,1.5040773967762742,1.6094379124341003,10.656129304881713,0.1,9.152134350763673,UNDERGROUND,South,CORROSION
2,2,18,17.75,0,0,0,0.0,0.7884573603642702,9.61587214452889,0.5454545454545454,9.61587214452889,ABOVEGROUND,Midwest,MATERIAL/WELD/EQUIP FAILURE
2,6,8,0.0,0,0,0,0.0,5.707110264748875,10.670837343628586,0.9966777408637874,10.670837343628586,TANK,South,CORROSION
2,6,8,0.0,0,0,0,2.3978952727983707,4.394449154672439,8.299285906897275,0.8641975308641975,5.903874490318795,ABOVEGROUND,West,MATERIAL/WELD/EQUIP FAILURE
2,0,14,25.75,0,0,0,0.0,0.4054651081081644,8.298041661371565,0.3333333333333333,8.298041661371565,ABOVEGROUND,West,CORROSION
2,0,19,1.3333333333333333,0,0,0,0.0,0.6931471805599453,9.162304922937626,0.5,9.162304922937626,ABOVEGROUND,South,INCORRECT OPERATION
2,2,8,0.0,0,0,0,0.0,0.9162907318741551,7.048386408721883,0.6,7.048386408721883,ABOVEGROUND,South,MATERIAL/WELD/EQUIP FAILURE
2,2,13,285.5833333333333,0,0,0,0.0,4.248495242049359,11.490199167913751,0.9857142857142858,11.490199167913751,UNDERGROUND,Midwest,INCORRECT OPERATION
2,3,8,0.0,0,0,0,0.09531017980432487,0.09531017980432487,13.062235382248456,0.0,12.966925414838602,TANK,South,MATERIAL/WELD/EQUIP FAILURE
2,3,9,102.8,0,0,0,2.772588722239781,3.044522437723423,12.816492894107684,0.23809523809523808,10.043944905231385,UNDERGROUND,South,CORROSION
2,3,19,0.0,0,0,0,4.110873864173311,4.61512051684126,12.144202560946876,0.39603960396039606,8.033647793095495,ABOVEGROUND,West,INCORRECT OPERATION
2,4,8,0.0,0,0,0,0.0,2.1972245773362196,8.895766604056085,0.8888888888888888,8.895766604056085,ABOVEGROUND,South,INCORRECT OPERATION
2,4,13,52.266666666666666,0,0,0,0.25464221837358075,0.25464221837358075,8.317033476492403,0.0,8.062462108284189,UNDERGROUND,Midwest,MATERIAL/WELD/EQUIP FAILURE
2,4,19,6.833333333333333,0,0,0,2.70805020110221,3.5553480614894135,9.38437770918244,0.5714285714285714,6.677503188430633,ABOVEGROUND,South,MATERIAL/WELD/EQUIP FAILURE
2,6,8,0.0,0,0,0,0.0,5.030437921392435,12.140472227446224,0.9934640522875817,12.140472227446224,TANK,South,MATERIAL/WELD/EQUIP FAILURE
2,6,9,6.633333333333334,0,0,0,3.044522437723423,5.278114659230517,10.758349589413635,0.8928571428571429,7.714252403126528,ABOVEGROUND,South,CORROSION
2,1,6,6273.133333333333,0,0,0,0.0,5.521460917862246,13.903486636146706,0.996,13.903486636146706,UNDERGROUND,Northeast,CORROSION
2,1,12,531.4,0,0,0,3.4339872044851463,5.802118375377063,14.419857125442295,0.9063444108761329,10.985886313763768,ABOVEGROUND,South,NATURAL FORCE DAMAGE
2,1,14,0.0,0,0,0,0.0,3.4657359027997265,12.22155713956455,0.96875,12.22155713956455,TANK,Midwest,NATURAL FORCE DAMAGE
2,1,17,37.916666666666664,0,0,0,0.0,2.772588722239781,10.032364379457015,0.9375,10.032364379457015,UNDERGROUND,Midwest,CORROSION
2,2,10,7.55,0,0,0,0.0,0.4054651081081644,9.260082463870997,0.3333333333333333,9.260082463870997,ABOVEGROUND,Midwest,MATERIAL/WELD/EQUIP FAILURE
2,2,23,0.0,0,0,0,0.0,0.0,11.849404844423074,0.0,11.849404844423074,TANK,South,INCORRECT OPERATION
2,3,19,0.0,0,0,0,0.09531017980432487,0.09531017980432487,0.6931471805599453,0.0,0.6466271649250525,UNDERGROUND,South,INCORRECT OPERATION
2,4,9,9.0,0,0,0,0.0,0.5877866649021191,8.699681400989514,0.4444444444444445,8.699681400989514,ABOVEGROUND,Northeast,MATERIAL/WELD/EQUIP FAILURE
2,5,13,0.0,0,0,0,0.0,0.4700036292457355,9.268703615273097,0.37499999999999994,9.268703615273097,ABOVEGROUND,Northeast,MATERIAL/WELD/EQUIP FAILURE
2,0,7,0.0,0,0,0,0.0,0.18232155679395465,9.260653185849772,0.16666666666666669,9.260653185849772,TANK,South,MATERIAL/WELD/EQUIP FAILURE
2,0,11,0.0,0,0,0,0.0,0.18232155679395465,10.043292972227004,0.16666666666666669,10.043292972227004,UNDERGROUND,South,CORROSION
2,0,12,0.0,0,0,0,4.0943445622221,5.886104031450156,14.785330303142883,0.8333333333333334,10.691008110601752,UNDERGROUND,Northeast,MATERIAL/WELD/EQUIP FAILURE
2,0,16,0.2833333333333333,0,0,0,5.4116460518550396,5.4116460518550396,9.156517565278676,0.0,3.768132014538503,ABOVEGROUND,West,MATERIAL/WELD/EQUIP FAILURE
2,1,1,94.75,0,0,0,0.49469624183610705,1.7509374747078,12.349843931041129,0.7152777777777778,11.855150460675778,ABOVEGROUND,Northeast,MATERIAL/WELD/EQUIP FAILURE
2,1,20,348.3666666666667,0,0,0,3.258096538021482,5.017279836814924,13.93866757234024,0.8278145695364238,10.68059313719527,ABOVEGROUND,Midwest,MATERIAL/WELD/EQUIP FAILURE
2,2,3,133.1,1,0,0,8.507344855361422,8.507344855361422,13.294400564226928,0.0,4.79535644607094,UNDERGROUND,South,MATERIAL/WELD/EQUIP FAILURE
2,2,10,0.0,0,0,0,0.0,0.0,11.552155793461898,0.0,11.552155793461898,TANK,Northeast,CORROSION
2,2,10,0.0,0,0,0,0.0,0.0,11.552155793461898,0.0,11.552155793461898,TANK,Northeast,CORROSION
2,2,14,48.833333333333336,0,0,0,0.0,5.476463551931511,10.41574215482581,0.99581589958159,10.41574215482581,UNDERGROUND,Midwest,CORROSION
2,4,18,0.0,0,0,0,0.23901690047049992,0.23901690047049992,8.51959031601596,0.0,8.28062728480478,UNDERGROUND,Midwest,MATERIAL/WELD/EQUIP FAILURE
2,6,16,0.0,0,0,0,0.0,3.4339872044851463,8.81001204797317,0.967741935483871,8.81001204797317,ABOVEGROUND,West,INCORRECT OPERATION
2,0,14,27.583333333333332,0,0,0,0.0,2.688527534613346,13.649873832009892,0.9320190346702923,13.649873832009892,UNDERGROUND,South,MATERIAL/WELD/EQUIP FAILURE
2,0,20,0.0,0,0,0,0.18232155679395465,0.18232155679395465,6.220590170099739,0.0,6.038666148592276,ABOVEGROUND,South,MATERIAL/WELD/EQUIP FAILURE
3,3,9,2.716666666666667,0,0,0,0.2151113796169455,0.2151113796169455,8.886132618174951,0.0,8.671054428437309,ABOVEGROUND,South,MATERIAL/WELD/EQUIP FAILURE
3,5,10,0.0,0,0,0,0.0,0.20701416938432612,9.729193687429403,0.1869918699186992,9.729193687429403,ABOVEGROUND,Northeast,MATERIAL/WELD/EQUIP FAILURE
3,6,4,1.4166666666666667,0,0,0,0.18232155679395465,0.18232155679395465,4.330733340286331,0.0,4.151039905898646,ABOVEGROUND,South,MATERIAL/WELD/EQUIP FAILURE
3,0,13,0.25,0,0,0,1.7578579175523736,1.7578579175523736,5.420534999272286,0.0,3.683693617081571,ABOVEGROUND,South,INCORRECT OPERATION
3,1,22,0.0,0,0,0,0.0,0.1310282624064041,13.815511557963774,0.12280701754385964,13.815511557963774,TANK,West,CORROSION
3,2,9,1.3833333333333333,0,0,0,0.0,0.2151113796169455,2.302585092994046,0.1935483870967742,2.302585092994046,ABOVEGROUND,South,MATERIAL/WELD/EQUIP FAILURE
3,3,17,22.9,0,0,0,1.0986122886681098,1.0986122886681098,11.017119807960624,0.0,9.91854035516242,ABOVEGROUND,Northeast,EXCAVATION DAMAGE
3,3,20,0.0,0,0,0,1.007957920399979,1.007957920399979,8.570923513837204,0.0,7.563295334366179,UNDERGROUND,Midwest,MATERIAL/WELD/EQUIP FAILURE
3,4,8,0.0,0,0,0,0.0,0.3920420877760237,9.392745258631441,0.32432432432432434,9.392745258631441,TANK,South,MATERIAL/WELD/EQUIP FAILURE
3,4,14,0.0,0,0,0,0.31481073984003355,0.31481073984003355,12.206077645517674,0.0,11.89126875566668,UNDERGROUND,South,MATERIAL/WELD/EQUIP FAILURE
3,5,14,0.0,0,0,0,0.0,0.1906203596086497,10.747831053096895,0.17355371900826447,10.747831053096895,ABOVEGROUND,Midwest,CORROSION
3,0,12,0.0,0,0,0,0.0,0.20701416938432612,9.525953709356655,0.1869918699186992,9.525953709356655,ABOVEGROUND,Midwest,MATERIAL/WELD/EQUIP FAILURE
3,2,1,0.0,0,0,0,2.2300144001592104,2.2300144001592104,6.621405651764134,0.0,4.402382556059978,ABOVEGROUND,South,MATERIAL/WELD/EQUIP FAILURE
3,3,8,0.0,0,0,0,0.0,0.9162907318741551,11.117197793767795,0.6,11.117197793767795,UNDERGROUND,South,MATERIAL/WELD/EQUIP FAILURE
3,4,10,4.816666666666666,0,0,0,0.0,5.017279836814924,13.16168216267146,0.9933774834437086,13.16168216267146,ABOVEGROUND,Midwest,OTHER OUTSIDE FORCE DAMAGE
3,6,21,0.0,0,0,0,0.0,0.8501509293696101,9.873079890114703,0.5726495726495727,9.873079890114703,ABOVEGROUND,South,INCORRECT OPERATION
3,0,10,49.916666666666664,0,0,0,0.0,0.49469624183610705,10.044162121818896,0.39024390243902435,10.044162121818896,TANK,West,CORROSION
3,0,19,94.75,1,0,0,0.0,3.044522437723423,13.391336524250132,0.9523809523809523,13.391336524250132,UNDERGROUND,Midwest,MATERIAL/WELD/EQUIP FAILURE
3,1,6,0.0,0,0,0,0.0,0.09531017980432487,0.0,0.09090909090909091,0.0,TANK,South,ALL OTHER CAUSES
3,2,10,0.0,0,0,0,0.0,1.1600209167967532,10.146316077166736,0.6865203761755486,10.146316077166736,UNDERGROUND,West,CORROSION
3,2,11,122.75,0,0,0,0.0,2.3978952727983707,10.416341118636355,0.9090909090909091,10.416341118636355,ABOVEGROUND,South,INCORRECT OPERATION
3,2,19,40.416666666666664,0,0,0,3.4011973816621555,3.4011973816621555,10.316259235826731,0.0,6.9160210233991695,ABOVEGROUND,Northeast,MATERIAL/WELD/EQUIP FAILURE
3,6,8,54.75,0,0,0,4.430816798843313,4.430816798843313,9.770013301136158,0.0,5.343927877800089,UNDERGROUND,South,CORROSION
3,0,8,271.0,0,0,0,0.0,4.127134385045092,11.1447705923684,0.9838709677419355,11.1447705923684,TANK,West,CORROSION
3,0,14,0.0,0,0,0,2.391511302188447,2.3978952727983707,11.372524818667134,0.006363636363636364,8.981127777910695,TANK,Midwest,MATERIAL/WELD/EQUIP FAILURE
3,1,8,0.0,0,0,0,0.0,1.2809338454620642,9.21094019204815,0.7222222222222222,9.21094019204815,UNDERGROUND,South,MATERIAL/WELD/EQUIP FAILURE
3,3,5,0.0,0,0,0,0.6931471805599453,1.9459101490553132,9.061956366209925,0.7142857142857143,8.368925174747135,ABOVEGROUND,West,MATERIAL/WELD/EQUIP FAILURE
3,3,15,0.0,0,0,0,0.0,0.6418538861723948,8.405814603432848,0.4736842105263158,8.405814603432848,ABOVEGROUND,South,MATERIAL/WELD/EQUIP FAILURE
3,3,18,18.266666666666666,0,0,0,6.056784013228625,6.8679744089702925,14.509741650878924,0.5556711758584808,8.453170384269878,ABOVEGROUND,South,MATERIAL/WELD/EQUIP FAILURE
4,5,12,188.16666666666666,0,0,0,0.0,5.993961427306569,16.020299784392762,0.9975062344139651,16.020299784392762,UNDERGROUND,Midwest,MATERIAL/WELD/EQUIP FAILURE
4,0,14,715.95,0,0,0,4.194189897191817,4.194189897191817,10.60080104196549,0.0,6.408235537383027,UNDERGROUND,Midwest,MATERIAL/WELD/EQUIP FAILURE
4,0,15,0.0,0,0,0,0.0,0.2151113796169455,10.463131911491967,0.1935483870967742,10.463131911491967,ABOVEGROUND,Northeast,CORROSION
4,2,9,166.91666666666666,0,0,0,0.0,1.6094379124341003,10.050225108647712,0.8,10.050225108647712,ABOVEGROUND,South,CORROSION
4,6,19,62.25,0,0,0,4.616110126026426,4.616110126026426,9.04793908261736,0.0,4.443535255012518,UNDERGROUND,South,MATERIAL/WELD/EQUIP FAILURE
4,0,22,33.85,0,0,0,0.0,1.1314021114911006,11.736077016252437,0.6774193548387097,11.736077016252437,UNDERGROUND,South,MATERIAL/WELD/EQUIP FAILURE
4,1,8,1.9,0,0,0,0.0,0.8754687373538999,7.696667081526462,0.5833333333333334,7.696667081526462,ABOVEGROUND,South,MATERIAL/WELD/EQUIP FAILURE
4,1,11,24.5,0,0,0,1.791759469228055,3.9318256327243257,11.112462823634855,0.8823529411764706,9.320777977374291,UNDERGROUND,South,CORROSION
4,3,13,0.0,0,0,0,0.0,1.6094379124341003,9.088285725968877,0.8,9.088285725968877,UNDERGROUND,Midwest,CORROSION
4,4,11,0.0,0,0,0,0.0,0.6931471805599453,10.58327083263794,0.5,10.58327083263794,TANK,South,MATERIAL/WELD/EQUIP FAILURE
4,4,18,32.86666666666667,0,0,0,2.259677591982769,2.727199019940971,13.761266598854565,0.3734466971877044,11.501598065098234,UNDERGROUND,South,MATERIAL/WELD/EQUIP FAILURE
4,5,3,1756.1666666666667,0,0,0,6.75110146893676,6.75110146893676,16.066481357687717,0.0,9.315469808305659,ABOVEGROUND,Midwest,NATURAL FORCE DAMAGE
4,5,23,231.5,0,0,0,0.0,2.9444389791664403,12.744671984071065,0.9473684210526315,12.744671984071065,UNDERGROUND,West,CORROSION
4,1,4,0.0,0,0,0,0.0,4.820281565605037,13.269277076198849,0.9919354838709677,13.269277076198849,UNDERGROUND,South,CORROSION
4,1,8,0.0,0,0,0,0.0,5.25227342804663,12.799678457417967,0.9947643979057592,12.799678457417967,ABOVEGROUND,West,INCORRECT OPERATION
4,2,11,20.5,0,0,0,1.0986122886681098,1.9459101490553132,12.793862088206213,0.5714285714285714,11.695255355062795,ABOVEGROUND,South,MATERIAL/WELD/EQUIP FAILURE
4,2,14,8.866666666666667,0,0,0,0.0,0.0,12.901719200051183,0.0,12.901719200051183,TANK,West,MATERIAL/WELD/EQUIP FAILURE
4,2,16,0.0,0,0,0,1.0986122886681098,3.4965075614664802,10.28973586171716,0.9090909090909091,9.1911915309152,TANK,South,MATERIAL/WELD/EQUIP FAILURE
4,3,6,0.0,0,0,0,0.0,3.713572066704308,9.893487720457795,0.975609756097561,9.893487720457795,ABOVEGROUND,South,MATERIAL/WELD/EQUIP FAILURE
4,3,13,0.0,0,0,0,0.0,0.15700374880966475,6.415096959171596,0.1452991452991453,6.415096959171596,ABOVEGROUND,South,INCORRECT OPERATION
4,5,9,94.98333333333333,0,0,0,0.0,1.6094379124341003,10.01332801821566,0.8,10.01332801821566,ABOVEGROUND,South,MATERIAL/WELD/EQUIP FAILURE
4,6,5,247.91666666666666,0,0,0,0.5306282510621704,0.5306282510621704,8.748463629942055,0.0,8.217946466186687,ABOVEGROUND,South,MATERIAL/WELD/EQUIP FAILURE
4,6,23,76.41666666666667,0,0,0,0.0,2.772588722239781,10.188704088048116,0.9375,10.188704088048116,UNDERGROUND,South,CORROSION
4,1,7,1.0,0,0,0,3.884034968887977,3.884034968887977,7.496097345175956,0.0,3.638159724882336,ABOVEGROUND,South,MATERIAL/WELD/EQUIP FAILURE
4,3,10,0.0,0,0,0,2.3978952727983707,5.017279836814924,8.699681400989514,0.9271523178807947,6.303451130240791,ABOVEGROUND,Northeast,OTHER OUTSIDE FORCE DAMAGE
4,3,10,98.98333333333333,0,0,0,0.0,1.6094379124341003,9.69109846411978,0.8,9.69109846411978,UNDERGROUND,Midwest,CORROSION
4,3,14,0.0,0,0,0,0.0,0.09531017980432487,6.580639137284949,0.09090909090909091,6.580639137284949,TANK,South,MATERIAL/WELD/EQUIP FAILURE
5,6,7,0.0,0,0,0,0.0,2.70805020110221,8.853808274977197,0.9333333333333333,8.853808274977197,TANK,South,MATERIAL/WELD/EQUIP FAILURE
5,2,14,29.75,0,0,0,3.3141860046725258,3.9318256327243257,11.552405759813883,0.46078431372549017,8.238474464257717,ABOVEGROUND,South,MATERIAL/WELD/EQUIP FAILURE
5,3,12,50.666666666666664,0,0,0,4.395682961121367,4.522874943261261,12.356649805075568,0.11943539630836049,7.961311299269904,ABOVEGROUND,West,INCORRECT OPERATION
5,3,15,0.4,0,0,0,6.543911845564792,6.543911845564792,9.315150736328528,0.0,2.831858215535127,ABOVEGROUND,South,ALL OTHER CAUSES
5,3,16,6.016666666666667,0,0,0,4.1588830833596715,4.1588830833596715,7.011213987350367,0.0,2.907583886777286,ABOVEGROUND,South,MATERIAL/WELD/EQUIP FAILURE
5,3,19,3137.5,0,0,0,0.0,1.3812818192963463,9.222367752188902,0.7487437185929648,9.222367752188902,UNDERGROUND,West,CORROSION
5,4,14,0.0,0,0,0,0.0,0.3920420877760237,9.310004695089129,0.32432432432432434,9.310004695089129,TANK,Midwest,ALL OTHER CAUSES
5,4,14,17.883333333333333,0,0,0,0.0,0.4700036292457355,8.58185670474196,0.37499999999999994,8.58185670474196,ABOVEGROUND,Midwest,INCORRECT OPERATION
5,4,14,20.65,0,0,0,0.09531017980432487,1.2237754316221157,10.306650011581617,0.676470588235294,10.211343172789384,ABOVEGROUND,Midwest,INCORRECT OPERATION
5,5,7,3.6166666666666667,0,0,0,0.0,0.9082585601768908,10.092826099237977,0.5967741935483871,10.092826099237977,ABOVEGROUND,Midwest,INCORRECT OPERATION
5,6,9,0.0,0,0,0,0.0,3.4657359027997265,11.134238597894669,0.96875,11.134238597894669,TANK,Midwest,MATERIAL/WELD/EQUIP FAILURE
5,0,23,0.8333333333333334,0,0,0,0.1988508587451652,0.6931471805599453,10.31231367277647,0.39,10.113470122731883,ABOVEGROUND,Midwest,MATERIAL/WELD/EQUIP FAILURE
5,1,11,80.08333333333333,0,0,0,0.0,3.6506582412937387,12.833218902830295,0.974025974025974,12.833218902830295,UNDERGROUND,Midwest,CORROSION
5,1,14,0.0,0,0,0,0.0,0.009950330853168083,5.049856007249537,0.009900990099009901,5.049856007249537,TANK,South,INCORRECT OPERATION
5,2,9,0.0,0,0,0,0.0,0.4700036292457355,8.853808274977197,0.37499999999999994,8.853808274977197,TANK,Northeast,MATERIAL/WELD/EQUIP FAILURE
5,3,6,0.0,0,0,0,4.2626798770413155,4.2626798770413155,5.14166355650266,0.0,1.2221170564493395,ABOVEGROUND,West,INCORRECT OPERATION
5,4,12,0.0,0,0,0,0.0,1.916922612182061,11.002116507732017,0.8529411764705882,11.002116507732017,TANK,South,MATERIAL/WELD/EQUIP FAILURE
5,5,12,0.0,0,0,0,1.0986122886681098,1.0986122886681098,9.918425424900335,0.0,8.819911648694132,TANK,Northeast,MATERIAL/WELD/EQUIP FAILURE
5,6,12,0.0,0,0,0,0.0,1.5282278570085572,11.841156694725576,0.7830802603036877,11.841156694725576,TANK,South,MATERIAL/WELD/EQUIP FAILURE
5,6,15,0.0,0,0,0,0.0,2.3978952727983707,12.130815551850676,0.9090909090909091,12.130815551850676,ABOVEGROUND,South,CORROSION
5,0,2,7.416666666666667,0,0,0,0.0,1.791759469228055,12.998168831875013,0.8333333333333334,12.998168831875013,TANK,South,NATURAL FORCE DAMAGE
5,0,6,0.0,0,0,0,0.0,3.6635616461296463,9.729193687429403,0.9743589743589743,9.729193687429403,ABOVEGROUND,South,INCORRECT OPERATION
5,1,12,69.26666666666667,0,0,0,0.1310282624064041,0.1310282624064041,10.043292972227004,0.0,9.912270796493958,ABOVEGROUND,Northeast,MATERIAL/WELD/EQUIP FAILURE
5,3,6,2.1666666666666665,0,0,0,0.0,0.09531017980432487,6.710523109452428,0.09090909090909091,6.710523109452428,ABOVEGROUND,South,MATERIAL/WELD/EQUIP FAILURE
5,4,0,84.38333333333334,0,0,0,4.61512051684126,6.2166061010848646,15.328437790281823,0.7984031936127745,10.713339299624852,UNDERGROUND,West,MATERIAL/WELD/EQUIP FAILURE
5,4,14,192.66666666666666,0,0,0,0.09531017980432487,0.09531017980432487,11.002133173982028,0.0,10.906824660787427,UNDERGROUND,South,MATERIAL/WELD/EQUIP FAILURE
5,5,7,0.0,0,0,0,0.0,0.18232155679395465,3.258096538021482,0.16666666666666669,3.258096538021482,UNDERGROUND,South,CORROSION
5,0,12,83.5,0,0,0,3.2188758248682006,3.2188758248682006,8.993551586299981,0.0,5.777652323222656,UNDERGROUND,South,CORROSION
5,0,19,1.9666666666666666,0,0,0,0.14842000511827327,0.14842000511827327,5.337538079701318,0.0,5.189887009645922,ABOVEGROUND,South,MATERIAL/WELD/EQUIP FAILURE
5,1,13,0.0,0,0,0,0.0,0.0,0.0,0.0,0.0,TANK,West,ALL OTHER CAUSES
5,2,7,0.0,0,0,0,0.18232155679395465,0.18232155679395465,5.303304908059076,0.0,5.121977881431629,UNDERGROUND,South,MATERIAL/WELD/EQUIP FAILURE
5,2,15,32.9,0,0,0,0.0,3.044522437723423,10.609081944147828,0.9523809523809523,10.609081944147828,ABOVEGROUND,South,MATERIAL/WELD/EQUIP FAILURE
5,2,17,24.5,0,0,0,0.0,3.258096538021482,11.504147047158646,0.9615384615384616,11.504147047158646,UNDERGROUND,South,CORROSION
5,2,19,19.483333333333334,0,0,0,0.0,0.3074846997479606,8.215006432761575,0.2647058823529412,8.215006432761575,ABOVEGROUND,Midwest,MATERIAL/WELD/EQUIP FAILURE
5,4,11,0.0,0,0,0,0.019802627296179712,0.019802627296179712,0.6931471805599453,0.0,0.6832948841169336,ABOVEGROUND,South,NATURAL FORCE DAMAGE
5,4,13,4.366666666666666,0,0,0,2.312535423847214,2.312535423847214,8.954673628956414,0.0,6.643312618521506,ABOVEGROUND,Northeast,MATERIAL/WELD/EQUIP FAILURE
5,0,18,0.0,0,0,0,1.9459101490553132,3.2188758248682006,11.102276946169908,0.72,9.15645726074074,TANK,Northeast,INCORRECT OPERATION
5,1,7,0.0,0,0,0,0.0,2.772588722239781,12.854549289590015,0.9375,12.854549289590015,UNDERGROUND,West,CORROSION
6,2,6,0.0,0,0,0,0.0,2.772588722239781,11.918397239722838,0.9375,11.918397239722838,ABOVEGROUND,West,MATERIAL/WELD/EQUIP FAILURE
6,2,11,0.0,0,0,0,0.0,1.0986122886681098,8.343077871169383,0.6666666666666666,8.343077871169383,TANK,Midwest,INCORRECT OPERATION
6,2,22,0.0,0,0,0,0.0,3.258096538021482,11.746027267898317,0.9615384615384616,11.746027267898317,ABOVEGROUND,South,MATERIAL/WELD/EQUIP FAILURE
6,3,9,4.5,0,0,0,0.25464221837358075,0.25464221837358075,2.9444389791664403,0.0,2.704944608544057,ABOVEGROUND,South,MATERIAL/WELD/EQUIP FAILURE
6,3,14,4.333333333333333,0,0,0,0.0,0.3920420877760237,10.129068131883756,0.32432432432432434,10.129068131883756,TANK,Midwest,INCORRECT OPERATION
6,3,16,0.0,0,0,0,1.0885619528146082,1.0885619528146082,11.951509374040207,0.0,10.862960126641784,UNDERGROUND,South,ALL OTHER CAUSES
6,4,1,4.0,0,0,0,0.0,0.30010459245033805,9.316680407747508,0.25925925925925924,9.316680407747508,ABOVEGROUND,South,INCORRECT OPERATION
6,4,12,51.416666666666664,0,0,0,0.0,5.638354669333745,14.16475869129258,0.99644128113879,14.16475869129258,UNDERGROUND,Midwest,OTHER OUTSIDE FORCE DAMAGE
6,0,7,15.0,0,0,0,1.791759469228055,5.303304908059076,12.14033874354285,0.9701492537313433,10.348605972520945,ABOVEGROUND,South,CORROSION
6,0,11,6.166666666666667,0,0,0,0.0,0.18232155679395465,6.923628628138427,0.16666666666666669,6.923628628138427,TANK,South,MATERIAL/WELD/EQUIP FAILURE
6,0,15,27.783333333333335,0,0,0,0.6931471805599453,0.6931471805599453,10.128509338862111,0.0,9.435402082446297,UNDERGROUND,South,CORROSION
6,1,7,0.0,0,0,0,0.0,0.4054651081081644,8.764521909518802,0.3333333333333333,8.764521909518802,ABOVEGROUND,Midwest,MATERIAL/WELD/EQUIP FAILURE
6,1,10,18.783333333333335,0,0,0,4.6709579265260945,6.1565551669735745,11.083833426230909,0.7736328952946163,6.414499123319509,UNDERGROUND,Midwest,EXCAVATION DAMAGE
6,1,12,0.0,0,0,0,0.009950330853168083,0.5364933705145685,7.664346632098617,0.4093567251461988,7.6544009938670055,ABOVEGROUND,South,CORROSION
6,3,13,0.0,0,0,0,0.0,0.3920420877760237,8.89918494333876,0.32432432432432434,8.89918494333876,ABOVEGROUND,West,MATERIAL/WELD/EQUIP FAILURE
6,4,8,0.0,0,0,0,1.0986122886681098,2.3978952727983707,10.199918739620157,0.7272727272727273,9.101380794867032,UNDERGROUND,West,CORROSION
6,5,13,0.0,0,0,0,1.0986122886681098,4.110873864173311,13.472500395607266,0.9508196721311475,12.37389092530135,ABOVEGROUND,South,CORROSION
6,6,14,0.0,0,0,0,0.0,0.11332868530700317,6.398594934535208,0.10714285714285712,6.398594934535208,TANK,West,MATERIAL/WELD/EQUIP FAILURE
6,0,18,0.0,0,0,0,0.0,0.2851789422336624,10.32551474894327,0.24812030075187969,10.32551474894327,UNDERGROUND,South,CORROSION
6,1,6,6.5,0,0,0,0.6931471805599453,1.0986122886681098,9.115040192121858,0.3333333333333333,8.422003004412488,ABOVEGROUND,South,MATERIAL/WELD/EQUIP FAILURE
6,1,14,189.5,0,0,0,0.0,1.6863989535702288,12.430862840382478,0.8148148148148149,12.430862840382478,UNDERGROUND,South,CORROSION
6,2,17,15.816666666666666,0,0,0,0.0,5.159055299214529,10.849356503939038,0.9942528735632183,10.849356503939038,UNDERGROUND,West,CORROSION
6,4,5,486.55,0,0,0,0.0,0.009950330853168083,11.737675724836684,0.009900990099009901,11.737675724836684,ABOVEGROUND,South,ALL OTHER CAUSES
6,6,20,0.0,0,0,0,0.0,2.772588722239781,10.54875665285161,0.9375,10.54875665285161,ABOVEGROUND,South,MATERIAL/WELD/EQUIP FAILURE
6,0,6,0.5,0,0,0,1.547562508716013,1.6486586255873816,8.612685172875459,0.09615384615384615,7.065795043043004,ABOVEGROUND,South,MATERIAL/WELD/EQUIP FAILURE
6,0,10,0.0,0,0,0,0.0,0.11332868530700317,6.054439346269371,0.10714285714285712,6.054439346269371,ABOVEGROUND,Midwest,MATERIAL/WELD/EQUIP FAILURE
6,0,15,0.0,0,0,0,0.0,0.10436001532424277,11.775528162548747,0.09909909909909909,11.775528162548747,UNDERGROUND,South,CORROSION
6,0,20,0.0,0,0,0,0.0,0.6931471805599453,9.90353755128617,0.5,9.90353755128617,ABOVEGROUND,South,CORROSION
6,2,9,190.5,0,0,0,0.5364933705145685,0.5364933705145685,12.079664394417284,0.0,11.54317505224054,UNDERGROUND,South,CORROSION
6,3,5,0.0,0,0,0,5.929589143389895,6.98100574072173,15.63320187161765,0.6505576208178439,9.703673626467062,ABOVEGROUND,West,ALL OTHER CAUSES
6,3,13,0.0,0,0,0,0.0,0.18232155679395465,10.308985993422082,0.16666666666666669,10.308985993422082,TANK,South,MATERIAL/WELD/EQUIP FAILURE
6,5,9,98.76666666666667,0,0,0,2.3978952727983707,2.3978952727983707,10.392067567354799,0.0,7.994478995984994,UNDERGROUND,Midwest,MATERIAL/WELD/EQUIP FAILURE
6,0,9,0.0,0,0,0,0.09531017980432487,0.09531017980432487,11.908690344280432,0.0,11.813380837640832,TANK,South,MATERIAL/WELD/EQUIP FAILURE
6,0,11,0.0,0,0,0,0.09531017980432487,0.09531017980432487,11.736085016156439,0.0,11.640775636338995,TANK,Midwest,MATERIAL/WELD/EQUIP FAILURE
7,4,9,52.6,0,0,0,2.302585092994046,4.875197323201151,14.599277846205464,0.9236641221374046,12.296696863343785,UNDERGROUND,South,NATURAL FORCE DAMAGE
7,5,6,0.0,0,0,0,0.0,5.407171771460119,10.667815210028436,0.9955156950672646,10.667815210028436,UNDERGROUND,South,CORROSION
7,1,15,0.0,0,0,0,0.0,0.22314355131420976,6.93828448401696,0.2,6.93828448401696,ABOVEGROUND,South,MATERIAL/WELD/EQUIP FAILURE
7,2,9,0.0,0,0,0,1.0986122886681098,1.3862943611198906,8.724369949208368,0.25,7.62608275807238,ABOVEGROUND,South,INCORRECT OPERATION
7,2,10,3.533333333333333,0,0,0,0.0,0.6931471805599453,10.742054552499475,0.5,10.742054552499475,UNDERGROUND,South,ALL OTHER CAUSES
7,2,18,29.766666666666666,0,0,0,0.11332868530700317,2.5687881337687024,12.95914067090184,0.9141762452107279,12.84581226814652,UNDERGROUND,South,MATERIAL/WELD/EQUIP FAILURE
7,1,12,0.0,0,0,0,1.8870696490323797,1.8870696490323797,11.241444771856456,0.0,9.354448586835925,UNDERGROUND,South,CORROSION
7,1,12,0.0,0,0,0,0.0,2.6539459421090092,11.467247951473576,0.9296270232230823,11.467247951473576,ABOVEGROUND,South,ALL OTHER CAUSES
7,2,18,0.9166666666666666,0,0,0,1.1878434223960523,1.1878434223960523,8.265907334155747,0.0,7.07865000893493,ABOVEGROUND,Midwest,MATERIAL/WELD/EQUIP FAILURE
7,2,21,0.0,0,0,0,4.411585436915426,4.411585436915426,8.122668023346407,0.0,3.7349497878980524,ABOVEGROUND,South,MATERIAL/WELD/EQUIP FAILURE
7,3,8,2.1666666666666665,0,0,0,0.0,0.7839015438284094,8.555259392222693,0.54337899543379,8.555259392222693,TANK,West,INCORRECT OPERATION
7,3,11,0.0,0,0,0,2.8853592160726205,2.8853592160726205,13.815511557963774,0.0,10.930169251731272,ABOVEGROUND,South,NATURAL FORCE DAMAGE
7,3,13,59.6,0,0,0,0.0,5.707110264748875,13.136816427074068,0.9966777408637874,13.136816427074068,UNDERGROUND,South,EXCAVATION DAMAGE
7,6,9,9.75,1,0,0,4.51085950651685,4.51085950651685,8.853808274977197,0.0,4.355722146787147,ABOVEGROUND,South,MATERIAL/WELD/EQUIP FAILURE
7,1,10,0.0,0,0,0,0.7419373447293773,0.7419373447293773,9.874676470682008,0.0,9.132795732007951,ABOVEGROUND,South,MATERIAL/WELD/EQUIP FAILURE
7,2,15,0.0,0,0,0,0.32208349916911333,0.32208349916911333,8.987696695703624,0.0,8.665660671669418,ABOVEGROUND,South,MATERIAL/WELD/EQUIP FAILURE
7,2,15,0.0,0,0,0,0.4054651081081644,0.4054651081081644,9.307920700315046,0.0,8.902500942652459,UNDERGROUND,South,CORROSION
7,4,6,0.0,0,0,0,0.0,2.3608540011180215,10.92541676143327,0.9056603773584906,10.92541676143327,UNDERGROUND,South,MATERIAL/WELD/EQUIP FAILURE
7,4,19,19.766666666666666,0,0,0,0.0,1.7509374747078,11.282014323889353,0.8263888888888888,11.282014323889353,ABOVEGROUND,Midwest,INCORRECT OPERATION
7,0,7,0.0,0,0,0,2.3978952727983707,3.9318256327243257,13.558546486174025,0.7843137254901961,11.16066414327877,TANK,South,CORROSION
7,0,12,0.0,0,0,0,0.0,1.0986122886681098,6.678342114654332,0.6666666666666666,6.678342114654332,ABOVEGROUND,South,MATERIAL/WELD/EQUIP FAILURE
7,1,9,34.1,0,0,0,0.0,0.6312717768418579,9.89762037425808,0.46808510638297873,9.89762037425808,ABOVEGROUND,South,MATERIAL/WELD/EQUIP FAILURE
7,1,13,0.0,0,0,0,0.0,0.11332868530700317,0.0,0.10714285714285712,0.0,ABOVEGROUND,South,ALL OTHER CAUSES
7,2,23,0.0,0,0,0,0.6931471805599453,0.6931471805599453,8.88751459738882,0.0,8.19450550976564,ABOVEGROUND,South,INCORRECT OPERATION
7,3,10,1.5,0,0,0,1.0986122886681098,2.70805020110221,7.0909098220799835,0.8,5.993961427306569,ABOVEGROUND,West,MATERIAL/WELD/EQUIP FAILURE
7,3,13,0.0,0,0,0,0.0,0.18232155679395465,8.855235623206967,0.16666666666666669,8.855235623206967,ABOVEGROUND,Midwest,MATERIAL/WELD/EQUIP FAILURE
7,3,14,3.25,0,0,0,0.0,0.6931471805599453,8.366602832783736,0.5,8.366602832783736,ABOVEGROUND,West,INCORRECT OPERATION
7,4,8,9.416666666666666,0,0,0,0.0,1.3862943611198906,9.549736900114642,0.75,9.549736900114642,ABOVEGROUND,West,INCORRECT OPERATION
7,4,23,2.716666666666667,0,0,0,1.9315214116032138,1.9315214116032138,7.696667081526462,0.0,5.7678226832509,ABOVEGROUND,South,MATERIAL/WELD/EQUIP FAILURE
7,5,13,0.0,0,0,0,0.0,2.3978952727983707,12.79635341977639,0.9090909090909091,12.79635341977639,UNDERGROUND,South,CORROSION
7,6,12,0.0,0,0,0,1.0986122886681098,1.0986122886681098,11.918177216986267,0.0,10.819578264407616,UNDERGROUND,South,EXCAVATION DAMAGE
8,0,17,71.08333333333333,0,0,0,3.258096538021482,3.258096538021482,11.345701365855424,0.0,8.087900288962272,UNDERGROUND,Midwest,INCORRECT OPERATION
8,1,3,0.0,0,0,0,0.0,1.6094379124341003,10.601149526063207,0.8,10.601149526063207,ABOVEGROUND,South,INCORRECT OPERATION
8,1,17,0.0,0,0,0,0.0,0.3074846997479606,10.505642716590316,0.2647058823529412,10.505642716590316,TANK,West,MATERIAL/WELD/EQUIP FAILURE
8,2,15,59.75,0,0,0,1.7698546338400052,1.7698546338400052,11.815870464087922,0.0,10.046051801355366,UNDERGROUND,South,CORROSION
8,4,8,0.0,0,0,0,0.0,0.2468600779315258,8.013343181386672,0.21875000000000003,8.013343181386672,ABOVEGROUND,West,MATERIAL/WELD/EQUIP FAILURE
8,4,15,0.0,0,0,0,1.6094379124341003,2.3978952727983707,9.62648162008158,0.5454545454545454,8.017307507688582,ABOVEGROUND,South,INCORRECT OPERATION
8,4,16,0.0,0,0,0,0.16551443847757338,0.16551443847757338,9.306650052113591,0.0,9.141151960791477,TANK,South,ALL OTHER CAUSES
8,4,17,0.0,0,0,0,0.0,0.3074846997479606,7.016609683894219,0.2647058823529412,7.016609683894219,ABOVEGROUND,South,MATERIAL/WELD/EQUIP FAILURE
8,5,13,4.5,0,0,0,0.0,0.6931471805599453,10.515858423068785,0.5,10.515858423068785,UNDERGROUND,South,ALL OTHER CAUSES
8,0,6,0.0,0,0,0,5.303304908059076,6.55250788703459,12.45936123498307,0.7132667617689016,7.156832269636283,TANK,South,MATERIAL/WELD/EQUIP FAILURE
8,0,6,50.53333333333333,0,0,0,0.0,5.5254529391317835,11.921964180131683,0.9960159362549801,11.921964180131683,UNDERGROUND,West,CORROSION
8,1,9,0.0,0,0,0,0.0,1.0986122886681098,8.352554369474591,0.6666666666666666,8.352554369474591,UNDERGROUND,Midwest,CORROSION
8,1,13,369.18333333333334,0,0,0,5.318119993844216,5.318119993844216,12.85223565513276,0.0,7.534647433372564,UNDERGROUND,South,CORROSION
8,1,14,0.0,0,0,0,0.0,0.4700036292457355,10.167043414461599,0.37499999999999994,10.167043414461599,UNDERGROUND,South,ALL OTHER CAUSES
8,1,18,0.6333333333333333,0,0,0,1.9671123567059163,1.9671123567059163,7.824445930877619,0.0,5.8597895721315725,ABOVEGROUND,South,MATERIAL/WELD/EQUIP FAILURE
8,2,8,0.0,0,0,0,0.4054651081081644,1.6094379124341003,10.646043753353617,0.7,10.240590542571528,ABOVEGROUND,South,INCORRECT OPERATION
8,2,9,172.75,0,0,0,0.0,5.69035945432406,13.122365377402328,0.9966216216216216,13.122365377402328,UNDERGROUND,West,ALL OTHER CAUSES
8,2,12,0.0,0,0,0,2.8903717578961645,2.8903717578961645,6.846943139585379,0.0,3.974476020074696,ABOVEGROUND,South,MATERIAL/WELD/EQUIP FAILURE
8,4,11,0.0,0,0,0,1.6863989535702288,3.9740583963475986,15.286950201835822,0.8984962406015037,13.60055225848182,TANK,South,NATURAL FORCE DAMAGE
8,5,2,3.9166666666666665,0,0,0,0.0,2.3978952727983707,9.259225769705994,0.9090909090909091,9.259225769705994,ABOVEGROUND,West,MATERIAL/WELD/EQUIP FAILURE
8,5,4,0.0,0,0,0,4.04305126783455,4.04305126783455,7.972810784121404,0.0,3.9488792520179268,ABOVEGROUND,South,MATERIAL/WELD/EQUIP FAILURE
8,5,7,28.916666666666668,0,0,0,0.0,0.2151113796169455,9.210440366976517,0.1935483870967742,9.210440366976517,TANK,South,NATURAL FORCE DAMAGE
8,5,10,102.08333333333333,0,0,0,0.6931471805599453,4.28771595520264,13.527829818844937,0.9725274725274725,12.834683971615659,UNDERGROUND,South,MATERIAL/WELD/EQUIP FAILURE
8,5,17,3.216666666666667,0,0,0,0.0,3.9365204770285334,8.12651816878071,0.9804839968774395,8.12651816878071,ABOVEGROUND,West,MATERIAL/WELD/EQUIP FAILURE
8,6,2,0.0,0,0,0,0.0,0.5247285289349821,9.347490210123416,0.40828402366863903,9.347490210123416,ABOVEGROUND,West,INCORRECT OPERATION
8,0,9,0.0,0,0,0,0.5306282510621704,0.5306282510621704,5.860786223465865,0.0,5.3321502884177665,ABOVEGROUND,South,MATERIAL/WELD/EQUIP FAILURE
8,0,16,0.0,0,0,0,0.0,2.772588722239781,10.12667110305036,0.9375,10.12667110305036,UNDERGROUND,South,MATERIAL/WELD/EQUIP FAILURE
8,0,22,10.283333333333333,0,0,0,2.0681277817795625,2.0681277817795625,8.57376254290413,0.0,6.506939900365694,ABOVEGROUND,South,MATERIAL/WELD/EQUIP FAILURE
8,1,4,0.0,0,0,0,1.6863989535702288,1.6863989535702288,6.68586094706836,0.0,5.004940094847125,ABOVEGROUND,South,MATERIAL/WELD/EQUIP FAILURE
8,1,20,3.8833333333333333,0,0,0,1.791759469228055,1.791759469228055,9.57851889529833,0.0,7.7871053630440095,ABOVEGROUND,Northeast,MATERIAL/WELD/EQUIP FAILURE
8,2,7,73.96666666666667,0,0,0,1.0986122886681098,3.044522437723423,10.847412906506923,0.8571428571428571,9.748839526830688,ABOVEGROUND,South,NATURAL FORCE DAMAGE
8,2,7,7.833333333333333,0,0,0,0.636576829071551,1.0260415958332743,10.464445296788119,0.3225806451612903,9.827893861864416,ABOVEGROUND,West,MATERIAL/WELD/EQUIP FAILURE
8,3,11,0.0,0,0,0,0.0,0.5247285289349821,12.095370108874212,0.40828402366863903,12.095370108874212,TANK,South,MATERIAL/WELD/EQUIP FAILURE
8,4,11,20.75,0,0,0,0.0,0.0,8.517393171418904,0.0,8.517393171418904,ABOVEGROUND,West,ALL OTHER CAUSES
8,0,2,0.0,0,0,0,0.04879016416943201,0.04879016416943201,9.040263541598666,0.0,8.99147930439128,ABOVEGROUND,Northeast,MATERIAL/WELD/EQUIP FAILURE
8,1,18,0.0,0,0,0,0.0,0.2151113796169455,13.81564954830467,0.1935483870967742,13.81564954830467,UNDERGROUND,South,ALL OTHER CAUSES
8,1,19,0.0,0,0,0,0.09531017980432487,0.09531017980432487,0.0,0.0,0.0,UNDERGROUND,South,ALL OTHER CAUSES
8,2,21,0.5,0,0,0,0.0,0.5877866649021191,5.420534999272286,0.4444444444444445,5.420534999272286,ABOVEGROUND,South,MATERIAL/WELD/EQUIP FAILURE
8,3,6,0.0,0,0,0,0.0,1.3862943611198906,8.18088094199639,0.75,8.18088094199639,TANK,South,MATERIAL/WELD/EQUIP FAILURE
8,3,10,0.0,0,0,0,0.0,0.3852624007906449,9.712448105122451,0.31972789115646255,9.712448105122451,TANK,South,MATERIAL/WELD/EQUIP FAILURE
8,3,15,0.0,0,0,0,0.0,3.828641396489095,10.714439990727769,0.9782608695652174,10.714439990727769,ABOVEGROUND,South,MATERIAL/WELD/EQUIP FAILURE
8,4,7,0.0,0,0,0,0.0,1.6094379124341003,10.740323737069875,0.8,10.740323737069875,UNDERGROUND,South,CORROSION
8,0,10,0.0,0,0,0,0.0,1.252762968495368,8.748463629942055,0.7142857142857143,8.748463629942055,TANK,South,INCORRECT OPERATION
8,1,7,6.75,0,0,0,0.0,0.18232155679395465,10.001113231320568,0.16666666666666669,10.001113231320568,ABOVEGROUND,Midwest,INCORRECT OPERATION
8,1,13,4.0,0,0,0,1.3862943611198906,1.3862943611198906,8.724369949208368,0.0,7.338563194762097,ABOVEGROUND,South,CORROSION
8,1,16,0.0,0,0,0,2.1041341542702074,2.1041341542702074,5.993961427306569,0.0,3.907623096105537,ABOVEGROUND,South,MATERIAL/WELD/EQUIP FAILURE
8,2,16,0.0,0,0,0,1.247032293786383,1.247032293786383,0.0,0.0,0.0,ABOVEGROUND,South,NATURAL FORCE DAMAGE
9,0,8,289.93333333333334,0,0,0,0.0,5.081404364984463,15.752914776803111,0.9937888198757764,15.752914776803111,UNDERGROUND,South,OTHER OUTSIDE FORCE DAMAGE
9,0,13,0.0,0,0,0,0.0,3.044522437723423,10.72046610728666,0.9523809523809523,10.72046610728666,TANK,South,MATERIAL/WELD/EQUIP FAILURE
9,0,13,2.25,0,0,0,0.0,2.833213344056216,10.94024216782542,0.9411764705882353,10.94024216782542,ABOVEGROUND,South,MATERIAL/WELD/EQUIP FAILURE
9,1,8,0.0,0,0,0,0.0,0.0295588022415444,13.276113977210247,0.029126213592233007,13.276113977210247,TANK,South,CORROSION
9,1,11,4.033333333333333,0,0,0,0.0,2.995732273553991,10.838246688693326,0.95,10.838246688693326,UNDERGROUND,South,ALL OTHER CAUSES
9,1,15,2032.75,0,0,0,0.019802627296179712,0.019802627296179712,12.628070334272698,0.0,12.608267772550072,TANK,Northeast,CORROSION
9,2,12,0.0,0,0,0,0.0,1.3862943611198906,8.568076401730806,0.75,8.568076401730806,ABOVEGROUND,South,INCORRECT OPERATION
9,3,2,34.0,0,0,0,0.0,4.110873864173311,9.617537312929105,0.9836065573770492,9.617537312929105,ABOVEGROUND,South,CORROSION
9,4,11,294.01666666666665,0,0,0,8.567886305731756,8.905308661189288,18.00870558638091,0.28639261972595303,9.44089867771761,UNDERGROUND,South,ALL OTHER CAUSES
9,5,17,306.48333333333335,0,0,0,8.859505484519133,9.059633754551479,14.585822925487838,0.18137425880711544,5.729570737219995,UNDERGROUND,South,CORROSION
9,6,19,83.75,0,0,0,5.017279836814924,5.1298987149230735,11.628448170225694,0.10650887573964497,6.6125037918049525,ABOVEGROUND,South,MATERIAL/WELD/EQUIP FAILURE
9,3,12,44.1,0,0,0,0.0,1.7047480922384253,9.305104948420606,0.8181818181818182,9.305104948420606,TANK,West,MATERIAL/WELD/EQUIP FAILURE
9,4,14,5.683333333333334,0,0,0,0.0,1.6094379124341003,10.008027731810053,0.8,10.008027731810053,ABOVEGROUND,Midwest,MATERIAL/WELD/EQUIP FAILURE
9,5,6,0.0,0,0,0,0.5306282510621704,0.5306282510621704,8.346642090221199,0.0,7.816179859532481,UNDERGROUND,West,MATERIAL/WELD/EQUIP FAILURE
9,6,13,0.0,0,0,0,0.33647223662121295,0.33647223662121295,7.919719760924575,0.0,7.583392915405683,ABOVEGROUND,South,MATERIAL/WELD/EQUIP FAILURE
9,0,7,53.56666666666667,0,0,0,0.0,3.1354942159291497,10.130662964963708,0.9565217391304348,10.130662964963708,UNDERGROUND,South,MATERIAL/WELD/EQUIP FAILURE
9,1,0,55.233333333333334,0,0,0,0.0,0.4700036292457355,9.801510196423664,0.37499999999999994,9.801510196423664,UNDERGROUND,South,MATERIAL/WELD/EQUIP FAILURE
9,1,15,6.866666666666666,0,0,0,0.0,0.7275486072772778,9.670104253491726,0.5169082125603864,9.670104253491726,UNDERGROUND,South,MATERIAL/WELD/EQUIP FAILURE
9,3,8,8.05,0,0,0,0.0,0.6931471805599453,9.71571114505921,0.5,9.71571114505921,ABOVEGROUND,Midwest,MATERIAL/WELD/EQUIP FAILURE
9,3,9,0.0,0,0,0,0.0,0.2151113796169455,9.852246888342531,0.1935483870967742,9.852246888342531,TANK,South,MATERIAL/WELD/EQUIP FAILURE
9,3,10,5.566666666666666,0,0,0,7.097548850614793,7.097548850614793,9.668903811079362,0.0,2.64494801582921,ABOVEGROUND,South,OTHER OUTSIDE FORCE DAMAGE
9,3,12,49.86666666666667,0,0,0,0.09531017980432487,1.791759469228055,11.570259974415547,0.8166666666666668,11.474950738888923,UNDERGROUND,South,CORROSION
9,4,13,0.0,0,0,0,0.32208349916911333,1.2178757094949273,12.612540583969206,0.591715976331361,12.290458350196344,UNDERGROUND,Midwest,CORROSION
9,5,9,126.66666666666667,0,0,0,0.0,1.791759469228055,9.999070422429858,0.8333333333333334,9.999070422429858,UNDERGROUND,South,CORROSION
9,6,20,0.0,0,0,0,0.4054651081081644,0.4054651081081644,6.311734809152915,0.0,5.907176730585393,ABOVEGROUND,South,MATERIAL/WELD/EQUIP FAILURE
9,0,10,4.516666666666667,0,0,0,0.0,1.6094379124341003,10.823790225800138,0.8,10.823790225800138,UNDERGROUND,South,ALL OTHER CAUSES
9,1,9,0.0,0,0,0,0.0,0.27002713721306015,8.894258825002703,0.23664122137404578,8.894258825002703,UNDERGROUND,South,MATERIAL/WELD/EQUIP FAILURE
9,2,14,3.0,0,0,0,0.0,0.18232155679395465,6.825460036255307,0.16666666666666669,6.825460036255307,UNDERGROUND,West,MATERIAL/WELD/EQUIP FAILURE
9,3,6,0.0,0,0,0,0.6418538861723948,1.791759469228055,10.85997928615443,0.6833333333333332,10.21814269056664,ABOVEGROUND,South,INCORRECT OPERATION
9,3,13,285.8666666666667,0,0,0,1.9878743481543455,1.9878743481543455,10.443221281449327,0.0,8.45553053102413,ABOVEGROUND,South,INCORRECT OPERATION
9,4,17,0.0,0,0,0,0.0,1.791759469228055,10.315961375454851,0.8333333333333334,10.315961375454851,TANK,South,MATERIAL/WELD/EQUIP FAILURE
10,5,5,2.8333333333333335,0,0,0,0.0,0.7839015438284094,9.314790473332646,0.54337899543379,9.314790473332646,ABOVEGROUND,Northeast,MATERIAL/WELD/EQUIP FAILURE
10,6,8,2.8,0,0,0,0.0,0.7178397931503169,8.029107054619736,0.5121951219512195,8.029107054619736,ABOVEGROUND,South,MATERIAL/WELD/EQUIP FAILURE
10,6,12,0.0,0,0,0,0.0,2.460443177609626,10.859806363863356,0.9146029035012809,10.859806363863356,UNDERGROUND,Midwest,MATERIAL/WELD/EQUIP FAILURE
10,6,19,0.0,0,0,0,0.0,0.4054651081081644,8.167919362957816,0.3333333333333333,8.167919362957816,ABOVEGROUND,South,ALL OTHER CAUSES
10,0,8,0.0,0,0,0,1.5040773967762742,2.5257286443082556,8.18088094199639,0.64,6.677782908712176,ABOVEGROUND,South,MATERIAL/WELD/EQUIP FAILURE
10,0,18,0.0,0,0,0,0.0,0.009950330853168083,3.044522437723423,0.009900990099009901,3.044522437723423,TANK,South,ALL OTHER CAUSES
10,2,9,0.0,0,0,0,0.8671004876833833,0.9162907318741551,10.596659732783579,0.048,9.729593743642635,UNDERGROUND,South,MATERIAL/WELD/EQUIP FAILURE
10,3,19,128.96666666666667,0,0,0,0.11332868530700317,0.11332868530700317,13.219143385572425,0.0,13.105814918126761,UNDERGROUND,South,CORROSION
10,4,17,0.0,0,0,0,0.0,0.0,0.0,0.0,0.0,ABOVEGROUND,South,ALL OTHER CAUSES
10,1,0,0.0,0,0,0,1.9315214116032138,2.186051276738094,12.07682349955715,0.2247191011235955,10.145335657611977,TANK,South,INCORRECT OPERATION
10,1,13,0.0,0,0,0,0.0,0.26236426446749106,8.167919362957816,0.23076923076923075,8.167919362957816,ABOVEGROUND,South,MATERIAL/WELD/EQUIP FAILURE
10,2,8,0.0,0,0,0,0.0,0.4700036292457355,7.00397413672268,0.37499999999999994,7.00397413672268,ABOVEGROUND,Northeast,MATERIAL/WELD/EQUIP FAILURE
10,2,15,7.35,0,0,0,0.0,6.3561076606958915,11.474423693316561,0.9982638888888888,11.474423693316561,ABOVEGROUND,West,MATERIAL/WELD/EQUIP FAILURE
10,3,10,9.0,0,0,0,0.9477893989335261,0.9477893989335261,5.303304908059076,0.0,4.363345471325125,ABOVEGROUND,West,MATERIAL/WELD/EQUIP FAILURE
10,5,11,6.45,0,0,0,0.0,1.9459101490553132,7.983098940710892,0.8571428571428571,7.983098940710892,ABOVEGROUND,Midwest,MATERIAL/WELD/EQUIP FAILURE
10,6,15,0.0,0,0,0,0.4054651081081644,1.0986122886681098,6.775366090936392,0.5,6.370471596253125,ABOVEGROUND,West,CORROSION
10,0,12,0.0,0,0,0,0.0,0.0,0.0,0.0,0.0,ABOVEGROUND,South,ALL OTHER CAUSES
10,0,14,0.0,0,0,0,0.0,0.6931471805599453,9.825850282808975,0.5,9.825850282808975,UNDERGROUND,South,ALL OTHER CAUSES
10,0,17,10.083333333333334,0,0,0,0.0,0.6205764877251099,11.012924377287385,0.4623655913978495,11.012924377287385,ABOVEGROUND,South,MATERIAL/WELD/EQUIP FAILURE
10,0,21,690.0666666666667,1,1,1,7.329093736246592,7.858640655620791,14.828970104945908,0.41112828438948995,7.500429005759114,UNDERGROUND,Midwest,ALL OTHER CAUSES
10,0,21,104.43333333333334,0,0,0,0.0,3.713572066704308,13.40662310029283,0.975609756097561,13.40662310029283,UNDERGROUND,Midwest,ALL OTHER CAUSES
10,1,7,82.48333333333333,0,0,0,1.247032293786383,1.4996230464268938,13.096526460347262,0.2232142857142857,11.8494992563689,ABOVEGROUND,South,INCORRECT OPERATION
10,3,6,0.0,0,0,0,6.476972362889683,6.476972362889683,9.749753452594087,0.0,3.30992519203707,ABOVEGROUND,South,MATERIAL/WELD/EQUIP FAILURE
10,3,9,0.0,0,0,0,0.0,0.13976194237515868,9.715530144123544,0.13043478260869565,9.715530144123544,ABOVEGROUND,Midwest,MATERIAL/WELD/EQUIP FAILURE
10,4,3,545.25,1,0,0,7.122059881629142,7.122059881629142,14.756465414218138,0.0,7.634888551631208,UNDERGROUND,Northeast,OTHER OUTSIDE FORCE DAMAGE
10,6,21,184.6,0,0,0,5.6240175061873385,8.93642970360832,10.021315031649332,0.9635718043135192,4.4094890276725245,UNDERGROUND,South,EXCAVATION DAMAGE
10,2,10,23.166666666666668,0,0,0,0.0,0.7884573603642702,8.30671904320269,0.5454545454545454,8.30671904320269,ABOVEGROUND,Midwest,MATERIAL/WELD/EQUIP FAILURE
10,3,14,1.0,0,0,0,0.0,0.5364933705145685,9.220389707829185,0.4152046783625731,9.220389707829185,ABOVEGROUND,Midwest,INCORRECT OPERATION
10,4,17,0.0,0,0,0,0.0,0.18232155679395465,8.050065422915965,0.16666666666666669,8.050065422915965,ABOVEGROUND,Northeast,INCORRECT OPERATION
10,5,5,0.0,0,0,0,0.08617769624105233,0.31481073984003355,7.609862200913554,0.20437956204379562,7.523729102290501,UNDERGROUND,South,CORROSION
10,5,21,50.31666666666667,0,0,0,3.58351893845611,7.45182223652793,14.854900303943474,0.9791062100986652,11.271393743876324,ABOVEGROUND,Midwest,INCORRECT OPERATION
10,0,11,0.0,0,0,0,0.0,1.3402504226184837,8.527341522468053,0.7382198952879581,8.527341522468053,ABOVEGROUND,South,MATERIAL/WELD/EQUIP FAILURE
10,0,14,134.75,0,1,1,8.399647627561194,8.399647627561194,0.0,0.0,0.0,UNDERGROUND,South,ALL OTHER CAUSES
11,1,10,6.0,0,0,0,0.0,1.0986122886681098,7.170888478512505,0.6666666666666666,7.170888478512505,ABOVEGROUND,South,CORROSION
11,1,13,23.1,0,0,0,0.0,0.9162907318741551,10.642444269127367,0.6,10.642444269127367,UNDERGROUND,South,CORROSION
11,2,5,2.9166666666666665,0,0,0,0.1310282624064041,0.1310282624064041,4.61512051684126,0.0,4.485477433245433,ABOVEGROUND,South,MATERIAL/WELD/EQUIP FAILURE
11,2,15,0.0,0,0,0,0.0,0.019802627296179712,11.002116507732017,0.0196078431372549,11.002116507732017,TANK,South,ALL OTHER CAUSES
11,2,16,5.416666666666667,0,0,0,0.0,0.23901690047049992,8.349011198176003,0.2125984251968504,8.349011198176003,ABOVEGROUND,West,MATERIAL/WELD/EQUIP FAILURE
11,3,19,0.0,0,0,0,0.5364933705145685,0.5364933705145685,11.199323694032696,0.0,10.6628400387184,ABOVEGROUND,West,OTHER OUTSIDE FORCE DAMAGE
11,4,6,0.0,0,0,0,0.0,0.04879016416943201,11.002116507732017,0.047619047619047616,11.002116507732017,ABOVEGROUND,Northeast,ALL OTHER CAUSES
11,6,17,46.833333333333336,0,0,0,0.0,1.0986122886681098,9.483796737163981,0.6666666666666666,9.483796737163981,UNDERGROUND,South,CORROSION
11,6,18,0.0,0,0,0,0.0,0.4054651081081644,7.8343923029104365,0.3333333333333333,7.8343923029104365,ABOVEGROUND,South,MATERIAL/WELD/EQUIP FAILURE
11,0,6,0.0,0,0,0,0.0,1.6094379124341003,10.05065677575275,0.8,10.05065677575275,TANK,South,MATERIAL/WELD/EQUIP FAILURE
11,1,9,4.3,0,0,0,0.0,0.18232155679395465,8.560444233410552,0.16666666666666669,8.560444233410552,UNDERGROUND,South,ALL OTHER CAUSES
11,1,15,112.86666666666666,1,0,0,7.507141079727608,7.507141079727608,12.450159349964238,0.0,4.950122097519721,UNDERGROUND,Northeast,EXCAVATION DAMAGE
11,4,19,0.0,0,0,0,0.0,2.0794415416798357,10.657282884047461,0.875,10.657282884047461,ABOVEGROUND,South,MATERIAL/WELD/EQUIP FAILURE
11,5,10,72.91666666666667,0,0,0,4.47688216568656,6.4888553261476,14.513645777547573,0.8662754458245283,10.036806874585235,UNDERGROUND,Midwest,MATERIAL/WELD/EQUIP FAILURE
11,1,13,8.45,0,0,0,0.0,1.3862943611198906,11.28129601000572,0.75,11.28129601000572,ABOVEGROUND,Midwest,MATERIAL/WELD/EQUIP FAILURE
11,1,16,0.0,0,0,0,0.09531017980432487,0.09531017980432487,11.757822680246663,0.0,11.662513283227025,UNDERGROUND,Midwest,MATERIAL/WELD/EQUIP FAILURE
11,2,11,3.25,0,0,0,0.0,0.8754687373538999,7.667158255319148,0.5833333333333334,7.667158255319148,ABOVEGROUND,West,MATERIAL/WELD/EQUIP FAILURE
11,2,11,4.7,0,0,0,3.4657359027997265,4.290459441148391,9.321792297270326,0.5616438356164384,5.858825613266479,ABOVEGROUND,Midwest,MATERIAL/WELD/EQUIP FAILURE
11,2,13,0.0,0,0,0,1.6486586255873816,1.6486586255873816,9.312896960301275,0.0,7.6646173242601225,UNDERGROUND,South,MATERIAL/WELD/EQUIP FAILURE
11,5,8,0.0,0,0,0,1.791759469228055,1.791759469228055,7.99699040583765,0.0,6.206911891787722,TANK,Northeast,ALL OTHER CAUSES
11,6,16,0.0,0,0,0,0.09531017980432487,0.33647223662121295,5.638354669333745,0.2142857142857143,5.543400298108161,TANK,Midwest,MATERIAL/WELD/EQUIP FAILURE
11,0,3,34.166666666666664,0,0,0,0.0,1.791759469228055,10.10748905832197,0.8333333333333334,10.10748905832197,ABOVEGROUND,South,MATERIAL/WELD/EQUIP FAILURE
11,0,19,0.0,0,0,0,0.32208349916911333,0.32208349916911333,8.517593111437565,0.0,8.195585578995061,ABOVEGROUND,South,MATERIAL/WELD/EQUIP FAILURE
11,3,5,4.75,0,0,0,0.0,3.258096538021482,10.17545936253226,0.9615384615384616,10.17545936253226,UNDERGROUND,South,CORROSION
11,0,10,0.0,0,0,0,0.0,0.12221763272424921,8.00836557031292,0.11504424778761063,8.00836557031292,ABOVEGROUND,South,MATERIAL/WELD/EQUIP FAILURE
11,1,7,14.0,0,0,0,1.091923300517313,1.091923300517313,7.650168700845001,0.0,6.559187364916674,ABOVEGROUND,South,MATERIAL/WELD/EQUIP FAILURE
11,1,10,61.666666666666664,0,0,0,0.0,3.044522437723423,13.586098651497313,0.9523809523809523,13.586098651497313,UNDERGROUND,West,CORROSION
11,1,18,186.46666666666667,0,0,0,8.517393171418904,8.517393171418904,0.0,0.0,0.0,UNDERGROUND,Midwest,ALL OTHER CAUSES
11,2,5,4.35,0,0,0,0.09531017980432487,1.8082887711792655,10.825780236605917,0.819672131147541,10.730472044831663,ABOVEGROUND,South,MATERIAL/WELD/EQUIP FAILURE
12,3,3,6.116666666666666,0,0,0,0.09531017980432487,0.18232155679395465,8.519989278718239,0.08333333333333334,8.424699042871394,ABOVEGROUND,South,MATERIAL/WELD/EQUIP FAILURE
12,3,3,2.216666666666667,0,0,0,0.2151113796169455,0.2151113796169455,3.9512437185814275,0.0,3.74073710535123,ABOVEGROUND,West,ALL OTHER CAUSES
12,3,10,0.0,0,0,0,0.0,6.2166061010848646,13.939497421137101,0.998003992015968,13.939497421137101,ABOVEGROUND,South,MATERIAL/WELD/EQUIP FAILURE
12,4,5,8.383333333333333,0,0,0,0.33647223662121295,0.33647223662121295,8.01532730902172,0.0,7.678987207707252,ABOVEGROUND,South,MATERIAL/WELD/EQUIP FAILURE
12,4,6,7.383333333333334,0,0,0,0.6931471805599453,5.2574953720277815,8.939974177289633,0.9895833333333334,8.246958032568177,TRANSITION AREA,West,NATURAL FORCE DAMAGE
12,4,15,0.0,0,0,0,0.0,0.09531017980432487,11.952772675937522,0.09090909090909091,11.952772675937522,ABOVEGROUND,Midwest,MATERIAL/WELD/EQUIP FAILURE
12,0,10,0.0,0,0,0,7.246368080102461,8.343077871169383,0.0,0.6660318971673411,0.0,UNDERGROUND,Midwest,ALL OTHER CAUSES
12,1,17,0.0,0,0,0,0.0,0.1988508587451652,5.3612921657094255,0.18032786885245902,5.3612921657094255,ABOVEGROUND,South,INCORRECT OPERATION
12,2,5,5.116666666666666,0,0,0,3.5263605246161616,3.5263605246161616,6.833031732786201,0.0,3.341613884354131,ABOVEGROUND,South,MATERIAL/WELD/EQUIP FAILURE
12,4,19,127.45,0,0,0,2.312535423847214,3.55820113047182,13.125560261919276,0.7122507122507122,10.813042979817105,UNDERGROUND,South,ALL OTHER CAUSES
12,5,19,4.25,0,0,0,0.0,2.517696472610991,9.305741456739435,0.9193548387096774,9.305741456739435,ABOVEGROUND,South,INCORRECT OPERATION
12,5,22,1.8833333333333333,0,0,0,2.772588722239781,2.772588722239781,9.225327501784431,0.0,6.454215375767067,ABOVEGROUND,West,MATERIAL/WELD/EQUIP FAILURE
12,6,1,0.0,0,0,0,0.0,1.791759469228055,8.216358332386156,0.8333333333333334,8.216358332386156,ABOVEGROUND,South,INCORRECT OPERATION
12,0,16,0.0,0,0,0,1.1314021114911006,1.1314021114911006,6.957497370876951,0.0,5.828091362895451,ABOVEGROUND,South,INCORRECT OPERATION
12,1,9,9.466666666666667,0,0,0,1.6409365794934714,1.6409365794934714,7.685243607975833,0.0,6.046216968091832,ABOVEGROUND,South,MATERIAL/WELD/EQUIP FAILURE
12,2,0,58.96666666666667,0,0,0,0.0,0.0,12.786109916849886,0.0,12.786109916849886,UNDERGROUND,South,EXCAVATION DAMAGE
12,2,8,0.0,0,0,0,3.58351893845611,4.110873864173311,10.757924157061597,0.4098360655737705,7.175149606487197,ABOVEGROUND,South,INCORRECT OPERATION
12,2,15,0.0,0,0,0,0.0,1.0986122886681098,9.091669442258505,0.6666666666666666,9.091669442258505,UNDERGROUND,South,ALL OTHER CAUSES
12,3,13,0.0,0,0,0,3.828641396489095,5.017279836814924,12.62066596446521,0.695364238410596,8.792173193929452,TANK,Midwest,NATURAL FORCE DAMAGE
12,5,6,0.0,0,0,0,0.0,0.7839015438284094,11.676752039127939,0.54337899543379,11.676752039127939,TANK,Northeast,MATERIAL/WELD/EQUIP FAILURE
12,0,6,0.0,0,0,0,0.0,0.1988508587451652,7.606387389772652,0.18032786885245902,7.606387389772652,ABOVEGROUND,South,MATERIAL/WELD/EQUIP FAILURE
12,0,13,0.0,0,0,0,3.4339872044851463,3.4339872044851463,9.680406499268875,0.0,6.2482924222045275,ABOVEGROUND,South,NATURAL FORCE DAMAGE
12,0,14,0.0,0,0,0,0.0,1.791759469228055,9.63194126199375,0.8333333333333334,9.63194126199375,UNDERGROUND,South,ALL OTHER CAUSES
12,0,14,434.51666666666665,0,0,0,0.0,0.11332868530700317,11.93216197716231,0.10714285714285712,11.93216197716231,ABOVEGROUND,South,MATERIAL/WELD/EQUIP FAILURE
12,1,16,0.0,0,0,0,0.0,4.330733340286331,9.839002363309719,0.9868421052631579,9.839002363309719,UNDERGROUND,South,ALL OTHER CAUSES
12,2,11,18.5,0,0,0,0.0,0.9932517730102833,11.098046182251446,0.6296296296296295,11.098046182251446,ABOVEGROUND,Midwest,MATERIAL/WELD/EQUIP FAILURE
12,3,21,4.55,0,0,0,0.0,2.6026896854443837,10.758923636139793,0.9259259259259259,10.758923636139793,ABOVEGROUND,Midwest,MATERIAL/WELD/EQUIP FAILURE
12,4,15,0.0,0,0,0,0.0,1.3862943611198906,11.08331109662906,0.75,11.08331109662906,ABOVEGROUND,South,ALL OTHER CAUSES
12,5,9,0.0,0,0,0,0.0,5.313205979041787,12.462693525216748,0.9950738916256158,12.462693525216748,ABOVEGROUND,South,MATERIAL/WELD/EQUIP FAILURE
12,0,7,2.6666666666666665,0,0,0,0.6931471805599453,1.3862943611198906,9.481969279105716,0.5,8.788898309344878,ABOVEGROUND,South,CORROSION
12,1,8,7.283333333333333,0,0,0,0.0,0.22314355131420976,11.018891403844075,0.2,11.018891403844075,ABOVEGROUND,Midwest,MATERIAL/WELD/EQUIP FAILURE
12,2,16,0.0,0,0,0,6.364750756851911,6.364750756851911,11.565527402710426,0.0,5.206264354892919,UNDERGROUND,South,ALL OTHER CAUSES
12,3,6,0.0,0,0,0,0.0,0.6931471805599453,9.619199713152362,0.5,9.619199713152362,TANK,South,MATERIAL/WELD/EQUIP FAILURE
1,1,10,0.0,0,0,0,0.0,0.18232155679395465,10.631736397681422,0.16666666666666669,10.631736397681422,UNDERGROUND,Northeast,ALL OTHER CAUSES
1,0,7,0.0,0,0,0,0.0,1.6094379124341003,10.732061203925053,0.8,10.732061203925053,ABOVEGROUND,South,INCORRECT OPERATION
